{
    "Not Affected": {
        "precision": 0.9711862030286035,
        "recall": 0.6687424571566498,
        "f1-score": 0.7920752451470883,
        "support": 20715.0
    },
    "Affected": {
        "precision": 0.04389020482095583,
        "recall": 0.43388429752066116,
        "f1-score": 0.07971656333038087,
        "support": 726.0
    },
    "accuracy": 0.6607900750897813,
    "macro avg": {
        "precision": 0.5075382039247797,
        "recall": 0.5513133773386555,
        "f1-score": 0.4358959042387346,
        "support": 21441.0
    },
    "weighted avg": {
        "precision": 0.9397876257841301,
        "recall": 0.6607900750897814,
        "f1-score": 0.7679545230259683,
        "support": 21441.0
    },
    "Accuracy": 0.6607900750897813,
    "F1 - Avg. Macro": 0.4358959042387346,
    "F1 - Positives": 0.07971656333038087
}