{
    "Not Affected": {
        "precision": 0.9695431472081218,
        "recall": 0.9128167994207096,
        "f1-score": 0.9403252275100701,
        "support": 20715.0
    },
    "Affected": {
        "precision": 0.06811145510835913,
        "recall": 0.18181818181818182,
        "f1-score": 0.0990990990990991,
        "support": 726.0
    },
    "accuracy": 0.8880649223450399,
    "macro avg": {
        "precision": 0.5188273011582405,
        "recall": 0.5473174906194457,
        "f1-score": 0.5197121633045846,
        "support": 21441.0
    },
    "weighted avg": {
        "precision": 0.9390203447052335,
        "recall": 0.8880649223450399,
        "f1-score": 0.9118410071273285,
        "support": 21441.0
    },
    "Accuracy": 0.8880649223450399,
    "F1 - Avg. Macro": 0.5197121633045846,
    "F1 - Positives": 0.0990990990990991
}