{
    "Not Affected": {
        "precision": 0.9705309687944009,
        "recall": 0.8903210234129858,
        "f1-score": 0.9286973160783524,
        "support": 20715.0
    },
    "Affected": {
        "precision": 0.06808859721082855,
        "recall": 0.22865013774104684,
        "f1-score": 0.10493046776232617,
        "support": 726.0
    },
    "accuracy": 0.867916608367147,
    "macro avg": {
        "precision": 0.5193097830026148,
        "recall": 0.5594855805770164,
        "f1-score": 0.5168138919203393,
        "support": 21441.0
    },
    "weighted avg": {
        "precision": 0.939973944319345,
        "recall": 0.867916608367147,
        "f1-score": 0.9008042732222618,
        "support": 21441.0
    },
    "Accuracy": 0.867916608367147,
    "F1 - Avg. Macro": 0.5168138919203393,
    "F1 - Positives": 0.10493046776232617
}