{
    "Not Affected": {
        "precision": 0.9719480229769673,
        "recall": 0.8413227130098963,
        "f1-score": 0.9019303420793873,
        "support": 20715.0
    },
    "Affected": {
        "precision": 0.06353276353276353,
        "recall": 0.3071625344352617,
        "f1-score": 0.1052880075542965,
        "support": 726.0
    },
    "accuracy": 0.8232358565365422,
    "macro avg": {
        "precision": 0.5177403932548654,
        "recall": 0.574242623722579,
        "f1-score": 0.5036091748168419,
        "support": 21441.0
    },
    "weighted avg": {
        "precision": 0.9411887543627939,
        "recall": 0.8232358565365422,
        "f1-score": 0.8749557450519532,
        "support": 21441.0
    },
    "Accuracy": 0.8232358565365422,
    "F1 - Avg. Macro": 0.5036091748168419,
    "F1 - Positives": 0.1052880075542965
}