{
    "Not Affected": {
        "precision": 0.9720743951281067,
        "recall": 0.8553222302679218,
        "f1-score": 0.9099686713574033,
        "support": 20715.0
    },
    "Affected": {
        "precision": 0.06751711263223398,
        "recall": 0.2988980716253444,
        "f1-score": 0.11015228426395939,
        "support": 726.0
    },
    "accuracy": 0.8364815073923791,
    "macro avg": {
        "precision": 0.5197957538801703,
        "recall": 0.5771101509466331,
        "f1-score": 0.5100604778106813,
        "support": 21441.0
    },
    "weighted avg": {
        "precision": 0.9414457590060973,
        "recall": 0.8364815073923791,
        "f1-score": 0.8828865997642015,
        "support": 21441.0
    },
    "Accuracy": 0.8364815073923791,
    "F1 - Avg. Macro": 0.5100604778106813,
    "F1 - Positives": 0.11015228426395939
}