{
    "Not Affected": {
        "precision": 0.9711155378486056,
        "recall": 0.941346850108617,
        "f1-score": 0.9559995097438412,
        "support": 20715.0
    },
    "Affected": {
        "precision": 0.10727406318883174,
        "recall": 0.20110192837465565,
        "f1-score": 0.13991375179683757,
        "support": 726.0
    },
    "accuracy": 0.9162818898372277,
    "macro avg": {
        "precision": 0.5391948005187187,
        "recall": 0.5712243892416363,
        "f1-score": 0.5479566307703394,
        "support": 21441.0
    },
    "weighted avg": {
        "precision": 0.9418655536779514,
        "recall": 0.9162818898372277,
        "f1-score": 0.9283665513804473,
        "support": 21441.0
    },
    "Accuracy": 0.9162818898372277,
    "F1 - Avg. Macro": 0.5479566307703394,
    "F1 - Positives": 0.13991375179683757
}