{
    "Not Affected": {
        "precision": 0.970266957958118,
        "recall": 0.8790248612116823,
        "f1-score": 0.9223950154500785,
        "support": 20715.0
    },
    "Affected": {
        "precision": 0.06282722513089005,
        "recall": 0.23140495867768596,
        "f1-score": 0.0988235294117647,
        "support": 726.0
    },
    "accuracy": 0.8570962175271676,
    "macro avg": {
        "precision": 0.5165470915445041,
        "recall": 0.5552149099446841,
        "f1-score": 0.5106092724309216,
        "support": 21441.0
    },
    "weighted avg": {
        "precision": 0.9395407210273514,
        "recall": 0.8570962175271676,
        "f1-score": 0.8945085876312353,
        "support": 21441.0
    },
    "Accuracy": 0.8570962175271676,
    "F1 - Avg. Macro": 0.5106092724309216,
    "F1 - Positives": 0.0988235294117647
}