{
    "Not Affected": {
        "precision": 0.9688136579687652,
        "recall": 0.9642770938933141,
        "f1-score": 0.9665400527423609,
        "support": 20715.0
    },
    "Affected": {
        "precision": 0.10085054678007291,
        "recall": 0.11432506887052342,
        "f1-score": 0.10716591349257586,
        "support": 726.0
    },
    "accuracy": 0.9354974115013293,
    "macro avg": {
        "precision": 0.534832102374419,
        "recall": 0.5393010813819188,
        "f1-score": 0.5368529831174683,
        "support": 21441.0
    },
    "weighted avg": {
        "precision": 0.9394241136973698,
        "recall": 0.9354974115013293,
        "f1-score": 0.9374413341613551,
        "support": 21441.0
    },
    "Accuracy": 0.9354974115013293,
    "F1 - Avg. Macro": 0.5368529831174683,
    "F1 - Positives": 0.10716591349257586
}