{
    "Not Affected": {
        "precision": 0.9721437450559385,
        "recall": 0.8305575669804489,
        "f1-score": 0.8957904875953453,
        "support": 20715.0
    },
    "Affected": {
        "precision": 0.06224953246059311,
        "recall": 0.3209366391184573,
        "f1-score": 0.104273886775565,
        "support": 726.0
    },
    "accuracy": 0.8133016183946644,
    "macro avg": {
        "precision": 0.5171966387582658,
        "recall": 0.5757471030494531,
        "f1-score": 0.5000321871854552,
        "support": 21441.0
    },
    "weighted avg": {
        "precision": 0.9413343985541792,
        "recall": 0.8133016183946644,
        "f1-score": 0.8689894497615147,
        "support": 21441.0
    },
    "Accuracy": 0.8133016183946644,
    "F1 - Avg. Macro": 0.5000321871854552,
    "F1 - Positives": 0.104273886775565
}