{
    "Not Affected": {
        "precision": 0.9723464823098821,
        "recall": 0.8079652425778422,
        "f1-score": 0.8825669689938831,
        "support": 20715.0
    },
    "Affected": {
        "precision": 0.05912961210974456,
        "recall": 0.3443526170798898,
        "f1-score": 0.10092854259184497,
        "support": 726.0
    },
    "accuracy": 0.7922671517186698,
    "macro avg": {
        "precision": 0.5157380472098133,
        "recall": 0.576158929828866,
        "f1-score": 0.491747755792864,
        "support": 21441.0
    },
    "weighted avg": {
        "precision": 0.9414246294221764,
        "recall": 0.7922671517186698,
        "f1-score": 0.8561004097117657,
        "support": 21441.0
    },
    "Accuracy": 0.7922671517186698,
    "F1 - Avg. Macro": 0.491747755792864,
    "F1 - Positives": 0.10092854259184497
}