{
    "Not Affected": {
        "precision": 0.9694797913314807,
        "recall": 0.9599324161235819,
        "f1-score": 0.9646824819288798,
        "support": 20715.0
    },
    "Affected": {
        "precision": 0.10752688172043011,
        "recall": 0.13774104683195593,
        "f1-score": 0.12077294685990338,
        "support": 726.0
    },
    "accuracy": 0.9320927195559908,
    "macro avg": {
        "precision": 0.5385033365259554,
        "recall": 0.5488367314777689,
        "f1-score": 0.5427277143943916,
        "support": 21441.0
    },
    "weighted avg": {
        "precision": 0.9402937546551305,
        "recall": 0.9320927195559908,
        "f1-score": 0.9361074004280134,
        "support": 21441.0
    },
    "Accuracy": 0.9320927195559908,
    "F1 - Avg. Macro": 0.5427277143943916,
    "F1 - Positives": 0.12077294685990338
}