{
    "Not Affected": {
        "precision": 0.9729658097005036,
        "recall": 0.8860728940381366,
        "f1-score": 0.927488630621526,
        "support": 20715.0
    },
    "Affected": {
        "precision": 0.08385093167701864,
        "recall": 0.2975206611570248,
        "f1-score": 0.1308298001211387,
        "support": 726.0
    },
    "accuracy": 0.8661443029709435,
    "macro avg": {
        "precision": 0.5284083706887611,
        "recall": 0.5917967775975808,
        "f1-score": 0.5291592153713324,
        "support": 21441.0
    },
    "weighted avg": {
        "precision": 0.9428600589684925,
        "recall": 0.8661443029709435,
        "f1-score": 0.9005134750344134,
        "support": 21441.0
    },
    "Accuracy": 0.8661443029709435,
    "F1 - Avg. Macro": 0.5291592153713324,
    "F1 - Positives": 0.1308298001211387
}