{
    "Not Affected": {
        "precision": 0.8,
        "recall": 0.5490196078431373,
        "f1-score": 0.6511627906976745,
        "support": 51.0
    },
    "Affected": {
        "precision": 0.885,
        "recall": 0.9619565217391305,
        "f1-score": 0.921875,
        "support": 184.0
    },
    "accuracy": 0.8723404255319149,
    "macro avg": {
        "precision": 0.8425,
        "recall": 0.755488064791134,
        "f1-score": 0.7865188953488372,
        "support": 235.0
    },
    "weighted avg": {
        "precision": 0.8665531914893617,
        "recall": 0.8723404255319149,
        "f1-score": 0.8631246907471549,
        "support": 235.0
    },
    "Accuracy": 0.8723404255319149,
    "F1 - Avg. Macro": 0.7865188953488372,
    "F1 - Positives": 0.921875
}