{
    "Not Affected": {
        "precision": 0.9718135273511183,
        "recall": 0.8704803282645426,
        "f1-score": 0.9183600713012477,
        "support": 20715.0
    },
    "Affected": {
        "precision": 0.07033957033957033,
        "recall": 0.2796143250688705,
        "f1-score": 0.1124031007751938,
        "support": 726.0
    },
    "accuracy": 0.8504733920992491,
    "macro avg": {
        "precision": 0.5210765488453443,
        "recall": 0.5750473266667065,
        "f1-score": 0.5153815860382208,
        "support": 21441.0
    },
    "weighted avg": {
        "precision": 0.9412892937430597,
        "recall": 0.8504733920992491,
        "f1-score": 0.8910700773363247,
        "support": 21441.0
    },
    "Accuracy": 0.8504733920992491,
    "F1 - Avg. Macro": 0.5153815860382208,
    "F1 - Positives": 0.1124031007751938
}