{
    "Not Affected": {
        "precision": 0.9704747071172208,
        "recall": 0.6918175235336712,
        "f1-score": 0.8077898652838059,
        "support": 20715.0
    },
    "Affected": {
        "precision": 0.04345220257716512,
        "recall": 0.39944903581267216,
        "f1-score": 0.07837837837837838,
        "support": 726.0
    },
    "accuracy": 0.681917820997155,
    "macro avg": {
        "precision": 0.506963454847193,
        "recall": 0.5456332796731717,
        "f1-score": 0.44308412183109214,
        "support": 21441.0
    },
    "weighted avg": {
        "precision": 0.9390853904670609,
        "recall": 0.6819178209971549,
        "f1-score": 0.7830917290264794,
        "support": 21441.0
    },
    "Accuracy": 0.681917820997155,
    "F1 - Avg. Macro": 0.44308412183109214,
    "F1 - Positives": 0.07837837837837838
}