{
    "Not Affected": {
        "precision": 0.9758415554265816,
        "recall": 0.6493362297851798,
        "f1-score": 0.7797907185715528,
        "support": 20715.0
    },
    "Affected": {
        "precision": 0.05132558443254538,
        "recall": 0.5413223140495868,
        "f1-score": 0.09376118334725039,
        "support": 726.0
    },
    "accuracy": 0.6456788396063616,
    "macro avg": {
        "precision": 0.5135835699295634,
        "recall": 0.5953292719173833,
        "f1-score": 0.4367759509594016,
        "support": 21441.0
    },
    "weighted avg": {
        "precision": 0.944537110907125,
        "recall": 0.6456788396063616,
        "f1-score": 0.7565615108586269,
        "support": 21441.0
    },
    "Accuracy": 0.6456788396063616,
    "F1 - Avg. Macro": 0.4367759509594016,
    "F1 - Positives": 0.09376118334725039
}