{
    "Not Affected": {
        "precision": 0.9722751204211941,
        "recall": 0.8379917933864349,
        "f1-score": 0.9001529725945707,
        "support": 20715.0
    },
    "Affected": {
        "precision": 0.06439921940340117,
        "recall": 0.3181818181818182,
        "f1-score": 0.10711801530257362,
        "support": 726.0
    },
    "accuracy": 0.8203908399794786,
    "macro avg": {
        "precision": 0.5183371699122976,
        "recall": 0.5780868057841265,
        "f1-score": 0.5036354939485722,
        "support": 21441.0
    },
    "weighted avg": {
        "precision": 0.9415341146780423,
        "recall": 0.8203908399794786,
        "f1-score": 0.8733005226624785,
        "support": 21441.0
    },
    "Accuracy": 0.8203908399794786,
    "F1 - Avg. Macro": 0.5036354939485722,
    "F1 - Positives": 0.10711801530257362
}