{
    "0": {
        "precision": 0.9715552836825203,
        "recall": 0.9200579290369297,
        "f1-score": 0.9451056233263909,
        "support": 20715.0
    },
    "1": {
        "precision": 0.09210526315789473,
        "recall": 0.23140495867768596,
        "f1-score": 0.13176470588235295,
        "support": 726.0
    },
    "accuracy": 0.8967398908632993,
    "macro avg": {
        "precision": 0.5318302734202075,
        "recall": 0.5757314438573078,
        "f1-score": 0.5384351646043719,
        "support": 21441.0
    },
    "weighted avg": {
        "precision": 0.9417767885143434,
        "recall": 0.8967398908632993,
        "f1-score": 0.9175656062532893,
        "support": 21441.0
    },
    "Accuracy": 0.8967398908632993,
    "F1 - Avg. Macro": 0.5384351646043719,
    "F1 - Positives": 0.13176470588235295
}