{
    "Not Affected": {
        "precision": 0.9751915144372422,
        "recall": 0.7988896934588462,
        "f1-score": 0.8782804829507762,
        "support": 20715.0
    },
    "Affected": {
        "precision": 0.06821740102885261,
        "recall": 0.4201101928374656,
        "f1-score": 0.11737540888974408,
        "support": 726.0
    },
    "accuracy": 0.7860640828319575,
    "macro avg": {
        "precision": 0.5217044577330474,
        "recall": 0.6094999431481559,
        "f1-score": 0.49782794592026014,
        "support": 21441.0
    },
    "weighted avg": {
        "precision": 0.9444810435480818,
        "recall": 0.7860640828319575,
        "f1-score": 0.8525159624634709,
        "support": 21441.0
    },
    "Accuracy": 0.7860640828319575,
    "F1 - Avg. Macro": 0.49782794592026014,
    "F1 - Positives": 0.11737540888974408
}