{
    "Not Affected": {
        "precision": 0.9718227955170227,
        "recall": 0.8874245715664977,
        "f1-score": 0.927708107289748,
        "support": 20715.0
    },
    "Affected": {
        "precision": 0.07643564356435643,
        "recall": 0.26584022038567495,
        "f1-score": 0.118732697631498,
        "support": 726.0
    },
    "accuracy": 0.8663775010493914,
    "macro avg": {
        "precision": 0.5241292195406896,
        "recall": 0.5766323959760863,
        "f1-score": 0.523220402460623,
        "support": 21441.0
    },
    "weighted avg": {
        "precision": 0.9415046633255375,
        "recall": 0.8663775010493914,
        "f1-score": 0.9003159078861804,
        "support": 21441.0
    },
    "Accuracy": 0.8663775010493914,
    "F1 - Avg. Macro": 0.523220402460623,
    "F1 - Positives": 0.118732697631498
}