{
    "Not Affected": {
        "precision": 0.9698887414514648,
        "recall": 0.917402848177649,
        "f1-score": 0.9429159741000769,
        "support": 20715.0
    },
    "Affected": {
        "precision": 0.07363291824580401,
        "recall": 0.18732782369146006,
        "f1-score": 0.10571317528177225,
        "support": 726.0
    },
    "accuracy": 0.892682244298307,
    "macro avg": {
        "precision": 0.5217608298486344,
        "recall": 0.5523653359345546,
        "f1-score": 0.5243145746909246,
        "support": 21441.0
    },
    "weighted avg": {
        "precision": 0.9395411957377708,
        "recall": 0.892682244298307,
        "f1-score": 0.9145679851097273,
        "support": 21441.0
    },
    "Accuracy": 0.892682244298307,
    "F1 - Avg. Macro": 0.5243145746909246,
    "F1 - Positives": 0.10571317528177225
}