{
    "Not Affected": {
        "precision": 0.9690920487969527,
        "recall": 0.9702148201786145,
        "f1-score": 0.9696531094707387,
        "support": 20715.0
    },
    "Affected": {
        "precision": 0.12108262108262108,
        "recall": 0.11707988980716254,
        "f1-score": 0.11904761904761904,
        "support": 726.0
    },
    "accuracy": 0.9413273634625251,
    "macro avg": {
        "precision": 0.5450873349397869,
        "recall": 0.5436473549928885,
        "f1-score": 0.5443503642591788,
        "support": 21441.0
    },
    "weighted avg": {
        "precision": 0.9403781434510917,
        "recall": 0.9413273634625251,
        "f1-score": 0.9408513005044038,
        "support": 21441.0
    },
    "Accuracy": 0.9413273634625251,
    "F1 - Avg. Macro": 0.5443503642591788,
    "F1 - Positives": 0.11904761904761904
}