{
    "Not Affected": {
        "precision": 0.9721997981836529,
        "recall": 0.9301955104996379,
        "f1-score": 0.9507339336375972,
        "support": 20715.0
    },
    "Affected": {
        "precision": 0.107958050586058,
        "recall": 0.24104683195592286,
        "f1-score": 0.14912654452492544,
        "support": 726.0
    },
    "accuracy": 0.9068606874679352,
    "macro avg": {
        "precision": 0.5400789243848554,
        "recall": 0.5856211712277803,
        "f1-score": 0.5499302390812613,
        "support": 21441.0
    },
    "weighted avg": {
        "precision": 0.9429362606268293,
        "recall": 0.9068606874679352,
        "f1-score": 0.9235912180694894,
        "support": 21441.0
    },
    "Accuracy": 0.9068606874679352,
    "F1 - Avg. Macro": 0.5499302390812613,
    "F1 - Positives": 0.14912654452492544
}