{
    "Not Affected": {
        "precision": 0.970547630004602,
        "recall": 0.9162925416364953,
        "f1-score": 0.9426400476758046,
        "support": 20715.0
    },
    "Affected": {
        "precision": 0.07961783439490445,
        "recall": 0.2066115702479339,
        "f1-score": 0.11494252873563218,
        "support": 726.0
    },
    "accuracy": 0.8922624877571009,
    "macro avg": {
        "precision": 0.5250827321997532,
        "recall": 0.5614520559422146,
        "f1-score": 0.5287912882057184,
        "support": 21441.0
    },
    "weighted avg": {
        "precision": 0.9403804255079535,
        "recall": 0.8922624877571009,
        "f1-score": 0.9146139108934453,
        "support": 21441.0
    },
    "Accuracy": 0.8922624877571009,
    "F1 - Avg. Macro": 0.5287912882057184,
    "F1 - Positives": 0.11494252873563218
}