{
    "Not Affected": {
        "precision": 0.972119516338563,
        "recall": 0.9392227854211924,
        "f1-score": 0.9553880527388348,
        "support": 20715.0
    },
    "Affected": {
        "precision": 0.11772950245269796,
        "recall": 0.23140495867768596,
        "f1-score": 0.15606130980027869,
        "support": 726.0
    },
    "accuracy": 0.9152558182920573,
    "macro avg": {
        "precision": 0.5449245093956304,
        "recall": 0.5853138720494392,
        "f1-score": 0.5557246812695568,
        "support": 21441.0
    },
    "weighted avg": {
        "precision": 0.9431895620416021,
        "recall": 0.9152558182920573,
        "f1-score": 0.9283225606734744,
        "support": 21441.0
    },
    "Accuracy": 0.9152558182920573,
    "F1 - Avg. Macro": 0.5557246812695568,
    "F1 - Positives": 0.15606130980027869
}