{
    "Not Affected": {
        "precision": 0.9774875621890547,
        "recall": 0.7587738353849868,
        "f1-score": 0.854355211305884,
        "support": 20715.0
    },
    "Affected": {
        "precision": 0.06789778026487596,
        "recall": 0.5013774104683195,
        "f1-score": 0.11959914572038771,
        "support": 726.0
    },
    "accuracy": 0.750058299519612,
    "macro avg": {
        "precision": 0.5226926712269654,
        "recall": 0.6300756229266531,
        "f1-score": 0.4869771785131358,
        "support": 21441.0
    },
    "weighted avg": {
        "precision": 0.9466885238197178,
        "recall": 0.750058299519612,
        "f1-score": 0.8294761056851074,
        "support": 21441.0
    },
    "Accuracy": 0.750058299519612,
    "F1 - Avg. Macro": 0.4869771785131358,
    "F1 - Positives": 0.11959914572038771
}