{
    "Not Affected": {
        "precision": 0.9699403859755481,
        "recall": 0.9268163166787352,
        "f1-score": 0.9478881236268484,
        "support": 20715.0
    },
    "Affected": {
        "precision": 0.07953855494839102,
        "recall": 0.18044077134986225,
        "f1-score": 0.11040876527602192,
        "support": 726.0
    },
    "accuracy": 0.9015437712793246,
    "macro avg": {
        "precision": 0.5247394704619696,
        "recall": 0.5536285440142987,
        "f1-score": 0.5291484444514352,
        "support": 21441.0
    },
    "weighted avg": {
        "precision": 0.9397910585502547,
        "recall": 0.9015437712793246,
        "f1-score": 0.919530770230892,
        "support": 21441.0
    },
    "Accuracy": 0.9015437712793246,
    "F1 - Avg. Macro": 0.5291484444514352,
    "F1 - Positives": 0.11040876527602192
}