{
    "Not Affected": {
        "precision": 0.9719481095465129,
        "recall": 0.8463432295438088,
        "f1-score": 0.9048073697520193,
        "support": 20715.0
    },
    "Affected": {
        "precision": 0.06464883925947693,
        "recall": 0.30303030303030304,
        "f1-score": 0.10656333252603536,
        "support": 726.0
    },
    "accuracy": 0.8279464577211884,
    "macro avg": {
        "precision": 0.5182984744029949,
        "recall": 0.574686766287056,
        "f1-score": 0.5056853511390274,
        "support": 21441.0
    },
    "weighted avg": {
        "precision": 0.9412266287280628,
        "recall": 0.8279464577211884,
        "f1-score": 0.8777785384929332,
        "support": 21441.0
    },
    "Accuracy": 0.8279464577211884,
    "F1 - Avg. Macro": 0.5056853511390274,
    "F1 - Positives": 0.10656333252603536
}