{
    "Not Affected": {
        "precision": 0.9712032184638187,
        "recall": 0.8856867004586049,
        "f1-score": 0.9264757864969954,
        "support": 20715.0
    },
    "Affected": {
        "precision": 0.07137254901960784,
        "recall": 0.25068870523415976,
        "f1-score": 0.1111111111111111,
        "support": 726.0
    },
    "accuracy": 0.8641854391119818,
    "macro avg": {
        "precision": 0.5212878837417133,
        "recall": 0.5681877028463823,
        "f1-score": 0.5187934488040532,
        "support": 21441.0
    },
    "weighted avg": {
        "precision": 0.9407346271660015,
        "recall": 0.8641854391119818,
        "f1-score": 0.8988672442494252,
        "support": 21441.0
    },
    "Accuracy": 0.8641854391119818,
    "F1 - Avg. Macro": 0.5187934488040532,
    "F1 - Positives": 0.1111111111111111
}