{
    "Not Affected": {
        "precision": 0.9720660971223022,
        "recall": 0.834902244750181,
        "f1-score": 0.898278235126081,
        "support": 20715.0
    },
    "Affected": {
        "precision": 0.0627569197040285,
        "recall": 0.3154269972451791,
        "f1-score": 0.10468571428571428,
        "support": 726.0
    },
    "accuracy": 0.8173126253439672,
    "macro avg": {
        "precision": 0.5174115084131653,
        "recall": 0.5751646209976801,
        "f1-score": 0.5014819747058976,
        "support": 21441.0
    },
    "weighted avg": {
        "precision": 0.9412765601228308,
        "recall": 0.8173126253439672,
        "f1-score": 0.8714069058909657,
        "support": 21441.0
    },
    "Accuracy": 0.8173126253439672,
    "F1 - Avg. Macro": 0.5014819747058976,
    "F1 - Positives": 0.10468571428571428
}