{
    "Not Affected": {
        "precision": 0.7307692307692307,
        "recall": 0.37254901960784315,
        "f1-score": 0.4935064935064935,
        "support": 51.0
    },
    "Affected": {
        "precision": 0.84688995215311,
        "recall": 0.9619565217391305,
        "f1-score": 0.9007633587786259,
        "support": 184.0
    },
    "accuracy": 0.8340425531914893,
    "macro avg": {
        "precision": 0.7888295914611704,
        "recall": 0.6672527706734868,
        "f1-score": 0.6971349261425597,
        "support": 235.0
    },
    "weighted avg": {
        "precision": 0.8216892849591618,
        "recall": 0.8340425531914893,
        "f1-score": 0.8123799539748865,
        "support": 235.0
    },
    "Accuracy": 0.8340425531914893,
    "F1 - Avg. Macro": 0.6971349261425597,
    "F1 - Positives": 0.9007633587786259
}