{
    "Not Affected": {
        "precision": 0.9721475005604124,
        "recall": 0.8374125030171373,
        "f1-score": 0.8997639980289945,
        "support": 20715.0
    },
    "Affected": {
        "precision": 0.06366416458159578,
        "recall": 0.3154269972451791,
        "f1-score": 0.10594494563960213,
        "support": 726.0
    },
    "accuracy": 0.8197378853598246,
    "macro avg": {
        "precision": 0.5179058325710041,
        "recall": 0.5764197501311582,
        "f1-score": 0.5028544718342983,
        "support": 21441.0
    },
    "weighted avg": {
        "precision": 0.9413859268502021,
        "recall": 0.8197378853598246,
        "f1-score": 0.8728849983538536,
        "support": 21441.0
    },
    "Accuracy": 0.8197378853598246,
    "F1 - Avg. Macro": 0.5028544718342983,
    "F1 - Positives": 0.10594494563960213
}