{
    "Not Affected": {
        "precision": 0.9716619604679306,
        "recall": 0.9302437846970794,
        "f1-score": 0.9505018866993858,
        "support": 20715.0
    },
    "Affected": {
        "precision": 0.1019266625233064,
        "recall": 0.22589531680440772,
        "f1-score": 0.1404710920770878,
        "support": 726.0
    },
    "accuracy": 0.9063942913110395,
    "macro avg": {
        "precision": 0.5367943114956185,
        "recall": 0.5780695507507435,
        "f1-score": 0.5454864893882369,
        "support": 21441.0
    },
    "weighted avg": {
        "precision": 0.9422124093132366,
        "recall": 0.9063942913110395,
        "f1-score": 0.9230739515799516,
        "support": 21441.0
    },
    "Accuracy": 0.9063942913110395,
    "F1 - Avg. Macro": 0.5454864893882369,
    "F1 - Positives": 0.1404710920770878
}