{
    "Not Affected": {
        "precision": 0.7,
        "recall": 0.6862745098039216,
        "f1-score": 0.693069306930693,
        "support": 51.0
    },
    "Affected": {
        "precision": 0.9135135135135135,
        "recall": 0.9184782608695652,
        "f1-score": 0.9159891598915989,
        "support": 184.0
    },
    "accuracy": 0.8680851063829788,
    "macro avg": {
        "precision": 0.8067567567567567,
        "recall": 0.8023763853367434,
        "f1-score": 0.804529233411146,
        "support": 235.0
    },
    "weighted avg": {
        "precision": 0.867176538240368,
        "recall": 0.8680851063829788,
        "f1-score": 0.8676108088234874,
        "support": 235.0
    },
    "Accuracy": 0.8680851063829788,
    "F1 - Avg. Macro": 0.804529233411146,
    "F1 - Positives": 0.9159891598915989
}