{
    "Not Affected": {
        "precision": 0.9725865405289185,
        "recall": 0.8734733285059136,
        "f1-score": 0.9203692871131005,
        "support": 20715.0
    },
    "Affected": {
        "precision": 0.07613676418752204,
        "recall": 0.2975206611570248,
        "f1-score": 0.12124614089250632,
        "support": 726.0
    },
    "accuracy": 0.8539713632759666,
    "macro avg": {
        "precision": 0.5243616523582203,
        "recall": 0.5854969948314692,
        "f1-score": 0.5208077140028035,
        "support": 21441.0
    },
    "weighted avg": {
        "precision": 0.9422324274920335,
        "recall": 0.8539713632759666,
        "f1-score": 0.8933106889061067,
        "support": 21441.0
    },
    "Accuracy": 0.8539713632759666,
    "F1 - Avg. Macro": 0.5208077140028035,
    "F1 - Positives": 0.12124614089250632
}