{
    "Not Affected": {
        "precision": 0.9715131933225633,
        "recall": 0.8709147960415158,
        "f1-score": 0.9184676085019727,
        "support": 20715.0
    },
    "Affected": {
        "precision": 0.06861720654824104,
        "recall": 0.2713498622589532,
        "f1-score": 0.10953572421462329,
        "support": 726.0
    },
    "accuracy": 0.8506133109463178,
    "macro avg": {
        "precision": 0.5200651999354021,
        "recall": 0.5711323291502345,
        "f1-score": 0.514001666358298,
        "support": 21441.0
    },
    "weighted avg": {
        "precision": 0.9409408092733978,
        "recall": 0.8506133109463178,
        "f1-score": 0.8910768828831761,
        "support": 21441.0
    },
    "Accuracy": 0.8506133109463178,
    "F1 - Avg. Macro": 0.514001666358298,
    "F1 - Positives": 0.10953572421462329
}