{
    "Not Affected": {
        "precision": 0.9699438620895225,
        "recall": 0.9425054308472122,
        "f1-score": 0.9560278131426893,
        "support": 20715.0
    },
    "Affected": {
        "precision": 0.09222560975609756,
        "recall": 0.16666666666666666,
        "f1-score": 0.11874386653581943,
        "support": 726.0
    },
    "accuracy": 0.9162352502215382,
    "macro avg": {
        "precision": 0.53108473592281,
        "recall": 0.5545860487569394,
        "f1-score": 0.5373858398392544,
        "support": 21441.0
    },
    "weighted avg": {
        "precision": 0.940224005217452,
        "recall": 0.9162352502215382,
        "f1-score": 0.9276770764589252,
        "support": 21441.0
    },
    "Accuracy": 0.9162352502215382,
    "F1 - Avg. Macro": 0.5373858398392544,
    "F1 - Positives": 0.11874386653581943
}