{
    "Not Affected": {
        "precision": 0.9691581822696796,
        "recall": 0.9420226888727975,
        "f1-score": 0.9553977968176255,
        "support": 20715.0
    },
    "Affected": {
        "precision": 0.08039816232771822,
        "recall": 0.1446280991735537,
        "f1-score": 0.10334645669291338,
        "support": 726.0
    },
    "accuracy": 0.9150226202136095,
    "macro avg": {
        "precision": 0.5247781722986989,
        "recall": 0.5433253940231756,
        "f1-score": 0.5293721267552695,
        "support": 21441.0
    },
    "weighted avg": {
        "precision": 0.9390644471604094,
        "recall": 0.9150226202136095,
        "f1-score": 0.9265470308584565,
        "support": 21441.0
    },
    "Accuracy": 0.9150226202136095,
    "F1 - Avg. Macro": 0.5293721267552695,
    "F1 - Positives": 0.10334645669291338
}