{
    "Not Affected": {
        "precision": 0.9753814973772056,
        "recall": 0.7899106927347332,
        "f1-score": 0.8729028300125363,
        "support": 20715.0
    },
    "Affected": {
        "precision": 0.06709539121114684,
        "recall": 0.43112947658402206,
        "f1-score": 0.11611945835652013,
        "support": 726.0
    },
    "accuracy": 0.7777622312392146,
    "macro avg": {
        "precision": 0.5212384442941762,
        "recall": 0.6105200846593777,
        "f1-score": 0.49451114418452824,
        "support": 21441.0
    },
    "weighted avg": {
        "precision": 0.9446266019396534,
        "recall": 0.7777622312392146,
        "f1-score": 0.8472778718565609,
        "support": 21441.0
    },
    "Accuracy": 0.7777622312392146,
    "F1 - Avg. Macro": 0.49451114418452824,
    "F1 - Positives": 0.11611945835652013
}