{
    "Not Affected": {
        "precision": 0.970554926387316,
        "recall": 0.9101617185614289,
        "f1-score": 0.9393886549911562,
        "support": 20715.0
    },
    "Affected": {
        "precision": 0.07642679900744417,
        "recall": 0.21212121212121213,
        "f1-score": 0.11236774899671653,
        "support": 726.0
    },
    "accuracy": 0.8865258150272842,
    "macro avg": {
        "precision": 0.5234908626973801,
        "recall": 0.5611414653413205,
        "f1-score": 0.5258782019939363,
        "support": 21441.0
    },
    "weighted avg": {
        "precision": 0.9402794252223617,
        "recall": 0.8865258150272842,
        "f1-score": 0.9113854285673904,
        "support": 21441.0
    },
    "Accuracy": 0.8865258150272842,
    "F1 - Avg. Macro": 0.5258782019939363,
    "F1 - Positives": 0.11236774899671653
}