{
    "Not Affected": {
        "precision": 0.7021276595744681,
        "recall": 0.6470588235294118,
        "f1-score": 0.673469387755102,
        "support": 51.0
    },
    "Affected": {
        "precision": 0.9042553191489362,
        "recall": 0.9239130434782609,
        "f1-score": 0.9139784946236559,
        "support": 184.0
    },
    "accuracy": 0.8638297872340426,
    "macro avg": {
        "precision": 0.8031914893617021,
        "recall": 0.7854859335038363,
        "f1-score": 0.793723941189379,
        "support": 235.0
    },
    "weighted avg": {
        "precision": 0.8603893164327749,
        "recall": 0.8638297872340426,
        "f1-score": 0.8617829012181399,
        "support": 235.0
    },
    "Accuracy": 0.8638297872340426,
    "F1 - Avg. Macro": 0.793723941189379,
    "F1 - Positives": 0.9139784946236559
}