{
    "Not Affected": {
        "precision": 0.9730168171740659,
        "recall": 0.8686459087617668,
        "f1-score": 0.9178739032850439,
        "support": 20715.0
    },
    "Affected": {
        "precision": 0.07700135685210312,
        "recall": 0.31267217630853994,
        "f1-score": 0.12357103973870441,
        "support": 726.0
    },
    "accuracy": 0.8498204374795951,
    "macro avg": {
        "precision": 0.5250090870130845,
        "recall": 0.5906590425351534,
        "f1-score": 0.5207224715118741,
        "support": 21441.0
    },
    "weighted avg": {
        "precision": 0.9426774102343827,
        "recall": 0.8498204374795951,
        "f1-score": 0.8909785215894774,
        "support": 21441.0
    },
    "Accuracy": 0.8498204374795951,
    "F1 - Avg. Macro": 0.5207224715118741,
    "F1 - Positives": 0.12357103973870441
}