{
    "Not Affected": {
        "precision": 0.9716850446057517,
        "recall": 0.8465363263335747,
        "f1-score": 0.9048036737010474,
        "support": 20715.0
    },
    "Affected": {
        "precision": 0.063347083087802,
        "recall": 0.29614325068870523,
        "f1-score": 0.10436893203883495,
        "support": 726.0
    },
    "accuracy": 0.8278998181054988,
    "macro avg": {
        "precision": 0.5175160638467768,
        "recall": 0.57133978851114,
        "f1-score": 0.5045863028699412,
        "support": 21441.0
    },
    "weighted avg": {
        "precision": 0.9409283933272652,
        "recall": 0.8278998181054988,
        "f1-score": 0.8777006643989269,
        "support": 21441.0
    },
    "Accuracy": 0.8278998181054988,
    "F1 - Avg. Macro": 0.5045863028699412,
    "F1 - Positives": 0.10436893203883495
}