{
    "Not Affected": {
        "precision": 0.9732649498035792,
        "recall": 0.8611151339608979,
        "f1-score": 0.9137617498655328,
        "support": 20715.0
    },
    "Affected": {
        "precision": 0.07581111468037263,
        "recall": 0.325068870523416,
        "f1-score": 0.12294868455326909,
        "support": 726.0
    },
    "accuracy": 0.8429644139732289,
    "macro avg": {
        "precision": 0.5245380322419759,
        "recall": 0.593092002242157,
        "f1-score": 0.5183552172094009,
        "support": 21441.0
    },
    "weighted avg": {
        "precision": 0.9428768389738863,
        "recall": 0.8429644139732289,
        "f1-score": 0.8869845339979565,
        "support": 21441.0
    },
    "Accuracy": 0.8429644139732289,
    "F1 - Avg. Macro": 0.5183552172094009,
    "F1 - Positives": 0.12294868455326909
}