{
    "0": {
        "precision": 0.7073170731707317,
        "recall": 0.5686274509803921,
        "f1-score": 0.6304347826086957,
        "support": 51.0
    },
    "1": {
        "precision": 0.8865979381443299,
        "recall": 0.9347826086956522,
        "f1-score": 0.91005291005291,
        "support": 184.0
    },
    "accuracy": 0.8553191489361702,
    "macro avg": {
        "precision": 0.7969575056575308,
        "recall": 0.7517050298380221,
        "f1-score": 0.7702438463308028,
        "support": 235.0
    },
    "weighted avg": {
        "precision": 0.8476901759585702,
        "recall": 0.8553191489361702,
        "f1-score": 0.8493698270756549,
        "support": 235.0
    },
    "Accuracy": 0.8553191489361702,
    "F1 - Avg. Macro": 0.7702438463308028,
    "F1 - Positives": 0.91005291005291
}