{
    "Not Affected": {
        "precision": 0.9730579531442664,
        "recall": 0.7619116582186821,
        "f1-score": 0.8546365236225802,
        "support": 20715.0
    },
    "Affected": {
        "precision": 0.05535338057843325,
        "recall": 0.39807162534435264,
        "f1-score": 0.09719186144274423,
        "support": 726.0
    },
    "accuracy": 0.7495919033627163,
    "macro avg": {
        "precision": 0.5142056668613498,
        "recall": 0.5799916417815174,
        "f1-score": 0.47591419253266226,
        "support": 21441.0
    },
    "weighted avg": {
        "precision": 0.9419841450344397,
        "recall": 0.7495919033627163,
        "f1-score": 0.8289891739307487,
        "support": 21441.0
    },
    "Accuracy": 0.7495919033627163,
    "F1 - Avg. Macro": 0.47591419253266226,
    "F1 - Positives": 0.09719186144274423
}