{
    "0": {
        "precision": 0.9713426062937752,
        "recall": 0.9506637702148202,
        "f1-score": 0.9608919466198248,
        "support": 20715.0
    },
    "1": {
        "precision": 0.12425021422450729,
        "recall": 0.19972451790633608,
        "f1-score": 0.1531959852086635,
        "support": 726.0
    },
    "accuracy": 0.9252366960496246,
    "macro avg": {
        "precision": 0.5477964102591413,
        "recall": 0.5751941440605781,
        "f1-score": 0.5570439659142441,
        "support": 21441.0
    },
    "weighted avg": {
        "precision": 0.9426597521058974,
        "recall": 0.9252366960496246,
        "f1-score": 0.9335430697957727,
        "support": 21441.0
    },
    "Accuracy": 0.9252366960496246,
    "F1 - Avg. Macro": 0.5570439659142441,
    "F1 - Positives": 0.1531959852086635
}