{
    "Not Affected": {
        "precision": 0.9708055413032324,
        "recall": 0.9133960897900072,
        "f1-score": 0.9412262156448203,
        "support": 20715.0
    },
    "Affected": {
        "precision": 0.08047155304971809,
        "recall": 0.2162534435261708,
        "f1-score": 0.1172954800149421,
        "support": 726.0
    },
    "accuracy": 0.8897905881255539,
    "macro avg": {
        "precision": 0.5256385471764753,
        "recall": 0.564824766658089,
        "f1-score": 0.5292608478298813,
        "support": 21441.0
    },
    "weighted avg": {
        "precision": 0.9406585110587452,
        "recall": 0.8897905881255539,
        "f1-score": 0.913327623505121,
        "support": 21441.0
    },
    "Accuracy": 0.8897905881255539,
    "F1 - Avg. Macro": 0.5292608478298813,
    "F1 - Positives": 0.1172954800149421
}