{
    "Not Affected": {
        "precision": 0.9723103392655519,
        "recall": 0.872990586531499,
        "f1-score": 0.9199776161163962,
        "support": 20715.0
    },
    "Affected": {
        "precision": 0.07424349049964814,
        "recall": 0.290633608815427,
        "f1-score": 0.11827354260089686,
        "support": 726.0
    },
    "accuracy": 0.8532717690406231,
    "macro avg": {
        "precision": 0.5232769148826,
        "recall": 0.581812097673463,
        "f1-score": 0.5191255793586466,
        "support": 21441.0
    },
    "weighted avg": {
        "precision": 0.9419014715726249,
        "recall": 0.8532717690406231,
        "f1-score": 0.8928316267795064,
        "support": 21441.0
    },
    "Accuracy": 0.8532717690406231,
    "F1 - Avg. Macro": 0.5191255793586466,
    "F1 - Positives": 0.11827354260089686
}