{
    "Not Affected": {
        "precision": 0.969968933379358,
        "recall": 0.9495534636736664,
        "f1-score": 0.9596526320925013,
        "support": 20715.0
    },
    "Affected": {
        "precision": 0.10068846815834767,
        "recall": 0.16115702479338842,
        "f1-score": 0.1239406779661017,
        "support": 726.0
    },
    "accuracy": 0.9228580756494567,
    "macro avg": {
        "precision": 0.5353287007688529,
        "recall": 0.5553552442335274,
        "f1-score": 0.5417966550293015,
        "support": 21441.0
    },
    "weighted avg": {
        "precision": 0.9405347830248758,
        "recall": 0.9228580756494567,
        "f1-score": 0.9313551236416004,
        "support": 21441.0
    },
    "Accuracy": 0.9228580756494567,
    "F1 - Avg. Macro": 0.5417966550293015,
    "F1 - Positives": 0.1239406779661017
}