{
    "Not Affected": {
        "precision": 0.9696812376700239,
        "recall": 0.9016654598117306,
        "f1-score": 0.9344373014483328,
        "support": 20715.0
    },
    "Affected": {
        "precision": 0.06516750803120698,
        "recall": 0.19559228650137742,
        "f1-score": 0.09776247848537005,
        "support": 726.0
    },
    "accuracy": 0.8777575672776456,
    "macro avg": {
        "precision": 0.5174243728506155,
        "recall": 0.5486288731565541,
        "f1-score": 0.5160998899668514,
        "support": 21441.0
    },
    "weighted avg": {
        "precision": 0.9390540762634766,
        "recall": 0.8777575672776456,
        "f1-score": 0.9061071899110392,
        "support": 21441.0
    },
    "Accuracy": 0.8777575672776456,
    "F1 - Avg. Macro": 0.5160998899668514,
    "F1 - Positives": 0.09776247848537005
}