{
    "Not Affected": {
        "precision": 0.9698786153154503,
        "recall": 0.9372918175235336,
        "f1-score": 0.9533068198556488,
        "support": 20715.0
    },
    "Affected": {
        "precision": 0.08649789029535865,
        "recall": 0.16942148760330578,
        "f1-score": 0.11452513966480447,
        "support": 726.0
    },
    "accuracy": 0.9112914509584441,
    "macro avg": {
        "precision": 0.5281882528054045,
        "recall": 0.5533566525634197,
        "f1-score": 0.5339159797602266,
        "support": 21441.0
    },
    "weighted avg": {
        "precision": 0.9399670250741096,
        "recall": 0.9112914509584441,
        "f1-score": 0.9249053693720635,
        "support": 21441.0
    },
    "Accuracy": 0.9112914509584441,
    "F1 - Avg. Macro": 0.5339159797602266,
    "F1 - Positives": 0.11452513966480447
}