{
    "Not Affected": {
        "precision": 0.9700167669395404,
        "recall": 0.9495534636736664,
        "f1-score": 0.959676042251116,
        "support": 20715.0
    },
    "Affected": {
        "precision": 0.10146173688736028,
        "recall": 0.162534435261708,
        "f1-score": 0.12493382742191636,
        "support": 726.0
    },
    "accuracy": 0.9229047152651462,
    "macro avg": {
        "precision": 0.5357392519134504,
        "recall": 0.5560439494676872,
        "f1-score": 0.5423049348365162,
        "support": 21441.0
    },
    "weighted avg": {
        "precision": 0.94060718008175,
        "recall": 0.9229047152651462,
        "f1-score": 0.9314113695228852,
        "support": 21441.0
    },
    "Accuracy": 0.9229047152651462,
    "F1 - Avg. Macro": 0.5423049348365162,
    "F1 - Positives": 0.12493382742191636
}