{
    "Not Affected": {
        "precision": 0.6153846153846154,
        "recall": 0.6274509803921569,
        "f1-score": 0.6213592233009708,
        "support": 51.0
    },
    "Affected": {
        "precision": 0.8961748633879781,
        "recall": 0.8913043478260869,
        "f1-score": 0.8937329700272479,
        "support": 184.0
    },
    "accuracy": 0.8340425531914893,
    "macro avg": {
        "precision": 0.7557797393862968,
        "recall": 0.7593776641091219,
        "f1-score": 0.7575460966641094,
        "support": 235.0
    },
    "weighted avg": {
        "precision": 0.8352374053106526,
        "recall": 0.8340425531914893,
        "f1-score": 0.8346220718015452,
        "support": 235.0
    },
    "Accuracy": 0.8340425531914893,
    "F1 - Avg. Macro": 0.7575460966641094,
    "F1 - Positives": 0.8937329700272479
}