{
    "Not Affected": {
        "precision": 0.9722381076163245,
        "recall": 0.9027757663528844,
        "f1-score": 0.9362202753441802,
        "support": 20715.0
    },
    "Affected": {
        "precision": 0.08703535811423391,
        "recall": 0.2644628099173554,
        "f1-score": 0.13096862210095497,
        "support": 726.0
    },
    "accuracy": 0.881162259222984,
    "macro avg": {
        "precision": 0.5296367328652791,
        "recall": 0.5836192881351199,
        "f1-score": 0.5335944487225676,
        "support": 21441.0
    },
    "weighted avg": {
        "precision": 0.9422648229682895,
        "recall": 0.881162259222984,
        "f1-score": 0.9089541636770666,
        "support": 21441.0
    },
    "Accuracy": 0.881162259222984,
    "F1 - Avg. Macro": 0.5335944487225676,
    "F1 - Positives": 0.13096862210095497
}