{
    "Not Affected": {
        "precision": 0.9718867350045671,
        "recall": 0.9245474293989863,
        "f1-score": 0.9476262338883253,
        "support": 20715.0
    },
    "Affected": {
        "precision": 0.09913544668587897,
        "recall": 0.2369146005509642,
        "f1-score": 0.13978057700121901,
        "support": 726.0
    },
    "accuracy": 0.9012639335851873,
    "macro avg": {
        "precision": 0.5355110908452231,
        "recall": 0.5807310149749753,
        "f1-score": 0.5437034054447721,
        "support": 21441.0
    },
    "weighted avg": {
        "precision": 0.9423350613270629,
        "recall": 0.9012639335851873,
        "f1-score": 0.9202722883214189,
        "support": 21441.0
    },
    "Accuracy": 0.9012639335851873,
    "F1 - Avg. Macro": 0.5437034054447721,
    "F1 - Positives": 0.13978057700121901
}