{
    "Not Affected": {
        "precision": 0.9720452750723875,
        "recall": 0.8913347815592566,
        "f1-score": 0.9299420800805842,
        "support": 20715.0
    },
    "Affected": {
        "precision": 0.07972199509403106,
        "recall": 0.26859504132231404,
        "f1-score": 0.12295081967213115,
        "support": 726.0
    },
    "accuracy": 0.8702485891516254,
    "macro avg": {
        "precision": 0.5258836350832092,
        "recall": 0.5799649114407853,
        "f1-score": 0.5264464498763577,
        "support": 21441.0
    },
    "weighted avg": {
        "precision": 0.9418308866919813,
        "recall": 0.8702485891516254,
        "f1-score": 0.9026170646868741,
        "support": 21441.0
    },
    "Accuracy": 0.8702485891516254,
    "F1 - Avg. Macro": 0.5264464498763577,
    "F1 - Positives": 0.12295081967213115
}