{
    "Not Affected": {
        "precision": 0.9720038459363158,
        "recall": 0.829640357229061,
        "f1-score": 0.8951974163975414,
        "support": 20715.0
    },
    "Affected": {
        "precision": 0.061436170212765956,
        "recall": 0.3181818181818182,
        "f1-score": 0.10298707088720464,
        "support": 726.0
    },
    "accuracy": 0.8123221864651835,
    "macro avg": {
        "precision": 0.5167200080745409,
        "recall": 0.5739110877054396,
        "f1-score": 0.499092243642373,
        "support": 21441.0
    },
    "weighted avg": {
        "precision": 0.9411716957299218,
        "recall": 0.8123221864651835,
        "f1-score": 0.8683728881180532,
        "support": 21441.0
    },
    "Accuracy": 0.8123221864651835,
    "F1 - Avg. Macro": 0.499092243642373,
    "F1 - Positives": 0.10298707088720464
}