{
    "Not Affected": {
        "precision": 0.9718540423509532,
        "recall": 0.8884383297127685,
        "f1-score": 0.9282760012105317,
        "support": 20715.0
    },
    "Affected": {
        "precision": 0.07707667731629393,
        "recall": 0.26584022038567495,
        "f1-score": 0.1195046439628483,
        "support": 726.0
    },
    "accuracy": 0.8673569329788723,
    "macro avg": {
        "precision": 0.5244653598336235,
        "recall": 0.5771392750492217,
        "f1-score": 0.52389032258669,
        "support": 21441.0
    },
    "weighted avg": {
        "precision": 0.941556557764639,
        "recall": 0.8673569329788723,
        "f1-score": 0.9008907110952469,
        "support": 21441.0
    },
    "Accuracy": 0.8673569329788723,
    "F1 - Avg. Macro": 0.52389032258669,
    "F1 - Positives": 0.1195046439628483
}