{
    "Not Affected": {
        "precision": 0.97031549238988,
        "recall": 0.9294231233405744,
        "f1-score": 0.9494291984121114,
        "support": 20715.0
    },
    "Affected": {
        "precision": 0.08567854909318325,
        "recall": 0.1887052341597796,
        "f1-score": 0.11784946236559139,
        "support": 726.0
    },
    "accuracy": 0.9043421482206987,
    "macro avg": {
        "precision": 0.5279970207415317,
        "recall": 0.559064178750177,
        "f1-score": 0.5336393303888514,
        "support": 21441.0
    },
    "weighted avg": {
        "precision": 0.9403613661442103,
        "recall": 0.9043421482206987,
        "f1-score": 0.921271608357087,
        "support": 21441.0
    },
    "Accuracy": 0.9043421482206987,
    "F1 - Avg. Macro": 0.5336393303888514,
    "F1 - Positives": 0.11784946236559139
}