{
    "Not Affected": {
        "precision": 0.9737908823366095,
        "recall": 0.8465846005310161,
        "f1-score": 0.9057432083462452,
        "support": 20715.0
    },
    "Affected": {
        "precision": 0.07400932400932402,
        "recall": 0.349862258953168,
        "f1-score": 0.12217412217412217,
        "support": 726.0
    },
    "accuracy": 0.8297654027330815,
    "macro avg": {
        "precision": 0.5239001031729668,
        "recall": 0.5982234297420921,
        "f1-score": 0.5139586652601837,
        "support": 21441.0
    },
    "weighted avg": {
        "precision": 0.9433239539589401,
        "recall": 0.8297654027330815,
        "f1-score": 0.8792112762273627,
        "support": 21441.0
    },
    "Accuracy": 0.8297654027330815,
    "F1 - Avg. Macro": 0.5139586652601837,
    "F1 - Positives": 0.12217412217412217
}