{
    "Not Affected": {
        "precision": 0.9704706705306285,
        "recall": 0.9376297369056239,
        "f1-score": 0.9537675857497115,
        "support": 20715.0
    },
    "Affected": {
        "precision": 0.09460406447091801,
        "recall": 0.1859504132231405,
        "f1-score": 0.12540640966093822,
        "support": 726.0
    },
    "accuracy": 0.9121776036565459,
    "macro avg": {
        "precision": 0.5325373675007733,
        "recall": 0.5617900750643822,
        "f1-score": 0.5395869977053249,
        "support": 21441.0
    },
    "weighted avg": {
        "precision": 0.9408135110698127,
        "recall": 0.9121776036565459,
        "f1-score": 0.9257189772967267,
        "support": 21441.0
    },
    "Accuracy": 0.9121776036565459,
    "F1 - Avg. Macro": 0.5395869977053249,
    "F1 - Positives": 0.12540640966093822
}