{
    "Not Affected": {
        "precision": 0.9720402884033243,
        "recall": 0.8525706010137581,
        "f1-score": 0.9083941981277647,
        "support": 20715.0
    },
    "Affected": {
        "precision": 0.06662591687041565,
        "recall": 0.3002754820936639,
        "f1-score": 0.10905452726363181,
        "support": 726.0
    },
    "accuracy": 0.8338696889137633,
    "macro avg": {
        "precision": 0.51933310263687,
        "recall": 0.576423041553711,
        "f1-score": 0.5087243626956982,
        "support": 21441.0
    },
    "weighted avg": {
        "precision": 0.9413826309371198,
        "recall": 0.8338696889137633,
        "f1-score": 0.8813282683181775,
        "support": 21441.0
    },
    "Accuracy": 0.8338696889137633,
    "F1 - Avg. Macro": 0.5087243626956982,
    "F1 - Positives": 0.10905452726363181
}