{
    "0": {
        "precision": 0.7317073170731707,
        "recall": 0.5882352941176471,
        "f1-score": 0.6521739130434783,
        "support": 51.0
    },
    "1": {
        "precision": 0.8917525773195877,
        "recall": 0.9402173913043478,
        "f1-score": 0.9153439153439153,
        "support": 184.0
    },
    "accuracy": 0.8638297872340426,
    "macro avg": {
        "precision": 0.8117299471963793,
        "recall": 0.7642263427109974,
        "f1-score": 0.7837589141936968,
        "support": 235.0
    },
    "weighted avg": {
        "precision": 0.857019350627812,
        "recall": 0.8638297872340426,
        "f1-score": 0.8582304254829695,
        "support": 235.0
    },
    "Accuracy": 0.8638297872340426,
    "F1 - Avg. Macro": 0.7837589141936968,
    "F1 - Positives": 0.9153439153439153
}