{
    "Not Affected": {
        "precision": 0.9693436330952728,
        "recall": 0.9631667873521603,
        "f1-score": 0.9662453387573248,
        "support": 20715.0
    },
    "Affected": {
        "precision": 0.11072261072261072,
        "recall": 0.13085399449035812,
        "f1-score": 0.11994949494949494,
        "support": 726.0
    },
    "accuracy": 0.934984375728744,
    "macro avg": {
        "precision": 0.5400331219089418,
        "recall": 0.5470103909212592,
        "f1-score": 0.5430974168534098,
        "support": 21441.0
    },
    "weighted avg": {
        "precision": 0.9402704153235947,
        "recall": 0.934984375728744,
        "f1-score": 0.9375894559811255,
        "support": 21441.0
    },
    "Accuracy": 0.934984375728744,
    "F1 - Avg. Macro": 0.5430974168534098,
    "F1 - Positives": 0.11994949494949494
}