{
    "Not Affected": {
        "precision": 0.9686622543120738,
        "recall": 0.9326092203717113,
        "f1-score": 0.9502939078678767,
        "support": 20715.0
    },
    "Affected": {
        "precision": 0.0674682698730795,
        "recall": 0.13911845730027547,
        "f1-score": 0.09086819613135402,
        "support": 726.0
    },
    "accuracy": 0.9057413366913857,
    "macro avg": {
        "precision": 0.5180652620925766,
        "recall": 0.5358638388359934,
        "f1-score": 0.5205810519996154,
        "support": 21441.0
    },
    "weighted avg": {
        "precision": 0.9381475006763892,
        "recall": 0.9057413366913857,
        "f1-score": 0.9211934430238529,
        "support": 21441.0
    },
    "Accuracy": 0.9057413366913857,
    "F1 - Avg. Macro": 0.5205810519996154,
    "F1 - Positives": 0.09086819613135402
}