{
    "Not Affected": {
        "precision": 0.969787467025036,
        "recall": 0.9405744629495535,
        "f1-score": 0.9549576042738813,
        "support": 20715.0
    },
    "Affected": {
        "precision": 0.08814814814814814,
        "recall": 0.16391184573002754,
        "f1-score": 0.11464354527938343,
        "support": 726.0
    },
    "accuracy": 0.9142763863625764,
    "macro avg": {
        "precision": 0.5289678075865921,
        "recall": 0.5522431543397905,
        "f1-score": 0.5348005747766323,
        "support": 21441.0
    },
    "weighted avg": {
        "precision": 0.9399348414243356,
        "recall": 0.9142763863625764,
        "f1-score": 0.92650426689083,
        "support": 21441.0
    },
    "Accuracy": 0.9142763863625764,
    "F1 - Avg. Macro": 0.5348005747766323,
    "F1 - Positives": 0.11464354527938343
}