{
    "Not Affected": {
        "precision": 0.7714285714285715,
        "recall": 0.5294117647058824,
        "f1-score": 0.627906976744186,
        "support": 51.0
    },
    "Affected": {
        "precision": 0.88,
        "recall": 0.9565217391304348,
        "f1-score": 0.9166666666666666,
        "support": 184.0
    },
    "accuracy": 0.8638297872340426,
    "macro avg": {
        "precision": 0.8257142857142857,
        "recall": 0.7429667519181586,
        "f1-score": 0.7722868217054264,
        "support": 235.0
    },
    "weighted avg": {
        "precision": 0.8564376899696048,
        "recall": 0.8638297872340426,
        "f1-score": 0.8539996701302984,
        "support": 235.0
    },
    "Accuracy": 0.8638297872340426,
    "F1 - Avg. Macro": 0.7722868217054264,
    "F1 - Positives": 0.9166666666666666
}