{
    "Not Affected": {
        "precision": 0.9722222222222222,
        "recall": 0.8346608737629737,
        "f1-score": 0.8982051481856672,
        "support": 20715.0
    },
    "Affected": {
        "precision": 0.06343997812414548,
        "recall": 0.31955922865013775,
        "f1-score": 0.10586356376910791,
        "support": 726.0
    },
    "accuracy": 0.8172193461125881,
    "macro avg": {
        "precision": 0.5178311001731839,
        "recall": 0.5771100512065557,
        "f1-score": 0.5020343559773875,
        "support": 21441.0
    },
    "weighted avg": {
        "precision": 0.9414505273751906,
        "recall": 0.8172193461125881,
        "f1-score": 0.8713761761094383,
        "support": 21441.0
    },
    "Accuracy": 0.8172193461125881,
    "F1 - Avg. Macro": 0.5020343559773875,
    "F1 - Positives": 0.10586356376910791
}