{
    "Not Affected": {
        "precision": 0.7380952380952381,
        "recall": 0.6078431372549019,
        "f1-score": 0.6666666666666666,
        "support": 51.0
    },
    "Affected": {
        "precision": 0.8963730569948186,
        "recall": 0.9402173913043478,
        "f1-score": 0.9177718832891246,
        "support": 184.0
    },
    "accuracy": 0.8680851063829788,
    "macro avg": {
        "precision": 0.8172341475450284,
        "recall": 0.7740302642796248,
        "f1-score": 0.7922192749778956,
        "support": 235.0
    },
    "weighted avg": {
        "precision": 0.8620234026804415,
        "recall": 0.8680851063829788,
        "f1-score": 0.8632767086178679,
        "support": 235.0
    },
    "Accuracy": 0.8680851063829788,
    "F1 - Avg. Macro": 0.7922192749778956,
    "F1 - Positives": 0.9177718832891246
}