{
    "Not Affected": {
        "precision": 0.9700315457413249,
        "recall": 0.9203475742215785,
        "f1-score": 0.9445366494092001,
        "support": 20715.0
    },
    "Affected": {
        "precision": 0.07666480134303301,
        "recall": 0.1887052341597796,
        "f1-score": 0.10903302825308396,
        "support": 726.0
    },
    "accuracy": 0.8955739004710601,
    "macro avg": {
        "precision": 0.523348173542179,
        "recall": 0.5545264041906791,
        "f1-score": 0.526784838831142,
        "support": 21441.0
    },
    "weighted avg": {
        "precision": 0.9397818252789789,
        "recall": 0.8955739004710601,
        "f1-score": 0.9162461951878793,
        "support": 21441.0
    },
    "Accuracy": 0.8955739004710601,
    "F1 - Avg. Macro": 0.526784838831142,
    "F1 - Positives": 0.10903302825308396
}