{
    "Not Affected": {
        "precision": 0.9711764705882353,
        "recall": 0.8767076997344919,
        "f1-score": 0.9215273373081314,
        "support": 20715.0
    },
    "Affected": {
        "precision": 0.06822327617657789,
        "recall": 0.25757575757575757,
        "f1-score": 0.10787424286126333,
        "support": 726.0
    },
    "accuracy": 0.8557436686721701,
    "macro avg": {
        "precision": 0.5196998733824066,
        "recall": 0.5671417286551248,
        "f1-score": 0.5147007900846974,
        "support": 21441.0
    },
    "weighted avg": {
        "precision": 0.9406021494678182,
        "recall": 0.8557436686721701,
        "f1-score": 0.8939767498090211,
        "support": 21441.0
    },
    "Accuracy": 0.8557436686721701,
    "F1 - Avg. Macro": 0.5147007900846974,
    "F1 - Positives": 0.10787424286126333
}