{
    "Not Affected": {
        "precision": 0.9722175825399476,
        "recall": 0.8429640357229061,
        "f1-score": 0.9029889337056572,
        "support": 20715.0
    },
    "Affected": {
        "precision": 0.06522988505747127,
        "recall": 0.31267217630853994,
        "f1-score": 0.10794103661436044,
        "support": 726.0
    },
    "accuracy": 0.8250081619327456,
    "macro avg": {
        "precision": 0.5187237337987094,
        "recall": 0.577818106015723,
        "f1-score": 0.5054649851600088,
        "support": 21441.0
    },
    "weighted avg": {
        "precision": 0.9415066516891347,
        "recall": 0.8250081619327456,
        "f1-score": 0.8760683249053084,
        "support": 21441.0
    },
    "Accuracy": 0.8250081619327456,
    "F1 - Avg. Macro": 0.5054649851600088,
    "F1 - Positives": 0.10794103661436044
}