{
    "Not Affected": {
        "precision": 0.8,
        "recall": 0.47058823529411764,
        "f1-score": 0.5925925925925926,
        "support": 51.0
    },
    "Affected": {
        "precision": 0.8682926829268293,
        "recall": 0.967391304347826,
        "f1-score": 0.9151670951156813,
        "support": 184.0
    },
    "accuracy": 0.8595744680851064,
    "macro avg": {
        "precision": 0.8341463414634147,
        "recall": 0.7189897698209718,
        "f1-score": 0.753879843854137,
        "support": 235.0
    },
    "weighted avg": {
        "precision": 0.8534717176959004,
        "recall": 0.8595744680851064,
        "f1-score": 0.8451615647808833,
        "support": 235.0
    },
    "Accuracy": 0.8595744680851064,
    "F1 - Avg. Macro": 0.753879843854137,
    "F1 - Positives": 0.9151670951156813
}