{
    "Not Affected": {
        "precision": 0.9689978719288064,
        "recall": 0.9671735457398021,
        "f1-score": 0.9680848493633881,
        "support": 20715.0
    },
    "Affected": {
        "precision": 0.1111111111111111,
        "recall": 0.11707988980716254,
        "f1-score": 0.11401743796109994,
        "support": 726.0
    },
    "accuracy": 0.9383890676740824,
    "macro avg": {
        "precision": 0.5400544915199588,
        "recall": 0.5421267177734823,
        "f1-score": 0.541051143662244,
        "support": 21441.0
    },
    "weighted avg": {
        "precision": 0.9399495165184408,
        "recall": 0.9383890676740824,
        "f1-score": 0.9391658185029776,
        "support": 21441.0
    },
    "Accuracy": 0.9383890676740824,
    "F1 - Avg. Macro": 0.541051143662244,
    "F1 - Positives": 0.11401743796109994
}