{
    "Not Affected": {
        "precision": 0.9723318132909771,
        "recall": 0.9160994448467294,
        "f1-score": 0.9433784052495526,
        "support": 20715.0
    },
    "Affected": {
        "precision": 0.09667359667359668,
        "recall": 0.256198347107438,
        "f1-score": 0.14037735849056604,
        "support": 726.0
    },
    "accuracy": 0.893754955459167,
    "macro avg": {
        "precision": 0.5345027049822869,
        "recall": 0.5861488959770838,
        "f1-score": 0.5418778818700594,
        "support": 21441.0
    },
    "weighted avg": {
        "precision": 0.9426817099719053,
        "recall": 0.893754955459167,
        "f1-score": 0.9161884999304433,
        "support": 21441.0
    },
    "Accuracy": 0.893754955459167,
    "F1 - Avg. Macro": 0.5418778818700594,
    "F1 - Positives": 0.14037735849056604
}