{
    "Not Affected": {
        "precision": 0.9688922973685472,
        "recall": 0.9758146270818248,
        "f1-score": 0.9723411419500697,
        "support": 20715.0
    },
    "Affected": {
        "precision": 0.13321799307958476,
        "recall": 0.10606060606060606,
        "f1-score": 0.11809815950920245,
        "support": 726.0
    },
    "accuracy": 0.9463644419569983,
    "macro avg": {
        "precision": 0.551055145224066,
        "recall": 0.5409376165712154,
        "f1-score": 0.5452196507296361,
        "support": 21441.0
    },
    "weighted avg": {
        "precision": 0.940596063754733,
        "recall": 0.9463644419569983,
        "f1-score": 0.9434161661909135,
        "support": 21441.0
    },
    "Accuracy": 0.9463644419569983,
    "F1 - Avg. Macro": 0.5452196507296361,
    "F1 - Positives": 0.11809815950920245
}