{
    "Not Affected": {
        "precision": 0.9695236216589407,
        "recall": 0.9490707216992518,
        "f1-score": 0.959188154075086,
        "support": 20715.0
    },
    "Affected": {
        "precision": 0.09286328460877043,
        "recall": 0.1487603305785124,
        "f1-score": 0.11434621492853361,
        "support": 726.0
    },
    "accuracy": 0.9219719229513549,
    "macro avg": {
        "precision": 0.5311934531338556,
        "recall": 0.5489155261388821,
        "f1-score": 0.5367671845018098,
        "support": 21441.0
    },
    "weighted avg": {
        "precision": 0.9398395861802585,
        "recall": 0.9219719229513549,
        "f1-score": 0.9305815010355636,
        "support": 21441.0
    },
    "Accuracy": 0.9219719229513549,
    "F1 - Avg. Macro": 0.5367671845018098,
    "F1 - Positives": 0.11434621492853361
}