{
    "Not Affected": {
        "precision": 0.9697553067531284,
        "recall": 0.9240646874245716,
        "f1-score": 0.9463588273100312,
        "support": 20715.0
    },
    "Affected": {
        "precision": 0.07579318448883667,
        "recall": 0.17768595041322313,
        "f1-score": 0.10626029654036244,
        "support": 726.0
    },
    "accuracy": 0.8987920339536403,
    "macro avg": {
        "precision": 0.5227742456209825,
        "recall": 0.5508753189188974,
        "f1-score": 0.5263095619251968,
        "support": 21441.0
    },
    "weighted avg": {
        "precision": 0.9394854265813138,
        "recall": 0.8987920339536403,
        "f1-score": 0.9179127877904761,
        "support": 21441.0
    },
    "Accuracy": 0.8987920339536403,
    "F1 - Avg. Macro": 0.5263095619251968,
    "F1 - Positives": 0.10626029654036244
}