{
    "Not Affected": {
        "precision": 0.9712043362881825,
        "recall": 0.830364470190683,
        "f1-score": 0.8952792380159267,
        "support": 20715.0
    },
    "Affected": {
        "precision": 0.057908847184986595,
        "recall": 0.2975206611570248,
        "f1-score": 0.09694793536804308,
        "support": 726.0
    },
    "accuracy": 0.8123221864651835,
    "macro avg": {
        "precision": 0.5145565917365845,
        "recall": 0.5639425656738539,
        "f1-score": 0.4961135866919849,
        "support": 21441.0
    },
    "weighted avg": {
        "precision": 0.9402798213360385,
        "recall": 0.8123221864651835,
        "f1-score": 0.8682474519181531,
        "support": 21441.0
    },
    "Accuracy": 0.8123221864651835,
    "F1 - Avg. Macro": 0.4961135866919849,
    "F1 - Positives": 0.09694793536804308
}