{
    "Not Affected": {
        "precision": 0.9722991689750693,
        "recall": 0.8302679217958001,
        "f1-score": 0.8956879491719613,
        "support": 20715.0
    },
    "Affected": {
        "precision": 0.0628997867803838,
        "recall": 0.325068870523416,
        "f1-score": 0.10540419830281375,
        "support": 726.0
    },
    "accuracy": 0.8131616995475958,
    "macro avg": {
        "precision": 0.5175994778777265,
        "recall": 0.5776683961596081,
        "f1-score": 0.5005460737373875,
        "support": 21441.0
    },
    "weighted avg": {
        "precision": 0.9415065776093056,
        "recall": 0.8131616995475958,
        "f1-score": 0.8689286560825064,
        "support": 21441.0
    },
    "Accuracy": 0.8131616995475958,
    "F1 - Avg. Macro": 0.5005460737373875,
    "F1 - Positives": 0.10540419830281375
}