{
    "Not Affected": {
        "precision": 0.9725858526562958,
        "recall": 0.7998069032102342,
        "f1-score": 0.877774834437086,
        "support": 20715.0
    },
    "Affected": {
        "precision": 0.058783477076713574,
        "recall": 0.35674931129476584,
        "f1-score": 0.10093530787217458,
        "support": 726.0
    },
    "accuracy": 0.7848048132083392,
    "macro avg": {
        "precision": 0.5156846648665047,
        "recall": 0.5782781072525001,
        "f1-score": 0.4893550711546303,
        "support": 21441.0
    },
    "weighted avg": {
        "precision": 0.9416441743450802,
        "recall": 0.7848048132083392,
        "f1-score": 0.8514707676358115,
        "support": 21441.0
    },
    "Accuracy": 0.7848048132083392,
    "F1 - Avg. Macro": 0.4893550711546303,
    "F1 - Positives": 0.10093530787217458
}