{
    "Not Affected": {
        "precision": 0.9732913385826771,
        "recall": 0.7458846246681149,
        "f1-score": 0.8445476906258541,
        "support": 20715.0
    },
    "Affected": {
        "precision": 0.05425799496945742,
        "recall": 0.41597796143250687,
        "f1-score": 0.09599491417673237,
        "support": 726.0
    },
    "accuracy": 0.7347138659577445,
    "macro avg": {
        "precision": 0.5137746667760673,
        "recall": 0.5809312930503109,
        "f1-score": 0.4702713024012932,
        "support": 21441.0
    },
    "weighted avg": {
        "precision": 0.9421725378055121,
        "recall": 0.7347138659577445,
        "f1-score": 0.8192014233947519,
        "support": 21441.0
    },
    "Accuracy": 0.7347138659577445,
    "F1 - Avg. Macro": 0.4702713024012932,
    "F1 - Positives": 0.09599491417673237
}