{
    "Not Affected": {
        "precision": 0.9742570932900554,
        "recall": 0.8404055032585084,
        "f1-score": 0.9023947750362845,
        "support": 20715.0
    },
    "Affected": {
        "precision": 0.07446808510638298,
        "recall": 0.36639118457300274,
        "f1-score": 0.1237785016286645,
        "support": 726.0
    },
    "accuracy": 0.8243552073130918,
    "macro avg": {
        "precision": 0.5243625891982192,
        "recall": 0.6033983439157555,
        "f1-score": 0.5130866383324745,
        "support": 21441.0
    },
    "weighted avg": {
        "precision": 0.9437899126575594,
        "recall": 0.8243552073130918,
        "f1-score": 0.8760305469455268,
        "support": 21441.0
    },
    "Accuracy": 0.8243552073130918,
    "F1 - Avg. Macro": 0.5130866383324745,
    "F1 - Positives": 0.1237785016286645
}