{
    "Not Affected": {
        "precision": 0.973789816904941,
        "recall": 0.7496982862659908,
        "f1-score": 0.8471756266535745,
        "support": 20715.0
    },
    "Affected": {
        "precision": 0.05607136355361369,
        "recall": 0.42424242424242425,
        "f1-score": 0.09905129442032481,
        "support": 726.0
    },
    "accuracy": 0.7386782332913577,
    "macro avg": {
        "precision": 0.5149305902292773,
        "recall": 0.5869703552542075,
        "f1-score": 0.47311346053694964,
        "support": 21441.0
    },
    "weighted avg": {
        "precision": 0.9427155387867067,
        "recall": 0.7386782332913576,
        "f1-score": 0.8218438666982861,
        "support": 21441.0
    },
    "Accuracy": 0.7386782332913577,
    "F1 - Avg. Macro": 0.47311346053694964,
    "F1 - Positives": 0.09905129442032481
}