{
    "Not Affected": {
        "precision": 0.9695143388076942,
        "recall": 0.9318851074100893,
        "f1-score": 0.9503273765568847,
        "support": 20715.0
    },
    "Affected": {
        "precision": 0.07777777777777778,
        "recall": 0.16391184573002754,
        "f1-score": 0.10549645390070922,
        "support": 726.0
    },
    "accuracy": 0.9058812555384543,
    "macro avg": {
        "precision": 0.523646058292736,
        "recall": 0.5478984765700584,
        "f1-score": 0.527911915228797,
        "support": 21441.0
    },
    "weighted avg": {
        "precision": 0.9393198169426824,
        "recall": 0.9058812555384543,
        "f1-score": 0.9217210965397034,
        "support": 21441.0
    },
    "Accuracy": 0.9058812555384543,
    "F1 - Avg. Macro": 0.527911915228797,
    "F1 - Positives": 0.10549645390070922
}