{
    "Not Affected": {
        "precision": 0.972547809993831,
        "recall": 0.7610427226647357,
        "f1-score": 0.8538930264048747,
        "support": 20715.0
    },
    "Affected": {
        "precision": 0.05371821831389792,
        "recall": 0.38705234159779617,
        "f1-score": 0.09434278999496391,
        "support": 726.0
    },
    "accuracy": 0.7483792733547876,
    "macro avg": {
        "precision": 0.5131330141538645,
        "recall": 0.5740475321312659,
        "f1-score": 0.47411790819991934,
        "support": 21441.0
    },
    "weighted avg": {
        "precision": 0.9414359083306795,
        "recall": 0.7483792733547876,
        "f1-score": 0.8281743812095202,
        "support": 21441.0
    },
    "Accuracy": 0.7483792733547876,
    "F1 - Avg. Macro": 0.47411790819991934,
    "F1 - Positives": 0.09434278999496391
}