{
    "Not Affected": {
        "precision": 0.9718389330597589,
        "recall": 0.914602944726044,
        "f1-score": 0.9423526485948769,
        "support": 20715.0
    },
    "Affected": {
        "precision": 0.09095580678314491,
        "recall": 0.24380165289256198,
        "f1-score": 0.13248502994011976,
        "support": 726.0
    },
    "accuracy": 0.8918893708315844,
    "macro avg": {
        "precision": 0.5313973699214519,
        "recall": 0.579202298809303,
        "f1-score": 0.5374188392674983,
        "support": 21441.0
    },
    "weighted avg": {
        "precision": 0.942011912413482,
        "recall": 0.8918893708315844,
        "f1-score": 0.9149302386726086,
        "support": 21441.0
    },
    "Accuracy": 0.8918893708315844,
    "F1 - Avg. Macro": 0.5374188392674983,
    "F1 - Positives": 0.13248502994011976
}