{
    "Not Affected": {
        "precision": 0.9729477611940298,
        "recall": 0.8559497948346608,
        "f1-score": 0.9107064896376383,
        "support": 20715.0
    },
    "Affected": {
        "precision": 0.07242772769661175,
        "recall": 0.3209366391184573,
        "f1-score": 0.11818412376363176,
        "support": 726.0
    },
    "accuracy": 0.8378340562473765,
    "macro avg": {
        "precision": 0.5226877444453207,
        "recall": 0.5884432169765591,
        "f1-score": 0.514445306700635,
        "support": 21441.0
    },
    "weighted avg": {
        "precision": 0.9424558277805171,
        "recall": 0.8378340562473765,
        "f1-score": 0.8838713962360001,
        "support": 21441.0
    },
    "Accuracy": 0.8378340562473765,
    "F1 - Avg. Macro": 0.514445306700635,
    "F1 - Positives": 0.11818412376363176
}