{
    "Not Affected": {
        "precision": 0.9712936432134139,
        "recall": 0.8836591841660633,
        "f1-score": 0.9254063345213721,
        "support": 20715.0
    },
    "Affected": {
        "precision": 0.07129094412331406,
        "recall": 0.2548209366391185,
        "f1-score": 0.11141222523336344,
        "support": 726.0
    },
    "accuracy": 0.8623664941000886,
    "macro avg": {
        "precision": 0.521292293668364,
        "recall": 0.5692400604025909,
        "f1-score": 0.5184092798773677,
        "support": 21441.0
    },
    "weighted avg": {
        "precision": 0.9408192269296858,
        "recall": 0.8623664941000886,
        "f1-score": 0.8978442001366375,
        "support": 21441.0
    },
    "Accuracy": 0.8623664941000886,
    "F1 - Avg. Macro": 0.5184092798773677,
    "F1 - Positives": 0.11141222523336344
}