{
    "Not Affected": {
        "precision": 0.9737699486443205,
        "recall": 0.8512671976828385,
        "f1-score": 0.9084071708221718,
        "support": 20715.0
    },
    "Affected": {
        "precision": 0.07533013205282113,
        "recall": 0.34573002754820936,
        "f1-score": 0.12370625924100542,
        "support": 726.0
    },
    "accuracy": 0.8341495266079008,
    "macro avg": {
        "precision": 0.5245500403485708,
        "recall": 0.598498612615524,
        "f1-score": 0.5160567150315887,
        "support": 21441.0
    },
    "weighted avg": {
        "precision": 0.9433484521261811,
        "recall": 0.8341495266079008,
        "f1-score": 0.8818369146863607,
        "support": 21441.0
    },
    "Accuracy": 0.8341495266079008,
    "F1 - Avg. Macro": 0.5160567150315887,
    "F1 - Positives": 0.12370625924100542
}