{
    "Not Affected": {
        "precision": 0.9694154849547902,
        "recall": 0.9471397538015931,
        "f1-score": 0.9581481662352884,
        "support": 20715.0
    },
    "Affected": {
        "precision": 0.08901830282861897,
        "recall": 0.14738292011019283,
        "f1-score": 0.11099585062240663,
        "support": 726.0
    },
    "accuracy": 0.9200596987080827,
    "macro avg": {
        "precision": 0.5292168938917046,
        "recall": 0.547261336955893,
        "f1-score": 0.5345720084288476,
        "support": 21441.0
    },
    "weighted avg": {
        "precision": 0.9396049185528687,
        "recall": 0.9200596987080827,
        "f1-score": 0.929463283014592,
        "support": 21441.0
    },
    "Accuracy": 0.9200596987080827,
    "F1 - Avg. Macro": 0.5345720084288476,
    "F1 - Positives": 0.11099585062240663
}