{
    "Not Affected": {
        "precision": 0.9717627401837928,
        "recall": 0.8422881969587256,
        "f1-score": 0.9024049650892164,
        "support": 20715.0
    },
    "Affected": {
        "precision": 0.06282271944922548,
        "recall": 0.30165289256198347,
        "f1-score": 0.10398860398860399,
        "support": 726.0
    },
    "accuracy": 0.8239820903875752,
    "macro avg": {
        "precision": 0.5172927298165092,
        "recall": 0.5719705447603545,
        "f1-score": 0.5031967845389103,
        "support": 21441.0
    },
    "weighted avg": {
        "precision": 0.9409857029628937,
        "recall": 0.8239820903875752,
        "f1-score": 0.8753702988815282,
        "support": 21441.0
    },
    "Accuracy": 0.8239820903875752,
    "F1 - Avg. Macro": 0.5031967845389103,
    "F1 - Positives": 0.10398860398860399
}