{
    "Not Affected": {
        "precision": 0.970378607895668,
        "recall": 0.9267197682838523,
        "f1-score": 0.9480468171267717,
        "support": 20715.0
    },
    "Affected": {
        "precision": 0.08443908323281062,
        "recall": 0.1928374655647383,
        "f1-score": 0.1174496644295302,
        "support": 726.0
    },
    "accuracy": 0.9018702485891517,
    "macro avg": {
        "precision": 0.5274088455642393,
        "recall": 0.5597786169242953,
        "f1-score": 0.532748240778151,
        "support": 21441.0
    },
    "weighted avg": {
        "precision": 0.9403803757747206,
        "recall": 0.9018702485891517,
        "f1-score": 0.9199224976986575,
        "support": 21441.0
    },
    "Accuracy": 0.9018702485891517,
    "F1 - Avg. Macro": 0.532748240778151,
    "F1 - Positives": 0.1174496644295302
}