{
    "Not Affected": {
        "precision": 0.9745724317589761,
        "recall": 0.8307506637702148,
        "f1-score": 0.8969327391655592,
        "support": 20715.0
    },
    "Affected": {
        "precision": 0.0732223103357124,
        "recall": 0.38154269972451793,
        "f1-score": 0.1228653803504103,
        "support": 726.0
    },
    "accuracy": 0.8155403199477637,
    "macro avg": {
        "precision": 0.5238973710473442,
        "recall": 0.6061466817473664,
        "f1-score": 0.5098990597579848,
        "support": 21441.0
    },
    "weighted avg": {
        "precision": 0.9440523912686403,
        "recall": 0.8155403199477637,
        "f1-score": 0.8707225389650183,
        "support": 21441.0
    },
    "Accuracy": 0.8155403199477637,
    "F1 - Avg. Macro": 0.5098990597579848,
    "F1 - Positives": 0.1228653803504103
}