{
    "Not Affected": {
        "precision": 0.7045454545454546,
        "recall": 0.6078431372549019,
        "f1-score": 0.6526315789473685,
        "support": 51.0
    },
    "Affected": {
        "precision": 0.8952879581151832,
        "recall": 0.9293478260869565,
        "f1-score": 0.912,
        "support": 184.0
    },
    "accuracy": 0.8595744680851064,
    "macro avg": {
        "precision": 0.799916706330319,
        "recall": 0.7685954816709293,
        "f1-score": 0.7823157894736843,
        "support": 235.0
    },
    "weighted avg": {
        "precision": 0.8538927764894123,
        "recall": 0.8595744680851064,
        "f1-score": 0.8557115341545353,
        "support": 235.0
    },
    "Accuracy": 0.8595744680851064,
    "F1 - Avg. Macro": 0.7823157894736843,
    "F1 - Positives": 0.912
}