{
    "Not Affected": {
        "precision": 0.9714285714285714,
        "recall": 0.9125754284335023,
        "f1-score": 0.9410827629122589,
        "support": 20715.0
    },
    "Affected": {
        "precision": 0.08581524482584553,
        "recall": 0.23415977961432508,
        "f1-score": 0.12560029553010713,
        "support": 726.0
    },
    "accuracy": 0.8896040296627956,
    "macro avg": {
        "precision": 0.5286219081272084,
        "recall": 0.5733676040239136,
        "f1-score": 0.533341529221183,
        "support": 21441.0
    },
    "weighted avg": {
        "precision": 0.9414413844916946,
        "recall": 0.8896040296627956,
        "f1-score": 0.9134702321851733,
        "support": 21441.0
    },
    "Accuracy": 0.8896040296627956,
    "F1 - Avg. Macro": 0.533341529221183,
    "F1 - Positives": 0.12560029553010713
}