{
    "Not Affected": {
        "precision": 0.9736377396569122,
        "recall": 0.7452570601013758,
        "f1-score": 0.8442755188537365,
        "support": 20715.0
    },
    "Affected": {
        "precision": 0.05514771709937332,
        "recall": 0.42424242424242425,
        "f1-score": 0.09760735224211693,
        "support": 726.0
    },
    "accuracy": 0.7343873886479175,
    "macro avg": {
        "precision": 0.5143927283781428,
        "recall": 0.5847497421719,
        "f1-score": 0.4709414355479267,
        "support": 21441.0
    },
    "weighted avg": {
        "precision": 0.9425373359268263,
        "recall": 0.7343873886479175,
        "f1-score": 0.8189930651920586,
        "support": 21441.0
    },
    "Accuracy": 0.7343873886479175,
    "F1 - Avg. Macro": 0.4709414355479267,
    "F1 - Positives": 0.09760735224211693
}