{
    "Not Affected": {
        "precision": 0.9765734907333782,
        "recall": 0.7707458363504707,
        "f1-score": 0.86153680120872,
        "support": 20715.0
    },
    "Affected": {
        "precision": 0.0673605655930872,
        "recall": 0.4724517906336088,
        "f1-score": 0.11790993468545892,
        "support": 726.0
    },
    "accuracy": 0.7606454922811436,
    "macro avg": {
        "precision": 0.5219670281632327,
        "recall": 0.6215988134920397,
        "f1-score": 0.4897233679470895,
        "support": 21441.0
    },
    "weighted avg": {
        "precision": 0.9457872128707855,
        "recall": 0.7606454922811436,
        "f1-score": 0.8363573270659147,
        "support": 21441.0
    },
    "Accuracy": 0.7606454922811436,
    "F1 - Avg. Macro": 0.4897233679470895,
    "F1 - Positives": 0.11790993468545892
}