{
    "Not Affected": {
        "precision": 0.5833333333333334,
        "recall": 0.6862745098039216,
        "f1-score": 0.6306306306306306,
        "support": 51.0
    },
    "Affected": {
        "precision": 0.9085714285714286,
        "recall": 0.8641304347826086,
        "f1-score": 0.8857938718662952,
        "support": 184.0
    },
    "accuracy": 0.825531914893617,
    "macro avg": {
        "precision": 0.7459523809523809,
        "recall": 0.7752024722932651,
        "f1-score": 0.7582122512484629,
        "support": 235.0
    },
    "weighted avg": {
        "precision": 0.8379878419452887,
        "recall": 0.825531914893617,
        "f1-score": 0.8304180195130233,
        "support": 235.0
    },
    "Accuracy": 0.825531914893617,
    "F1 - Avg. Macro": 0.7582122512484629,
    "F1 - Positives": 0.8857938718662952
}