{
    "Not Affected": {
        "precision": 0.9729920981247788,
        "recall": 0.7965242577842143,
        "f1-score": 0.8759589095638787,
        "support": 20715.0
    },
    "Affected": {
        "precision": 0.059781396386348426,
        "recall": 0.3691460055096419,
        "f1-score": 0.10289882894989441,
        "support": 726.0
    },
    "accuracy": 0.7820530758826547,
    "macro avg": {
        "precision": 0.5163867472555637,
        "recall": 0.5828351316469281,
        "f1-score": 0.48942886925688656,
        "support": 21441.0
    },
    "weighted avg": {
        "precision": 0.9420704541034132,
        "recall": 0.7820530758826547,
        "f1-score": 0.849782816166847,
        "support": 21441.0
    },
    "Accuracy": 0.7820530758826547,
    "F1 - Avg. Macro": 0.48942886925688656,
    "F1 - Positives": 0.10289882894989441
}