{
    "Not Affected": {
        "precision": 0.9722488038277513,
        "recall": 0.8337919382090273,
        "f1-score": 0.8977130977130977,
        "support": 20715.0
    },
    "Affected": {
        "precision": 0.0633841131664853,
        "recall": 0.3209366391184573,
        "f1-score": 0.10586097228532486,
        "support": 726.0
    },
    "accuracy": 0.8164264726458654,
    "macro avg": {
        "precision": 0.5178164584971183,
        "recall": 0.5773642886637423,
        "f1-score": 0.5017870349992113,
        "support": 21441.0
    },
    "weighted avg": {
        "precision": 0.9414743173103277,
        "recall": 0.8164264726458654,
        "f1-score": 0.8709006988949193,
        "support": 21441.0
    },
    "Accuracy": 0.8164264726458654,
    "F1 - Avg. Macro": 0.5017870349992113,
    "F1 - Positives": 0.10586097228532486
}