{
    "Not Affected": {
        "precision": 0.9706653819388684,
        "recall": 0.8753560222061308,
        "f1-score": 0.9205503096761093,
        "support": 20715.0
    },
    "Affected": {
        "precision": 0.0644927536231884,
        "recall": 0.24517906336088155,
        "f1-score": 0.102122776821572,
        "support": 726.0
    },
    "accuracy": 0.8540180028916562,
    "macro avg": {
        "precision": 0.5175790677810284,
        "recall": 0.5602675427835062,
        "f1-score": 0.5113365432488406,
        "support": 21441.0
    },
    "weighted avg": {
        "precision": 0.9399820496242756,
        "recall": 0.8540180028916562,
        "f1-score": 0.8928380579689877,
        "support": 21441.0
    },
    "Accuracy": 0.8540180028916562,
    "F1 - Avg. Macro": 0.5113365432488406,
    "F1 - Positives": 0.102122776821572
}