{
    "Not Affected": {
        "precision": 0.673469387755102,
        "recall": 0.6470588235294118,
        "f1-score": 0.66,
        "support": 51.0
    },
    "Affected": {
        "precision": 0.9032258064516129,
        "recall": 0.9130434782608695,
        "f1-score": 0.9081081081081082,
        "support": 184.0
    },
    "accuracy": 0.8553191489361702,
    "macro avg": {
        "precision": 0.7883475971033574,
        "recall": 0.7800511508951407,
        "f1-score": 0.7840540540540542,
        "support": 235.0
    },
    "weighted avg": {
        "precision": 0.8533637751600297,
        "recall": 0.8553191489361702,
        "f1-score": 0.8542633697527314,
        "support": 235.0
    },
    "Accuracy": 0.8553191489361702,
    "F1 - Avg. Macro": 0.7840540540540542,
    "F1 - Positives": 0.9081081081081082
}