{
    "Not Affected": {
        "precision": 0.975381556634115,
        "recall": 0.8052136133236785,
        "f1-score": 0.8821662788237783,
        "support": 20715.0
    },
    "Affected": {
        "precision": 0.07027649769585254,
        "recall": 0.4201101928374656,
        "f1-score": 0.12041058033951836,
        "support": 726.0
    },
    "accuracy": 0.7921738724872907,
    "macro avg": {
        "precision": 0.5228290271649838,
        "recall": 0.612661903080572,
        "f1-score": 0.5012884295816483,
        "support": 21441.0
    },
    "weighted avg": {
        "precision": 0.944734372604024,
        "recall": 0.7921738724872907,
        "f1-score": 0.8563729558864352,
        "support": 21441.0
    },
    "Accuracy": 0.7921738724872907,
    "F1 - Avg. Macro": 0.5012884295816483,
    "F1 - Positives": 0.12041058033951836
}