{
    "0": {
        "precision": 0.9705108474407983,
        "recall": 0.9437122857832488,
        "f1-score": 0.9569239806157913,
        "support": 20715.0
    },
    "1": {
        "precision": 0.1016949152542373,
        "recall": 0.18181818181818182,
        "f1-score": 0.13043478260869565,
        "support": 726.0
    },
    "accuracy": 0.9179142763863626,
    "macro avg": {
        "precision": 0.5361028813475178,
        "recall": 0.5627652338007153,
        "f1-score": 0.5436793816122435,
        "support": 21441.0
    },
    "weighted avg": {
        "precision": 0.9410924263425545,
        "recall": 0.9179142763863626,
        "f1-score": 0.9289387580164185,
        "support": 21441.0
    },
    "Accuracy": 0.9179142763863626,
    "F1 - Avg. Macro": 0.5436793816122435,
    "F1 - Positives": 0.13043478260869565
}