{
    "Not Affected": {
        "precision": 0.9708998978000107,
        "recall": 0.871349263818489,
        "f1-score": 0.9184348445529944,
        "support": 20715.0
    },
    "Affected": {
        "precision": 0.06491228070175438,
        "recall": 0.2548209366391185,
        "f1-score": 0.10346756152125279,
        "support": 726.0
    },
    "accuracy": 0.8504733920992491,
    "macro avg": {
        "precision": 0.5179060892508826,
        "recall": 0.5630851002288038,
        "f1-score": 0.5109512030371236,
        "support": 21441.0
    },
    "weighted avg": {
        "precision": 0.9402228300320273,
        "recall": 0.8504733920992491,
        "f1-score": 0.8908397581539904,
        "support": 21441.0
    },
    "Accuracy": 0.8504733920992491,
    "F1 - Avg. Macro": 0.5109512030371236,
    "F1 - Positives": 0.10346756152125279
}