{
    "Not Affected": {
        "precision": 0.9769732634002815,
        "recall": 0.7373400917209751,
        "f1-score": 0.8404082643263914,
        "support": 20715.0
    },
    "Affected": {
        "precision": 0.06302738074737387,
        "recall": 0.5041322314049587,
        "f1-score": 0.11204653298637686,
        "support": 726.0
    },
    "accuracy": 0.7294435893848235,
    "macro avg": {
        "precision": 0.5200003220738276,
        "recall": 0.620736161562967,
        "f1-score": 0.47622739865638414,
        "support": 21441.0
    },
    "weighted avg": {
        "precision": 0.9460267258877583,
        "recall": 0.7294435893848235,
        "f1-score": 0.8157456731714614,
        "support": 21441.0
    },
    "Accuracy": 0.7294435893848235,
    "F1 - Avg. Macro": 0.47622739865638414,
    "F1 - Positives": 0.11204653298637686
}