{
    "Not Affected": {
        "precision": 0.9722920475319927,
        "recall": 0.821578566256336,
        "f1-score": 0.8906041497684398,
        "support": 20715.0
    },
    "Affected": {
        "precision": 0.06121412242824486,
        "recall": 0.3319559228650138,
        "f1-score": 0.1033669311601973,
        "support": 726.0
    },
    "accuracy": 0.8049997668019215,
    "macro avg": {
        "precision": 0.5167530849801187,
        "recall": 0.5767672445606749,
        "f1-score": 0.49698554046431853,
        "support": 21441.0
    },
    "weighted avg": {
        "precision": 0.9414426200973899,
        "recall": 0.8049997668019215,
        "f1-score": 0.8639480133611088,
        "support": 21441.0
    },
    "Accuracy": 0.8049997668019215,
    "F1 - Avg. Macro": 0.49698554046431853,
    "F1 - Positives": 0.1033669311601973
}