{
    "Not Affected": {
        "precision": 0.9726241058462862,
        "recall": 0.872990586531499,
        "f1-score": 0.9201180421288288,
        "support": 20715.0
    },
    "Affected": {
        "precision": 0.0761938202247191,
        "recall": 0.2988980716253444,
        "f1-score": 0.12143256855064354,
        "support": 726.0
    },
    "accuracy": 0.8535516067347605,
    "macro avg": {
        "precision": 0.5244089630355027,
        "recall": 0.5859443290784216,
        "f1-score": 0.5207753053397361,
        "support": 21441.0
    },
    "weighted avg": {
        "precision": 0.9422706527722106,
        "recall": 0.8535516067347605,
        "f1-score": 0.8930742636755028,
        "support": 21441.0
    },
    "Accuracy": 0.8535516067347605,
    "F1 - Avg. Macro": 0.5207753053397361,
    "F1 - Positives": 0.12143256855064354
}