{
    "Not Affected": {
        "precision": 0.97239296883425,
        "recall": 0.8705768766594255,
        "f1-score": 0.9186724739563434,
        "support": 20715.0
    },
    "Affected": {
        "precision": 0.07392055267702936,
        "recall": 0.29476584022038566,
        "f1-score": 0.11819939243302954,
        "support": 726.0
    },
    "accuracy": 0.8510797071032135,
    "macro avg": {
        "precision": 0.5231567607556397,
        "recall": 0.5826713584399056,
        "f1-score": 0.5184359331946865,
        "support": 21441.0
    },
    "weighted avg": {
        "precision": 0.941970368483047,
        "recall": 0.8510797071032135,
        "f1-score": 0.8915681664526858,
        "support": 21441.0
    },
    "Accuracy": 0.8510797071032135,
    "F1 - Avg. Macro": 0.5184359331946865,
    "F1 - Positives": 0.11819939243302954
}