{
    "Not Affected": {
        "precision": 0.972447878202579,
        "recall": 0.8263577118030413,
        "f1-score": 0.8934704316509212,
        "support": 20715.0
    },
    "Affected": {
        "precision": 0.0627931214174049,
        "recall": 0.3319559228650138,
        "f1-score": 0.1056091148115688,
        "support": 726.0
    },
    "accuracy": 0.8096170887551887,
    "macro avg": {
        "precision": 0.517620499809992,
        "recall": 0.5791568173340276,
        "f1-score": 0.499539773231245,
        "support": 21441.0
    },
    "weighted avg": {
        "precision": 0.9416466397609934,
        "recall": 0.8096170887551887,
        "f1-score": 0.8667931630521912,
        "support": 21441.0
    },
    "Accuracy": 0.8096170887551887,
    "F1 - Avg. Macro": 0.499539773231245,
    "F1 - Positives": 0.1056091148115688
}