{
    "Not Affected": {
        "precision": 0.9719568248721789,
        "recall": 0.908520395848419,
        "f1-score": 0.939168621188682,
        "support": 20715.0
    },
    "Affected": {
        "precision": 0.08806544754571703,
        "recall": 0.25206611570247933,
        "f1-score": 0.13052781740370897,
        "support": 726.0
    },
    "accuracy": 0.8862926169488363,
    "macro avg": {
        "precision": 0.530011136208948,
        "recall": 0.5802932557754492,
        "f1-score": 0.5348482192961955,
        "support": 21441.0
    },
    "weighted avg": {
        "precision": 0.9420279437594037,
        "recall": 0.8862926169488363,
        "f1-score": 0.9117877516607732,
        "support": 21441.0
    },
    "Accuracy": 0.8862926169488363,
    "F1 - Avg. Macro": 0.5348482192961955,
    "F1 - Positives": 0.13052781740370897
}