{
    "Not Affected": {
        "precision": 0.9696924155896203,
        "recall": 0.9344436398744871,
        "f1-score": 0.9517417705337169,
        "support": 20715.0
    },
    "Affected": {
        "precision": 0.08181203515889114,
        "recall": 0.16666666666666666,
        "f1-score": 0.10975056689342404,
        "support": 726.0
    },
    "accuracy": 0.9084464344013805,
    "macro avg": {
        "precision": 0.5257522253742557,
        "recall": 0.5505551532705769,
        "f1-score": 0.5307461687135705,
        "support": 21441.0
    },
    "weighted avg": {
        "precision": 0.9396284653917419,
        "recall": 0.9084464344013805,
        "f1-score": 0.9232316444275253,
        "support": 21441.0
    },
    "Accuracy": 0.9084464344013805,
    "F1 - Avg. Macro": 0.5307461687135705,
    "F1 - Positives": 0.10975056689342404
}