{
    "Not Affected": {
        "precision": 0.9706102863997601,
        "recall": 0.937436640115858,
        "f1-score": 0.9537350817739797,
        "support": 20715.0
    },
    "Affected": {
        "precision": 0.09623430962343096,
        "recall": 0.19008264462809918,
        "f1-score": 0.12777777777777777,
        "support": 726.0
    },
    "accuracy": 0.9121309640408563,
    "macro avg": {
        "precision": 0.5334222980115956,
        "recall": 0.5637596423719786,
        "f1-score": 0.5407564297758787,
        "support": 21441.0
    },
    "weighted avg": {
        "precision": 0.9410036001845828,
        "recall": 0.9121309640408563,
        "f1-score": 0.9257678692978245,
        "support": 21441.0
    },
    "Accuracy": 0.9121309640408563,
    "F1 - Avg. Macro": 0.5407564297758787,
    "F1 - Positives": 0.12777777777777777
}