{
    "Not Affected": {
        "precision": 0.9703773304979971,
        "recall": 0.947236302196476,
        "f1-score": 0.9586671878053546,
        "support": 20715.0
    },
    "Affected": {
        "precision": 0.1040983606557377,
        "recall": 0.174931129476584,
        "f1-score": 0.13052415210688592,
        "support": 726.0
    },
    "accuracy": 0.9210857702532531,
    "macro avg": {
        "precision": 0.5372378455768674,
        "recall": 0.56108371583653,
        "f1-score": 0.5445956699561203,
        "support": 21441.0
    },
    "weighted avg": {
        "precision": 0.9410448118605512,
        "recall": 0.9210857702532531,
        "f1-score": 0.9306259656647321,
        "support": 21441.0
    },
    "Accuracy": 0.9210857702532531,
    "F1 - Avg. Macro": 0.5445956699561203,
    "F1 - Positives": 0.13052415210688592
}