{
    "Not Affected": {
        "precision": 0.97450177816547,
        "recall": 0.7010861694424331,
        "f1-score": 0.8154865517435005,
        "support": 20715.0
    },
    "Affected": {
        "precision": 0.05292138268583665,
        "recall": 0.4765840220385675,
        "f1-score": 0.09526431718061674,
        "support": 726.0
    },
    "accuracy": 0.6934844456881676,
    "macro avg": {
        "precision": 0.5137115804256533,
        "recall": 0.5888350957405003,
        "f1-score": 0.45537543446205864,
        "support": 21441.0
    },
    "weighted avg": {
        "precision": 0.9432967332926463,
        "recall": 0.6934844456881676,
        "f1-score": 0.7910995668877264,
        "support": 21441.0
    },
    "Accuracy": 0.6934844456881676,
    "F1 - Avg. Macro": 0.45537543446205864,
    "F1 - Positives": 0.09526431718061674
}