{
    "Not Affected": {
        "precision": 0.9698801149311403,
        "recall": 0.9451122375090514,
        "f1-score": 0.9573360064546099,
        "support": 20715.0
    },
    "Affected": {
        "precision": 0.09402390438247012,
        "recall": 0.162534435261708,
        "f1-score": 0.11913175164058556,
        "support": 726.0
    },
    "accuracy": 0.9186138706217061,
    "macro avg": {
        "precision": 0.5319520096568052,
        "recall": 0.5538233363853797,
        "f1-score": 0.5382338790475978,
        "support": 21441.0
    },
    "weighted avg": {
        "precision": 0.9402233074660812,
        "recall": 0.9186138706217061,
        "f1-score": 0.9289541078027289,
        "support": 21441.0
    },
    "Accuracy": 0.9186138706217061,
    "F1 - Avg. Macro": 0.5382338790475978,
    "F1 - Positives": 0.11913175164058556
}