{
    "Not Affected": {
        "precision": 0.973185759926974,
        "recall": 0.8234612599565532,
        "f1-score": 0.8920848259812253,
        "support": 20715.0
    },
    "Affected": {
        "precision": 0.06542294914387937,
        "recall": 0.3526170798898072,
        "f1-score": 0.11036861392541496,
        "support": 726.0
    },
    "accuracy": 0.8075183060491582,
    "macro avg": {
        "precision": 0.5193043545354267,
        "recall": 0.5880391699231802,
        "f1-score": 0.5012267199533201,
        "support": 21441.0
    },
    "weighted avg": {
        "precision": 0.9424485834599935,
        "recall": 0.8075183060491582,
        "f1-score": 0.8656156328487912,
        "support": 21441.0
    },
    "Accuracy": 0.8075183060491582,
    "F1 - Avg. Macro": 0.5012267199533201,
    "F1 - Positives": 0.11036861392541496
}