{
    "0": {
        "precision": 0.9713836318433203,
        "recall": 0.924209510016896,
        "f1-score": 0.9472095784682367,
        "support": 20715.0
    },
    "1": {
        "precision": 0.09353348729792148,
        "recall": 0.2231404958677686,
        "f1-score": 0.13181448331977216,
        "support": 726.0
    },
    "accuracy": 0.9004710601184647,
    "macro avg": {
        "precision": 0.5324585595706209,
        "recall": 0.5736750029423323,
        "f1-score": 0.5395120308940045,
        "support": 21441.0
    },
    "weighted avg": {
        "precision": 0.9416593090533404,
        "recall": 0.9004710601184647,
        "f1-score": 0.9196000061965244,
        "support": 21441.0
    },
    "Accuracy": 0.9004710601184647,
    "F1 - Avg. Macro": 0.5395120308940045,
    "F1 - Positives": 0.13181448331977216
}