{
    "Not Affected": {
        "precision": 0.9724308088393049,
        "recall": 0.8752111996138064,
        "f1-score": 0.9212632434767144,
        "support": 20715.0
    },
    "Affected": {
        "precision": 0.07579549517340008,
        "recall": 0.29201101928374656,
        "f1-score": 0.12035197275049674,
        "support": 726.0
    },
    "accuracy": 0.8554638309780327,
    "macro avg": {
        "precision": 0.5241131520063524,
        "recall": 0.5836111094487765,
        "f1-score": 0.5208076081136056,
        "support": 21441.0
    },
    "weighted avg": {
        "precision": 0.9420704134416348,
        "recall": 0.8554638309780327,
        "f1-score": 0.8941440987284641,
        "support": 21441.0
    },
    "Accuracy": 0.8554638309780327,
    "F1 - Avg. Macro": 0.5208076081136056,
    "F1 - Positives": 0.12035197275049674
}