{
    "Not Affected": {
        "precision": 0.9721465502863179,
        "recall": 0.8441226164615013,
        "f1-score": 0.9036225518061082,
        "support": 20715.0
    },
    "Affected": {
        "precision": 0.06514186450492183,
        "recall": 0.30991735537190085,
        "f1-score": 0.1076555023923445,
        "support": 726.0
    },
    "accuracy": 0.8260342334779162,
    "macro avg": {
        "precision": 0.5186442073956199,
        "recall": 0.5770199859167011,
        "f1-score": 0.5056390270992264,
        "support": 21441.0
    },
    "weighted avg": {
        "precision": 0.941435044205571,
        "recall": 0.8260342334779162,
        "f1-score": 0.8766708201763153,
        "support": 21441.0
    },
    "Accuracy": 0.8260342334779162,
    "F1 - Avg. Macro": 0.5056390270992264,
    "F1 - Positives": 0.1076555023923445
}