{
    "Not Affected": {
        "precision": 0.7837837837837838,
        "recall": 0.5686274509803921,
        "f1-score": 0.6590909090909091,
        "support": 51.0
    },
    "Affected": {
        "precision": 0.8888888888888888,
        "recall": 0.9565217391304348,
        "f1-score": 0.9214659685863874,
        "support": 184.0
    },
    "accuracy": 0.8723404255319149,
    "macro avg": {
        "precision": 0.8363363363363363,
        "recall": 0.7625745950554135,
        "f1-score": 0.7902784388386482,
        "support": 235.0
    },
    "weighted avg": {
        "precision": 0.866078844802249,
        "recall": 0.8723404255319149,
        "f1-score": 0.8645249982277943,
        "support": 235.0
    },
    "Accuracy": 0.8723404255319149,
    "F1 - Avg. Macro": 0.7902784388386482,
    "F1 - Positives": 0.9214659685863874
}