{
    "Not Affected": {
        "precision": 0.9722354686589307,
        "recall": 0.8857832488534878,
        "f1-score": 0.9269980802263312,
        "support": 20715.0
    },
    "Affected": {
        "precision": 0.07866043613707165,
        "recall": 0.27823691460055094,
        "f1-score": 0.12264723740133576,
        "support": 726.0
    },
    "accuracy": 0.8652115106571522,
    "macro avg": {
        "precision": 0.5254479523980012,
        "recall": 0.5820100817270194,
        "f1-score": 0.5248226588138335,
        "support": 21441.0
    },
    "weighted avg": {
        "precision": 0.9419786954855306,
        "recall": 0.8652115106571522,
        "f1-score": 0.899762470325163,
        "support": 21441.0
    },
    "Accuracy": 0.8652115106571522,
    "F1 - Avg. Macro": 0.5248226588138335,
    "F1 - Positives": 0.12264723740133576
}