{
    "Not Affected": {
        "precision": 0.9723347922407738,
        "recall": 0.8686941829592083,
        "f1-score": 0.9175972668400387,
        "support": 20715.0
    },
    "Affected": {
        "precision": 0.07293796864349011,
        "recall": 0.29476584022038566,
        "f1-score": 0.11693989071038251,
        "support": 726.0
    },
    "accuracy": 0.8492607620913204,
    "macro avg": {
        "precision": 0.5226363804421319,
        "recall": 0.581730011589797,
        "f1-score": 0.5172685787752106,
        "support": 21441.0
    },
    "weighted avg": {
        "precision": 0.941880891119948,
        "recall": 0.8492607620913204,
        "f1-score": 0.8904867190544815,
        "support": 21441.0
    },
    "Accuracy": 0.8492607620913204,
    "F1 - Avg. Macro": 0.5172685787752106,
    "F1 - Positives": 0.11693989071038251
}