{
    "Not Affected": {
        "precision": 0.8157894736842105,
        "recall": 0.6078431372549019,
        "f1-score": 0.6966292134831461,
        "support": 51.0
    },
    "Affected": {
        "precision": 0.8984771573604061,
        "recall": 0.9619565217391305,
        "f1-score": 0.9291338582677166,
        "support": 184.0
    },
    "accuracy": 0.8851063829787233,
    "macro avg": {
        "precision": 0.8571333155223083,
        "recall": 0.7848998294970162,
        "f1-score": 0.8128815358754313,
        "support": 235.0
    },
    "weighted avg": {
        "precision": 0.8805321706902531,
        "recall": 0.8851063829787233,
        "f1-score": 0.8786754034421289,
        "support": 235.0
    },
    "Accuracy": 0.8851063829787233,
    "F1 - Avg. Macro": 0.8128815358754313,
    "F1 - Positives": 0.9291338582677166
}