{
    "Not Affected": {
        "precision": 0.9699726134585289,
        "recall": 0.9574704320540671,
        "f1-score": 0.9636809756334572,
        "support": 20715.0
    },
    "Affected": {
        "precision": 0.11278952668680765,
        "recall": 0.15426997245179064,
        "f1-score": 0.1303083187899942,
        "support": 726.0
    },
    "accuracy": 0.9302737745440978,
    "macro avg": {
        "precision": 0.5413810700726683,
        "recall": 0.5558702022529289,
        "f1-score": 0.5469946472117257,
        "support": 21441.0
    },
    "weighted avg": {
        "precision": 0.9409480847053799,
        "recall": 0.9302737745440978,
        "f1-score": 0.935462676633021,
        "support": 21441.0
    },
    "Accuracy": 0.9302737745440978,
    "F1 - Avg. Macro": 0.5469946472117257,
    "F1 - Positives": 0.1303083187899942
}