{
    "Not Affected": {
        "precision": 0.971793332969611,
        "recall": 0.8598600048274198,
        "f1-score": 0.9124065157258477,
        "support": 20715.0
    },
    "Affected": {
        "precision": 0.06715938303341902,
        "recall": 0.2878787878787879,
        "f1-score": 0.10891089108910891,
        "support": 726.0
    },
    "accuracy": 0.8404925143416818,
    "macro avg": {
        "precision": 0.519476358001515,
        "recall": 0.5738693963531039,
        "f1-score": 0.5106587034074783,
        "support": 21441.0
    },
    "weighted avg": {
        "precision": 0.941162100860396,
        "recall": 0.8404925143416818,
        "f1-score": 0.8851998638212597,
        "support": 21441.0
    },
    "Accuracy": 0.8404925143416818,
    "F1 - Avg. Macro": 0.5106587034074783,
    "F1 - Positives": 0.10891089108910891
}