{
    "Not Affected": {
        "precision": 0.7142857142857143,
        "recall": 0.6862745098039216,
        "f1-score": 0.7,
        "support": 51.0
    },
    "Affected": {
        "precision": 0.9139784946236559,
        "recall": 0.9239130434782609,
        "f1-score": 0.918918918918919,
        "support": 184.0
    },
    "accuracy": 0.8723404255319149,
    "macro avg": {
        "precision": 0.8141321044546851,
        "recall": 0.8050937766410913,
        "f1-score": 0.8094594594594595,
        "support": 235.0
    },
    "weighted avg": {
        "precision": 0.8706409125077621,
        "recall": 0.8723404255319149,
        "f1-score": 0.8714088556641748,
        "support": 235.0
    },
    "Accuracy": 0.8723404255319149,
    "F1 - Avg. Macro": 0.8094594594594595,
    "F1 - Positives": 0.918918918918919
}