{
    "Not Affected": {
        "precision": 0.717391304347826,
        "recall": 0.6470588235294118,
        "f1-score": 0.6804123711340206,
        "support": 51.0
    },
    "Affected": {
        "precision": 0.9047619047619048,
        "recall": 0.9293478260869565,
        "f1-score": 0.9168900804289544,
        "support": 184.0
    },
    "accuracy": 0.8680851063829788,
    "macro avg": {
        "precision": 0.8110766045548654,
        "recall": 0.7882033248081841,
        "f1-score": 0.7986512257814875,
        "support": 235.0
    },
    "weighted avg": {
        "precision": 0.8640984978635302,
        "recall": 0.8680851063829788,
        "f1-score": 0.8655693860713305,
        "support": 235.0
    },
    "Accuracy": 0.8680851063829788,
    "F1 - Avg. Macro": 0.7986512257814875,
    "F1 - Positives": 0.9168900804289544
}