{
    "Not Affected": {
        "precision": 0.9695990600675577,
        "recall": 0.956118754525706,
        "f1-score": 0.9628117252442759,
        "support": 20715.0
    },
    "Affected": {
        "precision": 0.10355029585798817,
        "recall": 0.1446280991735537,
        "f1-score": 0.1206896551724138,
        "support": 726.0
    },
    "accuracy": 0.9286413879949629,
    "macro avg": {
        "precision": 0.5365746779627729,
        "recall": 0.5503734268496299,
        "f1-score": 0.5417506902083449,
        "support": 21441.0
    },
    "weighted avg": {
        "precision": 0.9402743362759366,
        "recall": 0.9286413879949629,
        "f1-score": 0.9342971679534701,
        "support": 21441.0
    },
    "Accuracy": 0.9286413879949629,
    "F1 - Avg. Macro": 0.5417506902083449,
    "F1 - Positives": 0.1206896551724138
}