{
    "Not Affected": {
        "precision": 0.9723083176667853,
        "recall": 0.9237750422399228,
        "f1-score": 0.9474205366868007,
        "support": 20715.0
    },
    "Affected": {
        "precision": 0.1028409090909091,
        "recall": 0.2493112947658402,
        "f1-score": 0.14561544650040226,
        "support": 726.0
    },
    "accuracy": 0.9009374562753603,
    "macro avg": {
        "precision": 0.5375746133788472,
        "recall": 0.5865431685028815,
        "f1-score": 0.5465179915936015,
        "support": 21441.0
    },
    "weighted avg": {
        "precision": 0.9428678373428225,
        "recall": 0.9009374562753603,
        "f1-score": 0.9202711268889684,
        "support": 21441.0
    },
    "Accuracy": 0.9009374562753603,
    "F1 - Avg. Macro": 0.5465179915936015,
    "F1 - Positives": 0.14561544650040226
}