{
    "Not Affected": {
        "precision": 0.9727731285108334,
        "recall": 0.8192614047791456,
        "f1-score": 0.8894421005738843,
        "support": 20715.0
    },
    "Affected": {
        "precision": 0.06282853566958699,
        "recall": 0.34573002754820936,
        "f1-score": 0.10633340393984325,
        "support": 726.0
    },
    "accuracy": 0.803227461405718,
    "macro avg": {
        "precision": 0.5178008320902102,
        "recall": 0.5824957161636775,
        "f1-score": 0.49788775225686377,
        "support": 21441.0
    },
    "weighted avg": {
        "precision": 0.9419620761157611,
        "recall": 0.803227461405718,
        "f1-score": 0.8629257574109575,
        "support": 21441.0
    },
    "Accuracy": 0.803227461405718,
    "F1 - Avg. Macro": 0.49788775225686377,
    "F1 - Positives": 0.10633340393984325
}