{
    "Not Affected": {
        "precision": 0.7777777777777778,
        "recall": 0.5490196078431373,
        "f1-score": 0.6436781609195402,
        "support": 51.0
    },
    "Affected": {
        "precision": 0.8844221105527639,
        "recall": 0.9565217391304348,
        "f1-score": 0.9190600522193212,
        "support": 184.0
    },
    "accuracy": 0.8680851063829788,
    "macro avg": {
        "precision": 0.8310999441652709,
        "recall": 0.7527706734867861,
        "f1-score": 0.7813691065694307,
        "support": 235.0
    },
    "weighted avg": {
        "precision": 0.861278021312235,
        "recall": 0.8680851063829788,
        "f1-score": 0.8592963226180922,
        "support": 235.0
    },
    "Accuracy": 0.8680851063829788,
    "F1 - Avg. Macro": 0.7813691065694307,
    "F1 - Positives": 0.9190600522193212
}