{
    "Not Affected": {
        "precision": 0.9753361757953427,
        "recall": 0.7177890417571808,
        "f1-score": 0.8269744160177975,
        "support": 20715.0
    },
    "Affected": {
        "precision": 0.056488056810845705,
        "recall": 0.4820936639118457,
        "f1-score": 0.10112684195319271,
        "support": 726.0
    },
    "accuracy": 0.7098083111795159,
    "macro avg": {
        "precision": 0.5159121163030942,
        "recall": 0.5999413528345132,
        "f1-score": 0.4640506289854951,
        "support": 21441.0
    },
    "weighted avg": {
        "precision": 0.9442236467909705,
        "recall": 0.7098083111795159,
        "f1-score": 0.8023969551358002,
        "support": 21441.0
    },
    "Accuracy": 0.7098083111795159,
    "F1 - Avg. Macro": 0.4640506289854951,
    "F1 - Positives": 0.10112684195319271
}