{
    "Not Affected": {
        "precision": 0.9717169593102724,
        "recall": 0.8923002655080859,
        "f1-score": 0.9303168331781463,
        "support": 20715.0
    },
    "Affected": {
        "precision": 0.07771806531624638,
        "recall": 0.25895316804407714,
        "f1-score": 0.11955484896661367,
        "support": 726.0
    },
    "accuracy": 0.8708549041555897,
    "macro avg": {
        "precision": 0.5247175123132594,
        "recall": 0.5756267167760816,
        "f1-score": 0.52493584107238,
        "support": 21441.0
    },
    "weighted avg": {
        "precision": 0.9414458340344146,
        "recall": 0.8708549041555897,
        "f1-score": 0.9028641397152681,
        "support": 21441.0
    },
    "Accuracy": 0.8708549041555897,
    "F1 - Avg. Macro": 0.52493584107238,
    "F1 - Positives": 0.11955484896661367
}