{
    "Not Affected": {
        "precision": 0.9725199066036041,
        "recall": 0.7841660632391987,
        "f1-score": 0.8682452295686568,
        "support": 20715.0
    },
    "Affected": {
        "precision": 0.056352891515407344,
        "recall": 0.3677685950413223,
        "f1-score": 0.09773060029282576,
        "support": 726.0
    },
    "accuracy": 0.7700666946504361,
    "macro avg": {
        "precision": 0.5144363990595058,
        "recall": 0.5759673291402605,
        "f1-score": 0.4829879149307413,
        "support": 21441.0
    },
    "weighted avg": {
        "precision": 0.9414981607450139,
        "recall": 0.7700666946504361,
        "f1-score": 0.8421553260728193,
        "support": 21441.0
    },
    "Accuracy": 0.7700666946504361,
    "F1 - Avg. Macro": 0.4829879149307413,
    "F1 - Positives": 0.09773060029282576
}