{
    "Not Affected": {
        "precision": 0.9727336918146761,
        "recall": 0.864542601979242,
        "f1-score": 0.9154526401881102,
        "support": 20715.0
    },
    "Affected": {
        "precision": 0.07392739273927393,
        "recall": 0.3085399449035813,
        "f1-score": 0.11927582534611289,
        "support": 726.0
    },
    "accuracy": 0.8457161512989133,
    "macro avg": {
        "precision": 0.523330542276975,
        "recall": 0.5865412734414117,
        "f1-score": 0.5173642327671115,
        "support": 21441.0
    },
    "weighted avg": {
        "precision": 0.942299786067335,
        "recall": 0.8457161512989133,
        "f1-score": 0.8884938058251938,
        "support": 21441.0
    },
    "Accuracy": 0.8457161512989133,
    "F1 - Avg. Macro": 0.5173642327671115,
    "F1 - Positives": 0.11927582534611289
}