{
    "Not Affected": {
        "precision": 0.9737283398546674,
        "recall": 0.8409365194303645,
        "f1-score": 0.902473772827354,
        "support": 20715.0
    },
    "Affected": {
        "precision": 0.07209236834694452,
        "recall": 0.3526170798898072,
        "f1-score": 0.11971007715688567,
        "support": 726.0
    },
    "accuracy": 0.8244018469287813,
    "macro avg": {
        "precision": 0.522910354100806,
        "recall": 0.5967767996600859,
        "f1-score": 0.5110919249921199,
        "support": 21441.0
    },
    "weighted avg": {
        "precision": 0.9431986203772827,
        "recall": 0.8244018469287813,
        "f1-score": 0.8759691115215957,
        "support": 21441.0
    },
    "Accuracy": 0.8244018469287813,
    "F1 - Avg. Macro": 0.5110919249921199,
    "F1 - Positives": 0.11971007715688567
}