{
    "Not Affected": {
        "precision": 0.9733900430775942,
        "recall": 0.861742698527637,
        "f1-score": 0.914170123418856,
        "support": 20715.0
    },
    "Affected": {
        "precision": 0.07672469374597034,
        "recall": 0.3278236914600551,
        "f1-score": 0.12434691745036573,
        "support": 726.0
    },
    "accuracy": 0.8436640082085723,
    "macro avg": {
        "precision": 0.5250573684117823,
        "recall": 0.594783194993846,
        "f1-score": 0.5192585204346108,
        "support": 21441.0
    },
    "weighted avg": {
        "precision": 0.9430286306614402,
        "recall": 0.8436640082085723,
        "f1-score": 0.8874264245459897,
        "support": 21441.0
    },
    "Accuracy": 0.8436640082085723,
    "F1 - Avg. Macro": 0.5192585204346108,
    "F1 - Positives": 0.12434691745036573
}