{
    "Not Affected": {
        "precision": 0.9698249227600412,
        "recall": 0.9091962346125996,
        "f1-score": 0.9385324529712221,
        "support": 20715.0
    },
    "Affected": {
        "precision": 0.06927263730826323,
        "recall": 0.1928374655647383,
        "f1-score": 0.10192937750273025,
        "support": 726.0
    },
    "accuracy": 0.884940068093839,
    "macro avg": {
        "precision": 0.5195487800341522,
        "recall": 0.551016850088669,
        "f1-score": 0.5202309152369762,
        "support": 21441.0
    },
    "weighted avg": {
        "precision": 0.9393318972837111,
        "recall": 0.884940068093839,
        "f1-score": 0.9102047708299916,
        "support": 21441.0
    },
    "Accuracy": 0.884940068093839,
    "F1 - Avg. Macro": 0.5202309152369762,
    "F1 - Positives": 0.10192937750273025
}