{
    "Not Affected": {
        "precision": 0.9694614656503762,
        "recall": 0.9394158822109583,
        "f1-score": 0.9542022163381386,
        "support": 20715.0
    },
    "Affected": {
        "precision": 0.08260233918128655,
        "recall": 0.15564738292011018,
        "f1-score": 0.10792741165234002,
        "support": 726.0
    },
    "accuracy": 0.9128771978918894,
    "macro avg": {
        "precision": 0.5260319024158313,
        "recall": 0.5475316325655343,
        "f1-score": 0.5310648139952393,
        "support": 21441.0
    },
    "weighted avg": {
        "precision": 0.939432095480302,
        "recall": 0.9128771978918894,
        "f1-score": 0.9255470459542064,
        "support": 21441.0
    },
    "Accuracy": 0.9128771978918894,
    "F1 - Avg. Macro": 0.5310648139952393,
    "F1 - Positives": 0.10792741165234002
}