{
    "Not Affected": {
        "precision": 0.972157290530362,
        "recall": 0.9034516051170649,
        "f1-score": 0.9365460641545313,
        "support": 20715.0
    },
    "Affected": {
        "precision": 0.0867579908675799,
        "recall": 0.26170798898071623,
        "f1-score": 0.13031550068587106,
        "support": 726.0
    },
    "accuracy": 0.8817219346112588,
    "macro avg": {
        "precision": 0.5294576406989709,
        "recall": 0.5825797970488906,
        "f1-score": 0.5334307824202011,
        "support": 21441.0
    },
    "weighted avg": {
        "precision": 0.9421773506229333,
        "recall": 0.8817219346112588,
        "f1-score": 0.909246806233807,
        "support": 21441.0
    },
    "Accuracy": 0.8817219346112588,
    "F1 - Avg. Macro": 0.5334307824202011,
    "F1 - Positives": 0.13031550068587106
}