{
    "Not Affected": {
        "precision": 0.9735446394746812,
        "recall": 0.744339850349988,
        "f1-score": 0.8436516838563182,
        "support": 20715.0
    },
    "Affected": {
        "precision": 0.05479207567374621,
        "recall": 0.4228650137741047,
        "f1-score": 0.09701374624743245,
        "support": 726.0
    },
    "accuracy": 0.7334545963341262,
    "macro avg": {
        "precision": 0.5141683575742136,
        "recall": 0.5836024320620463,
        "f1-score": 0.4703327150518753,
        "support": 21441.0
    },
    "weighted avg": {
        "precision": 0.9424353460033189,
        "recall": 0.7334545963341262,
        "f1-score": 0.8183702537595853,
        "support": 21441.0
    },
    "Accuracy": 0.7334545963341262,
    "F1 - Avg. Macro": 0.4703327150518753,
    "F1 - Positives": 0.09701374624743245
}