{
    "Not Affected": {
        "precision": 0.9726520331054336,
        "recall": 0.9133960897900072,
        "f1-score": 0.9420932085241984,
        "support": 20715.0
    },
    "Affected": {
        "precision": 0.09758551307847083,
        "recall": 0.26721763085399447,
        "f1-score": 0.14296241709653648,
        "support": 726.0
    },
    "accuracy": 0.8915162539060678,
    "macro avg": {
        "precision": 0.5351187730919522,
        "recall": 0.5903068603220009,
        "f1-score": 0.5425278128103674,
        "support": 21441.0
    },
    "weighted avg": {
        "precision": 0.9430219648465102,
        "recall": 0.8915162539060678,
        "f1-score": 0.9150343514477337,
        "support": 21441.0
    },
    "Accuracy": 0.8915162539060678,
    "F1 - Avg. Macro": 0.5425278128103674,
    "F1 - Positives": 0.14296241709653648
}