{
    "Not Affected": {
        "precision": 0.6595744680851063,
        "recall": 0.6078431372549019,
        "f1-score": 0.6326530612244898,
        "support": 51.0
    },
    "Affected": {
        "precision": 0.8936170212765957,
        "recall": 0.9130434782608695,
        "f1-score": 0.9032258064516129,
        "support": 184.0
    },
    "accuracy": 0.8468085106382979,
    "macro avg": {
        "precision": 0.776595744680851,
        "recall": 0.7604433077578857,
        "f1-score": 0.7679394338380514,
        "support": 235.0
    },
    "weighted avg": {
        "precision": 0.8428248076052511,
        "recall": 0.8468085106382979,
        "f1-score": 0.8445057638704074,
        "support": 235.0
    },
    "Accuracy": 0.8468085106382979,
    "F1 - Avg. Macro": 0.7679394338380514,
    "F1 - Positives": 0.9032258064516129
}