{
    "Not Affected": {
        "precision": 0.9710517041735891,
        "recall": 0.9311127202510259,
        "f1-score": 0.9506629207945192,
        "support": 20715.0
    },
    "Affected": {
        "precision": 0.09569074778200254,
        "recall": 0.20798898071625344,
        "f1-score": 0.1310763888888889,
        "support": 726.0
    },
    "accuracy": 0.9066274893894875,
    "macro avg": {
        "precision": 0.5333712259777958,
        "recall": 0.5695508504836396,
        "f1-score": 0.540869654841704,
        "support": 21441.0
    },
    "weighted avg": {
        "precision": 0.9414116661930709,
        "recall": 0.9066274893894875,
        "f1-score": 0.9229114249611398,
        "support": 21441.0
    },
    "Accuracy": 0.9066274893894875,
    "F1 - Avg. Macro": 0.540869654841704,
    "F1 - Positives": 0.1310763888888889
}