{
    "Not Affected": {
        "precision": 0.9726415640002314,
        "recall": 0.8117789041757181,
        "f1-score": 0.8849594779496895,
        "support": 20715.0
    },
    "Affected": {
        "precision": 0.060934489402697495,
        "recall": 0.3484848484848485,
        "f1-score": 0.1037310373103731,
        "support": 726.0
    },
    "accuracy": 0.7960916002052143,
    "macro avg": {
        "precision": 0.5167880267014644,
        "recall": 0.5801318763302833,
        "f1-score": 0.49434525763003134,
        "support": 21441.0
    },
    "weighted avg": {
        "precision": 0.9417708333366518,
        "recall": 0.7960916002052143,
        "f1-score": 0.858506800933499,
        "support": 21441.0
    },
    "Accuracy": 0.7960916002052143,
    "F1 - Avg. Macro": 0.49434525763003134,
    "F1 - Positives": 0.1037310373103731
}