{
    "Not Affected": {
        "precision": 0.9737105806071323,
        "recall": 0.7974414675356022,
        "f1-score": 0.8768046709129512,
        "support": 20715.0
    },
    "Affected": {
        "precision": 0.06255585344057193,
        "recall": 0.3856749311294766,
        "f1-score": 0.10765090349865436,
        "support": 726.0
    },
    "accuracy": 0.7834989039690313,
    "macro avg": {
        "precision": 0.5181332170238522,
        "recall": 0.5915581993325394,
        "f1-score": 0.4922277872058028,
        "support": 21441.0
    },
    "weighted avg": {
        "precision": 0.9428585526269577,
        "recall": 0.7834989039690313,
        "f1-score": 0.8507608466910035,
        "support": 21441.0
    },
    "Accuracy": 0.7834989039690313,
    "F1 - Avg. Macro": 0.4922277872058028,
    "F1 - Positives": 0.10765090349865436
}