{
    "Not Affected": {
        "precision": 0.9740101747401018,
        "recall": 0.8503017137340092,
        "f1-score": 0.9079615454006547,
        "support": 20715.0
    },
    "Affected": {
        "precision": 0.07625856419422103,
        "recall": 0.3526170798898072,
        "f1-score": 0.12539799167278962,
        "support": 726.0
    },
    "accuracy": 0.8334499323725573,
    "macro avg": {
        "precision": 0.5251343694671614,
        "recall": 0.6014593968119082,
        "f1-score": 0.5166797685367222,
        "support": 21441.0
    },
    "weighted avg": {
        "precision": 0.9436119811271028,
        "recall": 0.8334499323725573,
        "f1-score": 0.8814636609733224,
        "support": 21441.0
    },
    "Accuracy": 0.8334499323725573,
    "F1 - Avg. Macro": 0.5166797685367222,
    "F1 - Positives": 0.12539799167278962
}