{
    "Not Affected": {
        "precision": 0.9719889502762431,
        "recall": 0.8492879555877384,
        "f1-score": 0.9065052170552621,
        "support": 20715.0
    },
    "Affected": {
        "precision": 0.06554923675546244,
        "recall": 0.30165289256198347,
        "f1-score": 0.10769609048438653,
        "support": 726.0
    },
    "accuracy": 0.8307448346625623,
    "macro avg": {
        "precision": 0.5187690935158528,
        "recall": 0.5754704240748609,
        "f1-score": 0.5071006537698243,
        "support": 21441.0
    },
    "weighted avg": {
        "precision": 0.9412965743601904,
        "recall": 0.8307448346625623,
        "f1-score": 0.879457251666966,
        "support": 21441.0
    },
    "Accuracy": 0.8307448346625623,
    "F1 - Avg. Macro": 0.5071006537698243,
    "F1 - Positives": 0.10769609048438653
}