{
    "Not Affected": {
        "precision": 0.5806451612903226,
        "recall": 0.7058823529411765,
        "f1-score": 0.6371681415929203,
        "support": 51.0
    },
    "Affected": {
        "precision": 0.9132947976878613,
        "recall": 0.8586956521739131,
        "f1-score": 0.8851540616246498,
        "support": 184.0
    },
    "accuracy": 0.825531914893617,
    "macro avg": {
        "precision": 0.7469699794890919,
        "recall": 0.7822890025575449,
        "f1-score": 0.7611611016087851,
        "support": 235.0
    },
    "weighted avg": {
        "precision": 0.8411027489377572,
        "recall": 0.825531914893617,
        "f1-score": 0.8313358406815936,
        "support": 235.0
    },
    "Accuracy": 0.825531914893617,
    "F1 - Avg. Macro": 0.7611611016087851,
    "F1 - Positives": 0.8851540616246498
}