{
    "Not Affected": {
        "precision": 0.9718605843157355,
        "recall": 0.915327057687666,
        "f1-score": 0.9427470478558111,
        "support": 20715.0
    },
    "Affected": {
        "precision": 0.09166235111341274,
        "recall": 0.24380165289256198,
        "f1-score": 0.13323296951449,
        "support": 726.0
    },
    "accuracy": 0.8925889650669279,
    "macro avg": {
        "precision": 0.5317614677145741,
        "recall": 0.579564355290114,
        "f1-score": 0.5379900086851506,
        "support": 21441.0
    },
    "weighted avg": {
        "precision": 0.9420567543961942,
        "recall": 0.8925889650669279,
        "f1-score": 0.9153366089361805,
        "support": 21441.0
    },
    "Accuracy": 0.8925889650669279,
    "F1 - Avg. Macro": 0.5379900086851506,
    "F1 - Positives": 0.13323296951449
}