{
    "Not Affected": {
        "precision": 0.9717438555425514,
        "recall": 0.841708906589428,
        "f1-score": 0.9020642557814682,
        "support": 20715.0
    },
    "Affected": {
        "precision": 0.06260720411663807,
        "recall": 0.30165289256198347,
        "f1-score": 0.10369318181818182,
        "support": 726.0
    },
    "accuracy": 0.8234224149993004,
    "macro avg": {
        "precision": 0.5171755298295947,
        "recall": 0.5716808995757057,
        "f1-score": 0.502878718799825,
        "support": 21441.0
    },
    "weighted avg": {
        "precision": 0.9409601603354615,
        "recall": 0.8234224149993004,
        "f1-score": 0.8750311230125981,
        "support": 21441.0
    },
    "Accuracy": 0.8234224149993004,
    "F1 - Avg. Macro": 0.502878718799825,
    "F1 - Positives": 0.10369318181818182
}