{
    "Not Affected": {
        "precision": 0.9694115362206254,
        "recall": 0.9638426261163409,
        "f1-score": 0.9666190602987098,
        "support": 20715.0
    },
    "Affected": {
        "precision": 0.1136094674556213,
        "recall": 0.1322314049586777,
        "f1-score": 0.12221514958625079,
        "support": 726.0
    },
    "accuracy": 0.9356839699640875,
    "macro avg": {
        "precision": 0.5415105018381233,
        "recall": 0.5480370155375093,
        "f1-score": 0.5444171049424803,
        "support": 21441.0
    },
    "weighted avg": {
        "precision": 0.9404337692357183,
        "recall": 0.9356839699640875,
        "f1-score": 0.9380272390600902,
        "support": 21441.0
    },
    "Accuracy": 0.9356839699640875,
    "F1 - Avg. Macro": 0.5444171049424803,
    "F1 - Positives": 0.12221514958625079
}