{
    "Not Affected": {
        "precision": 0.9710731107925455,
        "recall": 0.9156167028723148,
        "f1-score": 0.9425298780033294,
        "support": 20715.0
    },
    "Affected": {
        "precision": 0.08433734939759036,
        "recall": 0.22176308539944903,
        "f1-score": 0.1222011385199241,
        "support": 726.0
    },
    "accuracy": 0.8921225689100322,
    "macro avg": {
        "precision": 0.527705230095068,
        "recall": 0.5686898941358819,
        "f1-score": 0.5323655082616268,
        "support": 21441.0
    },
    "weighted avg": {
        "precision": 0.9410479178084152,
        "recall": 0.8921225689100322,
        "f1-score": 0.9147532507534366,
        "support": 21441.0
    },
    "Accuracy": 0.8921225689100322,
    "F1 - Avg. Macro": 0.5323655082616268,
    "F1 - Positives": 0.1222011385199241
}