{
    "Not Affected": {
        "precision": 0.9712263190059075,
        "recall": 0.9206372194062273,
        "f1-score": 0.945255384005353,
        "support": 20715.0
    },
    "Affected": {
        "precision": 0.08919667590027701,
        "recall": 0.22176308539944903,
        "f1-score": 0.12722244172263927,
        "support": 726.0
    },
    "accuracy": 0.8969730889417471,
    "macro avg": {
        "precision": 0.5302114974530923,
        "recall": 0.5712001524028382,
        "f1-score": 0.5362389128639962,
        "support": 21441.0
    },
    "weighted avg": {
        "precision": 0.9413604768859184,
        "recall": 0.8969730889417471,
        "f1-score": 0.9175564932774367,
        "support": 21441.0
    },
    "Accuracy": 0.8969730889417471,
    "F1 - Avg. Macro": 0.5362389128639962,
    "F1 - Positives": 0.12722244172263927
}