{
    "Not Affected": {
        "precision": 0.9725910974184638,
        "recall": 0.8839005551532706,
        "f1-score": 0.9261273108924913,
        "support": 20715.0
    },
    "Affected": {
        "precision": 0.08030592734225621,
        "recall": 0.2892561983471074,
        "f1-score": 0.1257108650104759,
        "support": 726.0
    },
    "accuracy": 0.8637656825707756,
    "macro avg": {
        "precision": 0.5264485123803601,
        "recall": 0.586578376750189,
        "f1-score": 0.5259190879514837,
        "support": 21441.0
    },
    "weighted avg": {
        "precision": 0.9423779994531017,
        "recall": 0.8637656825707756,
        "f1-score": 0.8990249210920929,
        "support": 21441.0
    },
    "Accuracy": 0.8637656825707756,
    "F1 - Avg. Macro": 0.5259190879514837,
    "F1 - Positives": 0.1257108650104759
}