{
    "Not Affected": {
        "precision": 0.9732086836491404,
        "recall": 0.7487810765146029,
        "f1-score": 0.8463700106403296,
        "support": 20715.0
    },
    "Affected": {
        "precision": 0.054333999636561874,
        "recall": 0.4118457300275482,
        "f1-score": 0.0960025686305988,
        "support": 726.0
    },
    "accuracy": 0.7373723240520498,
    "macro avg": {
        "precision": 0.5137713416428511,
        "recall": 0.5803134032710755,
        "f1-score": 0.47118628963546416,
        "support": 21441.0
    },
    "weighted avg": {
        "precision": 0.9420952551433277,
        "recall": 0.7373723240520498,
        "f1-score": 0.8209622981782679,
        "support": 21441.0
    },
    "Accuracy": 0.7373723240520498,
    "F1 - Avg. Macro": 0.47118628963546416,
    "F1 - Positives": 0.0960025686305988
}