{
    "Not Affected": {
        "precision": 0.9713062777425492,
        "recall": 0.8873280231716147,
        "f1-score": 0.9274199651858018,
        "support": 20715.0
    },
    "Affected": {
        "precision": 0.07270560190703218,
        "recall": 0.25206611570247933,
        "f1-score": 0.11285846438482887,
        "support": 726.0
    },
    "accuracy": 0.8658178256611165,
    "macro avg": {
        "precision": 0.5220059398247907,
        "recall": 0.569697069437047,
        "f1-score": 0.5201392147853153,
        "support": 21441.0
    },
    "weighted avg": {
        "precision": 0.9408793344723385,
        "recall": 0.8658178256611165,
        "f1-score": 0.8998386187196152,
        "support": 21441.0
    },
    "Accuracy": 0.8658178256611165,
    "F1 - Avg. Macro": 0.5201392147853153,
    "F1 - Positives": 0.11285846438482887
}