{
    "Not Affected": {
        "precision": 0.9691859052247873,
        "recall": 0.9626357711803041,
        "f1-score": 0.9658997335916687,
        "support": 20715.0
    },
    "Affected": {
        "precision": 0.10623556581986143,
        "recall": 0.12672176308539945,
        "f1-score": 0.11557788944723618,
        "support": 726.0
    },
    "accuracy": 0.9343314211090901,
    "macro avg": {
        "precision": 0.5377107355223244,
        "recall": 0.5446787671328518,
        "f1-score": 0.5407388115194525,
        "support": 21441.0
    },
    "weighted avg": {
        "precision": 0.9399660952155537,
        "recall": 0.9343314211090901,
        "f1-score": 0.9371075289907239,
        "support": 21441.0
    },
    "Accuracy": 0.9343314211090901,
    "F1 - Avg. Macro": 0.5407388115194525,
    "F1 - Positives": 0.11557788944723618
}