{
    "Not Affected": {
        "precision": 0.9711970211367867,
        "recall": 0.8561911658218682,
        "f1-score": 0.9100751725376504,
        "support": 20715.0
    },
    "Affected": {
        "precision": 0.06291286568103177,
        "recall": 0.27548209366391185,
        "f1-score": 0.10243277848911651,
        "support": 726.0
    },
    "accuracy": 0.8365281470080687,
    "macro avg": {
        "precision": 0.5170549434089092,
        "recall": 0.5658366297428901,
        "f1-score": 0.5062539755133835,
        "support": 21441.0
    },
    "weighted avg": {
        "precision": 0.9404421917509895,
        "recall": 0.8365281470080687,
        "f1-score": 0.8827281095238341,
        "support": 21441.0
    },
    "Accuracy": 0.8365281470080687,
    "F1 - Avg. Macro": 0.5062539755133835,
    "F1 - Positives": 0.10243277848911651
}