{
    "Not Affected": {
        "precision": 0.975008242664029,
        "recall": 0.713782283369539,
        "f1-score": 0.8241917502787068,
        "support": 20715.0
    },
    "Affected": {
        "precision": 0.055289993626513705,
        "recall": 0.47796143250688705,
        "f1-score": 0.09911453870322764,
        "support": 726.0
    },
    "accuracy": 0.7057973042302131,
    "macro avg": {
        "precision": 0.5151491181452713,
        "recall": 0.595871857938213,
        "f1-score": 0.4616531444909672,
        "support": 21441.0
    },
    "weighted avg": {
        "precision": 0.9438662507419526,
        "recall": 0.7057973042302131,
        "f1-score": 0.7996403741486849,
        "support": 21441.0
    },
    "Accuracy": 0.7057973042302131,
    "F1 - Avg. Macro": 0.4616531444909672,
    "F1 - Positives": 0.09911453870322764
}