{
    "Not Affected": {
        "precision": 0.75,
        "recall": 0.5882352941176471,
        "f1-score": 0.6593406593406593,
        "support": 51.0
    },
    "Affected": {
        "precision": 0.8923076923076924,
        "recall": 0.9456521739130435,
        "f1-score": 0.9182058047493403,
        "support": 184.0
    },
    "accuracy": 0.8680851063829788,
    "macro avg": {
        "precision": 0.8211538461538461,
        "recall": 0.7669437340153453,
        "f1-score": 0.7887732320449998,
        "support": 235.0
    },
    "weighted avg": {
        "precision": 0.8614238952536826,
        "recall": 0.8680851063829788,
        "f1-score": 0.8620265604266054,
        "support": 235.0
    },
    "Accuracy": 0.8680851063829788,
    "F1 - Avg. Macro": 0.7887732320449998,
    "F1 - Positives": 0.9182058047493403
}