{
    "Not Affected": {
        "precision": 0.7931034482758621,
        "recall": 0.45098039215686275,
        "f1-score": 0.575,
        "support": 51.0
    },
    "Affected": {
        "precision": 0.8640776699029126,
        "recall": 0.967391304347826,
        "f1-score": 0.9128205128205128,
        "support": 184.0
    },
    "accuracy": 0.8553191489361702,
    "macro avg": {
        "precision": 0.8285905590893874,
        "recall": 0.7091858482523444,
        "f1-score": 0.7439102564102564,
        "support": 235.0
    },
    "weighted avg": {
        "precision": 0.8486747537200209,
        "recall": 0.8553191489361702,
        "f1-score": 0.8395062738679759,
        "support": 235.0
    },
    "Accuracy": 0.8553191489361702,
    "F1 - Avg. Macro": 0.7439102564102564,
    "F1 - Positives": 0.9128205128205128
}