{
    "Not Affected": {
        "precision": 0.7058823529411765,
        "recall": 0.7058823529411765,
        "f1-score": 0.7058823529411765,
        "support": 51.0
    },
    "Affected": {
        "precision": 0.9184782608695652,
        "recall": 0.9184782608695652,
        "f1-score": 0.9184782608695652,
        "support": 184.0
    },
    "accuracy": 0.8723404255319149,
    "macro avg": {
        "precision": 0.8121803069053708,
        "recall": 0.8121803069053708,
        "f1-score": 0.8121803069053708,
        "support": 235.0
    },
    "weighted avg": {
        "precision": 0.8723404255319149,
        "recall": 0.8723404255319149,
        "f1-score": 0.8723404255319149,
        "support": 235.0
    },
    "Accuracy": 0.8723404255319149,
    "F1 - Avg. Macro": 0.8121803069053708,
    "F1 - Positives": 0.9184782608695652
}