{
    "Not Affected": {
        "precision": 0.971050537206526,
        "recall": 0.9424088824523292,
        "f1-score": 0.95651534824469,
        "support": 20715.0
    },
    "Affected": {
        "precision": 0.10770381451009724,
        "recall": 0.19834710743801653,
        "f1-score": 0.1396025206010664,
        "support": 726.0
    },
    "accuracy": 0.9172146821510191,
    "macro avg": {
        "precision": 0.5393771758583116,
        "recall": 0.5703779949451728,
        "f1-score": 0.5480589344228782,
        "support": 21441.0
    },
    "weighted avg": {
        "precision": 0.9418173055159516,
        "recall": 0.9172146821510191,
        "f1-score": 0.9288543850028044,
        "support": 21441.0
    },
    "Accuracy": 0.9172146821510191,
    "F1 - Avg. Macro": 0.5480589344228782,
    "F1 - Positives": 0.1396025206010664
}