{
    "Not Affected": {
        "precision": 0.9719938616683108,
        "recall": 0.8561428916244267,
        "f1-score": 0.9103975770642437,
        "support": 20715.0
    },
    "Affected": {
        "precision": 0.06729264475743349,
        "recall": 0.29614325068870523,
        "f1-score": 0.10966590155572559,
        "support": 726.0
    },
    "accuracy": 0.8371811016277226,
    "macro avg": {
        "precision": 0.5196432532128722,
        "recall": 0.5761430711565659,
        "f1-score": 0.5100317393099847,
        "support": 21441.0
    },
    "weighted avg": {
        "precision": 0.9413603518750505,
        "recall": 0.8371811016277226,
        "f1-score": 0.883284513474897,
        "support": 21441.0
    },
    "Accuracy": 0.8371811016277226,
    "F1 - Avg. Macro": 0.5100317393099847,
    "F1 - Positives": 0.10966590155572559
}