{
    "Not Affected": {
        "precision": 0.9705793905372895,
        "recall": 0.9348298334540188,
        "f1-score": 0.9523692428750584,
        "support": 20715.0
    },
    "Affected": {
        "precision": 0.09335124244459368,
        "recall": 0.19146005509641872,
        "f1-score": 0.1255079006772009,
        "support": 726.0
    },
    "accuracy": 0.9096590644093092,
    "macro avg": {
        "precision": 0.5319653164909416,
        "recall": 0.5631449442752188,
        "f1-score": 0.5389385717761297,
        "support": 21441.0
    },
    "weighted avg": {
        "precision": 0.940876128771733,
        "recall": 0.9096590644093092,
        "f1-score": 0.9243714193390459,
        "support": 21441.0
    },
    "Accuracy": 0.9096590644093092,
    "F1 - Avg. Macro": 0.5389385717761297,
    "F1 - Positives": 0.1255079006772009
}