{
    "Not Affected": {
        "precision": 0.9714415919793408,
        "recall": 0.9261404779145547,
        "f1-score": 0.9482502965599051,
        "support": 20715.0
    },
    "Affected": {
        "precision": 0.09574468085106383,
        "recall": 0.2231404958677686,
        "f1-score": 0.13399503722084366,
        "support": 726.0
    },
    "accuracy": 0.9023366447460472,
    "macro avg": {
        "precision": 0.5335931364152023,
        "recall": 0.5746404868911617,
        "f1-score": 0.5411226668903744,
        "support": 21441.0
    },
    "weighted avg": {
        "precision": 0.9417901784501617,
        "recall": 0.9023366447460472,
        "f1-score": 0.9206793195401691,
        "support": 21441.0
    },
    "Accuracy": 0.9023366447460472,
    "F1 - Avg. Macro": 0.5411226668903744,
    "F1 - Positives": 0.13399503722084366
}