{
    "Not Affected": {
        "precision": 0.9732081520494619,
        "recall": 0.8206613565049481,
        "f1-score": 0.8904486289710081,
        "support": 20715.0
    },
    "Affected": {
        "precision": 0.06493833375283162,
        "recall": 0.35537190082644626,
        "f1-score": 0.10981059799957438,
        "support": 726.0
    },
    "accuracy": 0.8049064875705424,
    "macro avg": {
        "precision": 0.5190732429011468,
        "recall": 0.5880166286656971,
        "f1-score": 0.5001296134852913,
        "support": 21441.0
    },
    "weighted avg": {
        "precision": 0.9424538081250483,
        "recall": 0.8049064875705424,
        "f1-score": 0.8640159434393043,
        "support": 21441.0
    },
    "Accuracy": 0.8049064875705424,
    "F1 - Avg. Macro": 0.5001296134852913,
    "F1 - Positives": 0.10981059799957438
}