{
    "Not Affected": {
        "precision": 0.9714954033618016,
        "recall": 0.8621288921071687,
        "f1-score": 0.9135505652463042,
        "support": 20715.0
    },
    "Affected": {
        "precision": 0.06605624591236102,
        "recall": 0.27823691460055094,
        "f1-score": 0.10676532769556026,
        "support": 726.0
    },
    "accuracy": 0.8423580989692645,
    "macro avg": {
        "precision": 0.5187758246370813,
        "recall": 0.5701829033538598,
        "f1-score": 0.5101579464709323,
        "support": 21441.0
    },
    "weighted avg": {
        "precision": 0.940836906635516,
        "recall": 0.8423580989692645,
        "f1-score": 0.8862325258609286,
        "support": 21441.0
    },
    "Accuracy": 0.8423580989692645,
    "F1 - Avg. Macro": 0.5101579464709323,
    "F1 - Positives": 0.10676532769556026
}