{
    "0": {
        "precision": 0.9714951141714343,
        "recall": 0.9262853005068791,
        "f1-score": 0.9483517026639648,
        "support": 20715.0
    },
    "1": {
        "precision": 0.09644970414201183,
        "recall": 0.22451790633608815,
        "f1-score": 0.13493377483443708,
        "support": 726.0
    },
    "accuracy": 0.9025232032088055,
    "macro avg": {
        "precision": 0.5339724091567231,
        "recall": 0.5754016034214836,
        "f1-score": 0.541642738749201,
        "support": 21441.0
    },
    "weighted avg": {
        "precision": 0.9418657607046481,
        "recall": 0.9025232032088055,
        "f1-score": 0.9208090779914105,
        "support": 21441.0
    },
    "Accuracy": 0.9025232032088055,
    "F1 - Avg. Macro": 0.541642738749201,
    "F1 - Positives": 0.13493377483443708
}