{
    "Not Affected": {
        "precision": 0.6458333333333334,
        "recall": 0.6078431372549019,
        "f1-score": 0.6262626262626263,
        "support": 51.0
    },
    "Affected": {
        "precision": 0.893048128342246,
        "recall": 0.907608695652174,
        "f1-score": 0.9002695417789758,
        "support": 184.0
    },
    "accuracy": 0.8425531914893617,
    "macro avg": {
        "precision": 0.7694407308377897,
        "recall": 0.7577259164535379,
        "f1-score": 0.763266084020801,
        "support": 235.0
    },
    "weighted avg": {
        "precision": 0.8393972579360564,
        "recall": 0.8425531914893617,
        "f1-score": 0.8408042111775553,
        "support": 235.0
    },
    "Accuracy": 0.8425531914893617,
    "F1 - Avg. Macro": 0.763266084020801,
    "F1 - Positives": 0.9002695417789758
}