{
    "Not Affected": {
        "precision": 0.7297297297297297,
        "recall": 0.5294117647058824,
        "f1-score": 0.6136363636363636,
        "support": 51.0
    },
    "Affected": {
        "precision": 0.8787878787878788,
        "recall": 0.9456521739130435,
        "f1-score": 0.9109947643979057,
        "support": 184.0
    },
    "accuracy": 0.8553191489361702,
    "macro avg": {
        "precision": 0.8042588042588042,
        "recall": 0.7375319693094629,
        "f1-score": 0.7623155640171346,
        "support": 235.0
    },
    "weighted avg": {
        "precision": 0.8464390889922805,
        "recall": 0.8553191489361702,
        "f1-score": 0.8464616646581667,
        "support": 235.0
    },
    "Accuracy": 0.8553191489361702,
    "F1 - Avg. Macro": 0.7623155640171346,
    "F1 - Positives": 0.9109947643979057
}