{
    "Not Affected": {
        "precision": 0.9707924836601307,
        "recall": 0.9177890417571808,
        "f1-score": 0.9435469862775752,
        "support": 20715.0
    },
    "Affected": {
        "precision": 0.08292945611200861,
        "recall": 0.21212121212121213,
        "f1-score": 0.11924119241192412,
        "support": 726.0
    },
    "accuracy": 0.8938948743062357,
    "macro avg": {
        "precision": 0.5268609698860697,
        "recall": 0.5649551269391965,
        "f1-score": 0.5313940893447496,
        "support": 21441.0
    },
    "weighted avg": {
        "precision": 0.9407291210371217,
        "recall": 0.8938948743062357,
        "f1-score": 0.9156356945306202,
        "support": 21441.0
    },
    "Accuracy": 0.8938948743062357,
    "F1 - Avg. Macro": 0.5313940893447496,
    "F1 - Positives": 0.11924119241192412
}