{
    "Not Affected": {
        "precision": 0.9738499713685818,
        "recall": 0.7388848660391021,
        "f1-score": 0.8402503293807642,
        "support": 20715.0
    },
    "Affected": {
        "precision": 0.055031446540880505,
        "recall": 0.43388429752066116,
        "f1-score": 0.09767441860465116,
        "support": 726.0
    },
    "accuracy": 0.7285574366867217,
    "macro avg": {
        "precision": 0.5144407089547312,
        "recall": 0.5863845817798816,
        "f1-score": 0.4689623739927077,
        "support": 21441.0
    },
    "weighted avg": {
        "precision": 0.9427384444330419,
        "recall": 0.7285574366867217,
        "f1-score": 0.8151064409789425,
        "support": 21441.0
    },
    "Accuracy": 0.7285574366867217,
    "F1 - Avg. Macro": 0.4689623739927077,
    "F1 - Positives": 0.09767441860465116
}