{
    "Not Affected": {
        "precision": 0.6666666666666666,
        "recall": 0.6666666666666666,
        "f1-score": 0.6666666666666666,
        "support": 51.0
    },
    "Affected": {
        "precision": 0.907608695652174,
        "recall": 0.907608695652174,
        "f1-score": 0.907608695652174,
        "support": 184.0
    },
    "accuracy": 0.8553191489361702,
    "macro avg": {
        "precision": 0.7871376811594203,
        "recall": 0.7871376811594203,
        "f1-score": 0.7871376811594203,
        "support": 235.0
    },
    "weighted avg": {
        "precision": 0.8553191489361702,
        "recall": 0.8553191489361702,
        "f1-score": 0.8553191489361702,
        "support": 235.0
    },
    "Accuracy": 0.8553191489361702,
    "F1 - Avg. Macro": 0.7871376811594203,
    "F1 - Positives": 0.907608695652174
}