{
    "Not Affected": {
        "precision": 0.9708264944141473,
        "recall": 0.8851556842867487,
        "f1-score": 0.9260138376849654,
        "support": 20715.0
    },
    "Affected": {
        "precision": 0.06851996867658575,
        "recall": 0.24104683195592286,
        "f1-score": 0.10670731707317073,
        "support": 726.0
    },
    "accuracy": 0.8633459260295695,
    "macro avg": {
        "precision": 0.5196732315453665,
        "recall": 0.5631012581213358,
        "f1-score": 0.516360577379068,
        "support": 21441.0
    },
    "weighted avg": {
        "precision": 0.9402740697284764,
        "recall": 0.8633459260295695,
        "f1-score": 0.8982718231350767,
        "support": 21441.0
    },
    "Accuracy": 0.8633459260295695,
    "F1 - Avg. Macro": 0.516360577379068,
    "F1 - Positives": 0.10670731707317073
}