{
    "Not Affected": {
        "precision": 0.9706427533690697,
        "recall": 0.9353125754284335,
        "f1-score": 0.9526502114268857,
        "support": 20715.0
    },
    "Affected": {
        "precision": 0.0945945945945946,
        "recall": 0.1928374655647383,
        "f1-score": 0.12692656391659113,
        "support": 726.0
    },
    "accuracy": 0.9101721001818945,
    "macro avg": {
        "precision": 0.5326186739818322,
        "recall": 0.5640750204965859,
        "f1-score": 0.5397883876717384,
        "support": 21441.0
    },
    "weighted avg": {
        "precision": 0.9409794464677932,
        "recall": 0.9101721001818945,
        "f1-score": 0.9246909106436911,
        "support": 21441.0
    },
    "Accuracy": 0.9101721001818945,
    "F1 - Avg. Macro": 0.5397883876717384,
    "F1 - Positives": 0.12692656391659113
}