{
    "Not Affected": {
        "precision": 0.9705341614906833,
        "recall": 0.9428916244267439,
        "f1-score": 0.956513222331048,
        "support": 20715.0
    },
    "Affected": {
        "precision": 0.10106382978723404,
        "recall": 0.18319559228650137,
        "f1-score": 0.13026444662095985,
        "support": 726.0
    },
    "accuracy": 0.9171680425353295,
    "macro avg": {
        "precision": 0.5357989956389586,
        "recall": 0.5630436083566226,
        "f1-score": 0.543388834476004,
        "support": 21441.0
    },
    "weighted avg": {
        "precision": 0.9410935821885658,
        "recall": 0.9171680425353295,
        "f1-score": 0.9285361405174423,
        "support": 21441.0
    },
    "Accuracy": 0.9171680425353295,
    "F1 - Avg. Macro": 0.543388834476004,
    "F1 - Positives": 0.13026444662095985
}