{
    "Not Affected": {
        "precision": 0.9721061547148504,
        "recall": 0.831088583152305,
        "f1-score": 0.8960832791151594,
        "support": 20715.0
    },
    "Affected": {
        "precision": 0.062181720718306084,
        "recall": 0.31955922865013775,
        "f1-score": 0.10410590083015481,
        "support": 726.0
    },
    "accuracy": 0.8137680145515601,
    "macro avg": {
        "precision": 0.5171439377165783,
        "recall": 0.5753239059012214,
        "f1-score": 0.5000945899726571,
        "support": 21441.0
    },
    "weighted avg": {
        "precision": 0.9412957849055369,
        "recall": 0.8137680145515601,
        "f1-score": 0.8692666391900199,
        "support": 21441.0
    },
    "Accuracy": 0.8137680145515601,
    "F1 - Avg. Macro": 0.5000945899726571,
    "F1 - Positives": 0.10410590083015481
}