{
    "Not Affected": {
        "precision": 0.9734076637190824,
        "recall": 0.7333333333333333,
        "f1-score": 0.8364857795765535,
        "support": 20715.0
    },
    "Affected": {
        "precision": 0.05329905741216795,
        "recall": 0.4283746556473829,
        "f1-score": 0.09480262155159275,
        "support": 726.0
    },
    "accuracy": 0.7230073224196633,
    "macro avg": {
        "precision": 0.5133533605656252,
        "recall": 0.5808539944903581,
        "f1-score": 0.4656442005640731,
        "support": 21441.0
    },
    "weighted avg": {
        "precision": 0.9422524541589491,
        "recall": 0.7230073224196631,
        "f1-score": 0.8113721201051612,
        "support": 21441.0
    },
    "Accuracy": 0.7230073224196633,
    "F1 - Avg. Macro": 0.4656442005640731,
    "F1 - Positives": 0.09480262155159275
}