{
    "Not Affected": {
        "precision": 0.9730568256041803,
        "recall": 0.8629978276611151,
        "f1-score": 0.9147286821705426,
        "support": 20715.0
    },
    "Affected": {
        "precision": 0.07526881720430108,
        "recall": 0.3181818181818182,
        "f1-score": 0.12173913043478261,
        "support": 726.0
    },
    "accuracy": 0.8445501609066741,
    "macro avg": {
        "precision": 0.5241628214042406,
        "recall": 0.5905898229214667,
        "f1-score": 0.5182339063026626,
        "support": 21441.0
    },
    "weighted avg": {
        "precision": 0.9426573995467057,
        "recall": 0.8445501609066741,
        "f1-score": 0.8878777696869754,
        "support": 21441.0
    },
    "Accuracy": 0.8445501609066741,
    "F1 - Avg. Macro": 0.5182339063026626,
    "F1 - Positives": 0.12173913043478261
}