{
    "Not Affected": {
        "precision": 0.9724316682375118,
        "recall": 0.796910451363746,
        "f1-score": 0.8759650845029318,
        "support": 20715.0
    },
    "Affected": {
        "precision": 0.057782754759238525,
        "recall": 0.35537190082644626,
        "f1-score": 0.09940281256020035,
        "support": 726.0
    },
    "accuracy": 0.7819597966512756,
    "macro avg": {
        "precision": 0.5151072114983751,
        "recall": 0.5761411760950962,
        "f1-score": 0.48768394853156605,
        "support": 21441.0
    },
    "weighted avg": {
        "precision": 0.9414613258474542,
        "recall": 0.7819597966512756,
        "f1-score": 0.8496704056432505,
        "support": 21441.0
    },
    "Accuracy": 0.7819597966512756,
    "F1 - Avg. Macro": 0.48768394853156605,
    "F1 - Positives": 0.09940281256020035
}