{
    "Not Affected": {
        "precision": 0.9718280025418343,
        "recall": 0.8859280714458122,
        "f1-score": 0.9268920932346777,
        "support": 20715.0
    },
    "Affected": {
        "precision": 0.07587016034415331,
        "recall": 0.26721763085399447,
        "f1-score": 0.11818458726774292,
        "support": 726.0
    },
    "accuracy": 0.8649783125787044,
    "macro avg": {
        "precision": 0.5238490814429938,
        "recall": 0.5765728511499033,
        "f1-score": 0.5225383402512103,
        "support": 21441.0
    },
    "weighted avg": {
        "precision": 0.941490546572639,
        "recall": 0.8649783125787044,
        "f1-score": 0.8995089651468089,
        "support": 21441.0
    },
    "Accuracy": 0.8649783125787044,
    "F1 - Avg. Macro": 0.5225383402512103,
    "F1 - Positives": 0.11818458726774292
}