{
    "Not Affected": {
        "precision": 0.9706259873617693,
        "recall": 0.9491189958966932,
        "f1-score": 0.9597520197212662,
        "support": 20715.0
    },
    "Affected": {
        "precision": 0.11054852320675106,
        "recall": 0.18044077134986225,
        "f1-score": 0.1371009942438514,
        "support": 726.0
    },
    "accuracy": 0.9230912737279044,
    "macro avg": {
        "precision": 0.5405872552842602,
        "recall": 0.5647798836232778,
        "f1-score": 0.5484265069825588,
        "support": 21441.0
    },
    "weighted avg": {
        "precision": 0.9415034539455787,
        "recall": 0.9230912737279044,
        "f1-score": 0.9318967590292928,
        "support": 21441.0
    },
    "Accuracy": 0.9230912737279044,
    "F1 - Avg. Macro": 0.5484265069825588,
    "F1 - Positives": 0.1371009942438514
}