{
    "Not Affected": {
        "precision": 0.9704029904244968,
        "recall": 0.9148443157132513,
        "f1-score": 0.9418049895636617,
        "support": 20715.0
    },
    "Affected": {
        "precision": 0.07740585774058577,
        "recall": 0.20385674931129477,
        "f1-score": 0.11220621683093253,
        "support": 726.0
    },
    "accuracy": 0.8907700200550347,
    "macro avg": {
        "precision": 0.5239044240825413,
        "recall": 0.5593505325122731,
        "f1-score": 0.5270056031972971,
        "support": 21441.0
    },
    "weighted avg": {
        "precision": 0.9401657851482261,
        "recall": 0.8907700200550347,
        "f1-score": 0.9137144756415515,
        "support": 21441.0
    },
    "Accuracy": 0.8907700200550347,
    "F1 - Avg. Macro": 0.5270056031972971,
    "F1 - Positives": 0.11220621683093253
}