{
    "Not Affected": {
        "precision": 0.9723907250977947,
        "recall": 0.8279990345160512,
        "f1-score": 0.8944047556969286,
        "support": 20715.0
    },
    "Affected": {
        "precision": 0.06286165176223041,
        "recall": 0.32920110192837465,
        "f1-score": 0.10556537102473498,
        "support": 726.0
    },
    "accuracy": 0.8111095564572548,
    "macro avg": {
        "precision": 0.5176261884300125,
        "recall": 0.5786000682222129,
        "f1-score": 0.49998506336083176,
        "support": 21441.0
    },
    "weighted avg": {
        "precision": 0.9415937423431835,
        "recall": 0.8111095564572548,
        "f1-score": 0.8676943693683052,
        "support": 21441.0
    },
    "Accuracy": 0.8111095564572548,
    "F1 - Avg. Macro": 0.49998506336083176,
    "F1 - Positives": 0.10556537102473498
}