{
    "Not Affected": {
        "precision": 0.9708248472505092,
        "recall": 0.9204441226164615,
        "f1-score": 0.9449634493866931,
        "support": 20715.0
    },
    "Affected": {
        "precision": 0.084952803997779,
        "recall": 0.21074380165289255,
        "f1-score": 0.12109220419469727,
        "support": 726.0
    },
    "accuracy": 0.8964134135534724,
    "macro avg": {
        "precision": 0.5278888256241441,
        "recall": 0.565593962134677,
        "f1-score": 0.5330278267906952,
        "support": 21441.0
    },
    "weighted avg": {
        "precision": 0.9408289000744688,
        "recall": 0.8964134135534724,
        "f1-score": 0.917066871614696,
        "support": 21441.0
    },
    "Accuracy": 0.8964134135534724,
    "F1 - Avg. Macro": 0.5330278267906952,
    "F1 - Positives": 0.12109220419469727
}