{
    "Not Affected": {
        "precision": 0.9723314104854766,
        "recall": 0.9194786386676321,
        "f1-score": 0.9451667328304882,
        "support": 20715.0
    },
    "Affected": {
        "precision": 0.09935205183585313,
        "recall": 0.2534435261707989,
        "f1-score": 0.14274631497284718,
        "support": 726.0
    },
    "accuracy": 0.8969264493260576,
    "macro avg": {
        "precision": 0.5358417311606648,
        "recall": 0.5864610824192156,
        "f1-score": 0.5439565239016677,
        "support": 21441.0
    },
    "weighted avg": {
        "precision": 0.9427720142642357,
        "recall": 0.8969264493260576,
        "f1-score": 0.9179964878155801,
        "support": 21441.0
    },
    "Accuracy": 0.8969264493260576,
    "F1 - Avg. Macro": 0.5439565239016677,
    "F1 - Positives": 0.14274631497284718
}