{
    "Not Affected": {
        "precision": 0.9726619512742787,
        "recall": 0.836447019068308,
        "f1-score": 0.8994264060837291,
        "support": 20715.0
    },
    "Affected": {
        "precision": 0.0658946787979046,
        "recall": 0.32920110192837465,
        "f1-score": 0.10980932690098782,
        "support": 726.0
    },
    "accuracy": 0.8192714892029289,
    "macro avg": {
        "precision": 0.5192783150360917,
        "recall": 0.5828240604983413,
        "f1-score": 0.5046178664923585,
        "support": 21441.0
    },
    "weighted avg": {
        "precision": 0.9419584840937437,
        "recall": 0.8192714892029289,
        "f1-score": 0.8726896867382382,
        "support": 21441.0
    },
    "Accuracy": 0.8192714892029289,
    "F1 - Avg. Macro": 0.5046178664923585,
    "F1 - Positives": 0.10980932690098782
}