{
    "Not Affected": {
        "precision": 0.9741976085588421,
        "recall": 0.7472845763939174,
        "f1-score": 0.8457860947957929,
        "support": 20715.0
    },
    "Affected": {
        "precision": 0.05692667987749955,
        "recall": 0.43526170798898073,
        "f1-score": 0.10068504062450215,
        "support": 726.0
    },
    "accuracy": 0.7367193694323959,
    "macro avg": {
        "precision": 0.5155621442181708,
        "recall": 0.5912731421914491,
        "f1-score": 0.4732355677101475,
        "support": 21441.0
    },
    "weighted avg": {
        "precision": 0.9431384837874855,
        "recall": 0.7367193694323959,
        "f1-score": 0.8205567041270576,
        "support": 21441.0
    },
    "Accuracy": 0.7367193694323959,
    "F1 - Avg. Macro": 0.4732355677101475,
    "F1 - Positives": 0.10068504062450215
}