{
    "Not Affected": {
        "precision": 0.9728170894526035,
        "recall": 0.8793627805937726,
        "f1-score": 0.9237322515212981,
        "support": 20715.0
    },
    "Affected": {
        "precision": 0.07989690721649484,
        "recall": 0.2988980716253444,
        "f1-score": 0.12608948285880303,
        "support": 726.0
    },
    "accuracy": 0.8597080360057833,
    "macro avg": {
        "precision": 0.5263569983345492,
        "recall": 0.5891304261095585,
        "f1-score": 0.5249108671900505,
        "support": 21441.0
    },
    "weighted avg": {
        "precision": 0.9425824897462739,
        "recall": 0.8597080360057833,
        "f1-score": 0.896723779432824,
        "support": 21441.0
    },
    "Accuracy": 0.8597080360057833,
    "F1 - Avg. Macro": 0.5249108671900505,
    "F1 - Positives": 0.12608948285880303
}