{
    "Not Affected": {
        "precision": 0.9719942611190818,
        "recall": 0.8176200820661357,
        "f1-score": 0.8881489250131096,
        "support": 20715.0
    },
    "Affected": {
        "precision": 0.05926294820717132,
        "recall": 0.3278236914600551,
        "f1-score": 0.10037958667229017,
        "support": 726.0
    },
    "accuracy": 0.8010353994683084,
    "macro avg": {
        "precision": 0.5156286046631265,
        "recall": 0.5727218867630954,
        "f1-score": 0.4942642558426999,
        "support": 21441.0
    },
    "weighted avg": {
        "precision": 0.941088849376437,
        "recall": 0.8010353994683084,
        "f1-score": 0.8614747708395433,
        "support": 21441.0
    },
    "Accuracy": 0.8010353994683084,
    "F1 - Avg. Macro": 0.4942642558426999,
    "F1 - Positives": 0.10037958667229017
}