{
    "Not Affected": {
        "precision": 0.9754254550233261,
        "recall": 0.7166304610185855,
        "f1-score": 0.8262369900372906,
        "support": 20715.0
    },
    "Affected": {
        "precision": 0.05657344905175185,
        "recall": 0.48484848484848486,
        "f1-score": 0.10132412204951065,
        "support": 726.0
    },
    "accuracy": 0.7087822396343454,
    "macro avg": {
        "precision": 0.5159994520375389,
        "recall": 0.6007394729335351,
        "f1-score": 0.4637805560434006,
        "support": 21441.0
    },
    "weighted avg": {
        "precision": 0.9443127944041684,
        "recall": 0.7087822396343453,
        "f1-score": 0.8016911786404747,
        "support": 21441.0
    },
    "Accuracy": 0.7087822396343454,
    "F1 - Avg. Macro": 0.4637805560434006,
    "F1 - Positives": 0.10132412204951065
}