{
    "Not Affected": {
        "precision": 0.969752427431244,
        "recall": 0.9208785903934347,
        "f1-score": 0.9446838013172881,
        "support": 20715.0
    },
    "Affected": {
        "precision": 0.07401129943502825,
        "recall": 0.18044077134986225,
        "f1-score": 0.10496794871794872,
        "support": 726.0
    },
    "accuracy": 0.8958070985495079,
    "macro avg": {
        "precision": 0.5218818634331361,
        "recall": 0.5506596808716484,
        "f1-score": 0.5248258750176185,
        "support": 21441.0
    },
    "weighted avg": {
        "precision": 0.9394223094831421,
        "recall": 0.8958070985495079,
        "f1-score": 0.9162507194187237,
        "support": 21441.0
    },
    "Accuracy": 0.8958070985495079,
    "F1 - Avg. Macro": 0.5248258750176185,
    "F1 - Positives": 0.10496794871794872
}