{
    "Not Affected": {
        "precision": 0.9723070330494402,
        "recall": 0.8762732319575187,
        "f1-score": 0.921795653057079,
        "support": 20715.0
    },
    "Affected": {
        "precision": 0.07539682539682539,
        "recall": 0.2878787878787879,
        "f1-score": 0.11949685534591195,
        "support": 726.0
    },
    "accuracy": 0.8563499836761345,
    "macro avg": {
        "precision": 0.5238519292231328,
        "recall": 0.5820760099181533,
        "f1-score": 0.5206462542014955,
        "support": 21441.0
    },
    "weighted avg": {
        "precision": 0.9419373296421458,
        "recall": 0.8563499836761345,
        "f1-score": 0.8946295261442342,
        "support": 21441.0
    },
    "Accuracy": 0.8563499836761345,
    "F1 - Avg. Macro": 0.5206462542014955,
    "F1 - Positives": 0.11949685534591195
}