{
    "Not Affected": {
        "precision": 0.9687729430766971,
        "recall": 0.955491189958967,
        "f1-score": 0.9620862295241336,
        "support": 20715.0
    },
    "Affected": {
        "precision": 0.08712871287128712,
        "recall": 0.12121212121212122,
        "f1-score": 0.10138248847926268,
        "support": 726.0
    },
    "accuracy": 0.9272421995242759,
    "macro avg": {
        "precision": 0.5279508279739922,
        "recall": 0.5383516555855441,
        "f1-score": 0.5317343590016981,
        "support": 21441.0
    },
    "weighted avg": {
        "precision": 0.9389201511766399,
        "recall": 0.9272421995242759,
        "f1-score": 0.9329424901463725,
        "support": 21441.0
    },
    "Accuracy": 0.9272421995242759,
    "F1 - Avg. Macro": 0.5317343590016981,
    "F1 - Positives": 0.10138248847926268
}