{
    "Not Affected": {
        "precision": 0.9687484788005647,
        "recall": 0.9607048032826454,
        "f1-score": 0.9647098744485918,
        "support": 20715.0
    },
    "Affected": {
        "precision": 0.0935412026726058,
        "recall": 0.11570247933884298,
        "f1-score": 0.10344827586206896,
        "support": 726.0
    },
    "accuracy": 0.9320927195559908,
    "macro avg": {
        "precision": 0.5311448407365853,
        "recall": 0.5382036413107442,
        "f1-score": 0.5340790751553304,
        "support": 21441.0
    },
    "weighted avg": {
        "precision": 0.93911364448925,
        "recall": 0.9320927195559908,
        "f1-score": 0.935547245813089,
        "support": 21441.0
    },
    "Accuracy": 0.9320927195559908,
    "F1 - Avg. Macro": 0.5340790751553304,
    "F1 - Positives": 0.10344827586206896
}