{
    "0": {
        "precision": 0.9708864571830138,
        "recall": 0.9337195269128651,
        "f1-score": 0.9519403499274061,
        "support": 20715.0
    },
    "1": {
        "precision": 0.09611586570111916,
        "recall": 0.20110192837465565,
        "f1-score": 0.13006681514476615,
        "support": 726.0
    },
    "accuracy": 0.9089128305582762,
    "macro avg": {
        "precision": 0.5335011614420665,
        "recall": 0.5674107276437603,
        "f1-score": 0.5410035825360862,
        "support": 21441.0
    },
    "weighted avg": {
        "precision": 0.941266409171454,
        "recall": 0.9089128305582762,
        "f1-score": 0.9241114153510245,
        "support": 21441.0
    },
    "Accuracy": 0.9089128305582762,
    "F1 - Avg. Macro": 0.5410035825360862,
    "F1 - Positives": 0.13006681514476615
}