{
    "Not Affected": {
        "precision": 0.9729370008873115,
        "recall": 0.8469225199131064,
        "f1-score": 0.9055668825973624,
        "support": 20715.0
    },
    "Affected": {
        "precision": 0.06981519507186858,
        "recall": 0.3278236914600551,
        "f1-score": 0.11511487303506651,
        "support": 726.0
    },
    "accuracy": 0.8293456461918753,
    "macro avg": {
        "precision": 0.5213760979795901,
        "recall": 0.5873731056865807,
        "f1-score": 0.5103408778162144,
        "support": 21441.0
    },
    "weighted avg": {
        "precision": 0.9423569705238951,
        "recall": 0.8293456461918753,
        "f1-score": 0.8788018922078177,
        "support": 21441.0
    },
    "Accuracy": 0.8293456461918753,
    "F1 - Avg. Macro": 0.5103408778162144,
    "F1 - Positives": 0.11511487303506651
}