{
    "Not Affected": {
        "precision": 0.9774050197158415,
        "recall": 0.753849867245957,
        "f1-score": 0.8511937207020603,
        "support": 20715.0
    },
    "Affected": {
        "precision": 0.06680087847730601,
        "recall": 0.5027548209366391,
        "f1-score": 0.11793214862681745,
        "support": 726.0
    },
    "accuracy": 0.7453476983349657,
    "macro avg": {
        "precision": 0.5221029490965737,
        "recall": 0.628302344091298,
        "f1-score": 0.4845629346644389,
        "support": 21441.0
    },
    "weighted avg": {
        "precision": 0.9465716347739462,
        "recall": 0.7453476983349657,
        "f1-score": 0.826365219171039,
        "support": 21441.0
    },
    "Accuracy": 0.7453476983349657,
    "F1 - Avg. Macro": 0.4845629346644389,
    "F1 - Positives": 0.11793214862681745
}