{
    "Not Affected": {
        "precision": 0.9720148221890382,
        "recall": 0.848419020033792,
        "f1-score": 0.9060212393030209,
        "support": 20715.0
    },
    "Affected": {
        "precision": 0.06547619047619048,
        "recall": 0.30303030303030304,
        "f1-score": 0.10768477728830152,
        "support": 726.0
    },
    "accuracy": 0.8299519611958397,
    "macro avg": {
        "precision": 0.5187455063326144,
        "recall": 0.5757246615320475,
        "f1-score": 0.5068530082956613,
        "support": 21441.0
    },
    "weighted avg": {
        "precision": 0.9413190968672935,
        "recall": 0.8299519611958397,
        "f1-score": 0.8789892785072237,
        "support": 21441.0
    },
    "Accuracy": 0.8299519611958397,
    "F1 - Avg. Macro": 0.5068530082956613,
    "F1 - Positives": 0.10768477728830152
}