{
    "Not Affected": {
        "precision": 0.9730635551142006,
        "recall": 0.756842867487328,
        "f1-score": 0.8514405191842941,
        "support": 20715.0
    },
    "Affected": {
        "precision": 0.0547945205479452,
        "recall": 0.4022038567493113,
        "f1-score": 0.09644921552436003,
        "support": 726.0
    },
    "accuracy": 0.7448346625623805,
    "macro avg": {
        "precision": 0.5139290378310729,
        "recall": 0.5795233621183197,
        "f1-score": 0.47394486735432706,
        "support": 21441.0
    },
    "weighted avg": {
        "precision": 0.9419706341172741,
        "recall": 0.7448346625623805,
        "f1-score": 0.8258762410975858,
        "support": 21441.0
    },
    "Accuracy": 0.7448346625623805,
    "F1 - Avg. Macro": 0.47394486735432706,
    "F1 - Positives": 0.09644921552436003
}