{
    "Not Affected": {
        "precision": 0.9699474810348181,
        "recall": 0.9628771421675114,
        "f1-score": 0.9663993798299377,
        "support": 20715.0
    },
    "Affected": {
        "precision": 0.12314709236031927,
        "recall": 0.1487603305785124,
        "f1-score": 0.13474734872114785,
        "support": 726.0
    },
    "accuracy": 0.935310853038571,
    "macro avg": {
        "precision": 0.5465472866975687,
        "recall": 0.5558187363730119,
        "f1-score": 0.5505733642755428,
        "support": 21441.0
    },
    "weighted avg": {
        "precision": 0.9412745141872977,
        "recall": 0.935310853038571,
        "f1-score": 0.9382393418380072,
        "support": 21441.0
    },
    "Accuracy": 0.935310853038571,
    "F1 - Avg. Macro": 0.5505733642755428,
    "F1 - Positives": 0.13474734872114785
}