{
    "Not Affected": {
        "precision": 0.971850005193726,
        "recall": 0.9033067825247405,
        "f1-score": 0.936325652380595,
        "support": 20715.0
    },
    "Affected": {
        "precision": 0.08413351623228166,
        "recall": 0.2534435261707989,
        "f1-score": 0.1263302437349811,
        "support": 726.0
    },
    "accuracy": 0.8813021780700527,
    "macro avg": {
        "precision": 0.5279917607130038,
        "recall": 0.5783751543477698,
        "f1-score": 0.531327948057788,
        "support": 21441.0
    },
    "weighted avg": {
        "precision": 0.941791604420161,
        "recall": 0.8813021780700527,
        "f1-score": 0.9088989154431052,
        "support": 21441.0
    },
    "Accuracy": 0.8813021780700527,
    "F1 - Avg. Macro": 0.531327948057788,
    "F1 - Positives": 0.1263302437349811
}