{
    "Not Affected": {
        "precision": 0.9703189455679646,
        "recall": 0.9311127202510259,
        "f1-score": 0.9503116300840047,
        "support": 20715.0
    },
    "Affected": {
        "precision": 0.08701215611004479,
        "recall": 0.18732782369146006,
        "f1-score": 0.11882918304936653,
        "support": 726.0
    },
    "accuracy": 0.905927895154144,
    "macro avg": {
        "precision": 0.5286655508390047,
        "recall": 0.5592202719712429,
        "f1-score": 0.5345704065666856,
        "support": 21441.0
    },
    "weighted avg": {
        "precision": 0.9404098588114491,
        "recall": 0.905927895154144,
        "f1-score": 0.9221573342700433,
        "support": 21441.0
    },
    "Accuracy": 0.905927895154144,
    "F1 - Avg. Macro": 0.5345704065666856,
    "F1 - Positives": 0.11882918304936653
}