{
    "Not Affected": {
        "precision": 0.9713508240488782,
        "recall": 0.9132995413951243,
        "f1-score": 0.9414311305732485,
        "support": 20715.0
    },
    "Affected": {
        "precision": 0.0855397148676171,
        "recall": 0.23140495867768596,
        "f1-score": 0.12490706319702602,
        "support": 726.0
    },
    "accuracy": 0.89021034466676,
    "macro avg": {
        "precision": 0.5284452694582477,
        "recall": 0.5723522500364051,
        "f1-score": 0.5331690968851373,
        "support": 21441.0
    },
    "weighted avg": {
        "precision": 0.9413569401224943,
        "recall": 0.89021034466676,
        "f1-score": 0.9137833308943557,
        "support": 21441.0
    },
    "Accuracy": 0.89021034466676,
    "F1 - Avg. Macro": 0.5331690968851373,
    "F1 - Positives": 0.12490706319702602
}