{
    "Not Affected": {
        "precision": 0.9735154394299287,
        "recall": 0.7914071928554188,
        "f1-score": 0.8730661696178937,
        "support": 20715.0
    },
    "Affected": {
        "precision": 0.06085633557922191,
        "recall": 0.3856749311294766,
        "f1-score": 0.10512483574244415,
        "support": 726.0
    },
    "accuracy": 0.7776689520078355,
    "macro avg": {
        "precision": 0.5171858875045753,
        "recall": 0.5885410619924477,
        "f1-score": 0.48909550268016894,
        "support": 21441.0
    },
    "weighted avg": {
        "precision": 0.942612472712163,
        "recall": 0.7776689520078355,
        "f1-score": 0.8470633988332485,
        "support": 21441.0
    },
    "Accuracy": 0.7776689520078355,
    "F1 - Avg. Macro": 0.48909550268016894,
    "F1 - Positives": 0.10512483574244415
}