{
    "Not Affected": {
        "precision": 0.9765155974102413,
        "recall": 0.8009172097513879,
        "f1-score": 0.8800424346903594,
        "support": 20715.0
    },
    "Affected": {
        "precision": 0.07346663671085149,
        "recall": 0.45041322314049587,
        "f1-score": 0.12632798918292448,
        "support": 726.0
    },
    "accuracy": 0.7890490182360897,
    "macro avg": {
        "precision": 0.5249911170605464,
        "recall": 0.6256652164459419,
        "f1-score": 0.5031852119366419,
        "support": 21441.0
    },
    "weighted avg": {
        "precision": 0.945938033608751,
        "recall": 0.7890490182360897,
        "f1-score": 0.8545213914816285,
        "support": 21441.0
    },
    "Accuracy": 0.7890490182360897,
    "F1 - Avg. Macro": 0.5031852119366419,
    "F1 - Positives": 0.12632798918292448
}