{
    "Not Affected": {
        "precision": 0.9682670413255172,
        "recall": 0.9648081100651702,
        "f1-score": 0.9665344810910146,
        "support": 20715.0
    },
    "Affected": {
        "precision": 0.08875,
        "recall": 0.09779614325068871,
        "f1-score": 0.09305373525557012,
        "support": 726.0
    },
    "accuracy": 0.9354507718856396,
    "macro avg": {
        "precision": 0.5285085206627587,
        "recall": 0.5313021266579294,
        "f1-score": 0.5297941081732923,
        "support": 21441.0
    },
    "weighted avg": {
        "precision": 0.9384862768088283,
        "recall": 0.9354507718856396,
        "f1-score": 0.9369581077186657,
        "support": 21441.0
    },
    "Accuracy": 0.9354507718856396,
    "F1 - Avg. Macro": 0.5297941081732923,
    "F1 - Positives": 0.09305373525557012
}