{
    "Not Affected": {
        "precision": 0.9705737624249582,
        "recall": 0.9521602703355057,
        "f1-score": 0.961278845919536,
        "support": 20715.0
    },
    "Affected": {
        "precision": 0.11438784629133154,
        "recall": 0.1763085399449036,
        "f1-score": 0.13875338753387534,
        "support": 726.0
    },
    "accuracy": 0.9258896506692785,
    "macro avg": {
        "precision": 0.5424808043581448,
        "recall": 0.5642344051402046,
        "f1-score": 0.5500161167267057,
        "support": 21441.0
    },
    "weighted avg": {
        "precision": 0.9415829982295841,
        "recall": 0.9258896506692785,
        "f1-score": 0.933427836974618,
        "support": 21441.0
    },
    "Accuracy": 0.9258896506692785,
    "F1 - Avg. Macro": 0.5500161167267057,
    "F1 - Positives": 0.13875338753387534
}