{
    "Not Affected": {
        "precision": 0.9713052177117886,
        "recall": 0.8905623944001931,
        "f1-score": 0.9291830361639972,
        "support": 20715.0
    },
    "Affected": {
        "precision": 0.07393790849673203,
        "recall": 0.2493112947658402,
        "f1-score": 0.11405166981726528,
        "support": 726.0
    },
    "accuracy": 0.8688494006809384,
    "macro avg": {
        "precision": 0.5226215631042603,
        "recall": 0.5699368445830166,
        "f1-score": 0.5216173529906313,
        "support": 21441.0
    },
    "weighted avg": {
        "precision": 0.9409200366805806,
        "recall": 0.8688494006809384,
        "f1-score": 0.9015823938447151,
        "support": 21441.0
    },
    "Accuracy": 0.8688494006809384,
    "F1 - Avg. Macro": 0.5216173529906313,
    "F1 - Positives": 0.11405166981726528
}