{
    "Not Affected": {
        "precision": 0.9711145194274029,
        "recall": 0.9169683804006759,
        "f1-score": 0.9432650527622595,
        "support": 20715.0
    },
    "Affected": {
        "precision": 0.08559276980329612,
        "recall": 0.22176308539944903,
        "f1-score": 0.12351361718450327,
        "support": 726.0
    },
    "accuracy": 0.89342847814934,
    "macro avg": {
        "precision": 0.5283536446153495,
        "recall": 0.5693657329000624,
        "f1-score": 0.5333893349733814,
        "support": 21441.0
    },
    "weighted avg": {
        "precision": 0.9411304333200805,
        "recall": 0.89342847814934,
        "f1-score": 0.9155079732310133,
        "support": 21441.0
    },
    "Accuracy": 0.89342847814934,
    "F1 - Avg. Macro": 0.5333893349733814,
    "F1 - Positives": 0.12351361718450327
}