{
    "Not Affected": {
        "precision": 0.9720518427649475,
        "recall": 0.8797972483707458,
        "f1-score": 0.9236265963916481,
        "support": 20715.0
    },
    "Affected": {
        "precision": 0.075037147102526,
        "recall": 0.27823691460055094,
        "f1-score": 0.1181977764774722,
        "support": 726.0
    },
    "accuracy": 0.859428198311646,
    "macro avg": {
        "precision": 0.5235444949337368,
        "recall": 0.5790170814856483,
        "f1-score": 0.5209121864345602,
        "support": 21441.0
    },
    "weighted avg": {
        "precision": 0.9416786013559217,
        "recall": 0.859428198311646,
        "f1-score": 0.8963544857971006,
        "support": 21441.0
    },
    "Accuracy": 0.859428198311646,
    "F1 - Avg. Macro": 0.5209121864345602,
    "F1 - Positives": 0.1181977764774722
}