{
    "Not Affected": {
        "precision": 0.9702880699813986,
        "recall": 0.9316920106203235,
        "f1-score": 0.9505984337290055,
        "support": 20715.0
    },
    "Affected": {
        "precision": 0.08709677419354839,
        "recall": 0.1859504132231405,
        "f1-score": 0.11862917398945519,
        "support": 726.0
    },
    "accuracy": 0.9064409309267292,
    "macro avg": {
        "precision": 0.5286924220874735,
        "recall": 0.558821211921732,
        "f1-score": 0.5346138038592304,
        "support": 21441.0
    },
    "weighted avg": {
        "precision": 0.9403828938822437,
        "recall": 0.9064409309267292,
        "f1-score": 0.9224276542611209,
        "support": 21441.0
    },
    "Accuracy": 0.9064409309267292,
    "F1 - Avg. Macro": 0.5346138038592304,
    "F1 - Positives": 0.11862917398945519
}