{
    "Not Affected": {
        "precision": 0.9721614847208149,
        "recall": 0.8799903451605117,
        "f1-score": 0.9237824963259514,
        "support": 20715.0
    },
    "Affected": {
        "precision": 0.0758364312267658,
        "recall": 0.2809917355371901,
        "f1-score": 0.11943793911007025,
        "support": 726.0
    },
    "accuracy": 0.8597080360057833,
    "macro avg": {
        "precision": 0.5239989579737904,
        "recall": 0.5804910403488509,
        "f1-score": 0.5216102177180109,
        "support": 21441.0
    },
    "weighted avg": {
        "precision": 0.9418115948445647,
        "recall": 0.8597080360057833,
        "f1-score": 0.8965470992577769,
        "support": 21441.0
    },
    "Accuracy": 0.8597080360057833,
    "F1 - Avg. Macro": 0.5216102177180109,
    "F1 - Positives": 0.11943793911007025
}