{
    "Not Affected": {
        "precision": 0.9733949945593036,
        "recall": 0.8636736664252956,
        "f1-score": 0.91525770558895,
        "support": 20715.0
    },
    "Affected": {
        "precision": 0.07742567788304476,
        "recall": 0.32644628099173556,
        "f1-score": 0.125165038288883,
        "support": 726.0
    },
    "accuracy": 0.8454829532204655,
    "macro avg": {
        "precision": 0.5254103362211742,
        "recall": 0.5950599737085156,
        "f1-score": 0.5202113719389165,
        "support": 21441.0
    },
    "weighted avg": {
        "precision": 0.9430571500601215,
        "recall": 0.8454829532204655,
        "f1-score": 0.8885048826581236,
        "support": 21441.0
    },
    "Accuracy": 0.8454829532204655,
    "F1 - Avg. Macro": 0.5202113719389165,
    "F1 - Positives": 0.125165038288883
}