{
    "Not Affected": {
        "precision": 0.2072072072072072,
        "recall": 0.45098039215686275,
        "f1-score": 0.2839506172839506,
        "support": 51.0
    },
    "Affected": {
        "precision": 0.7741935483870968,
        "recall": 0.5217391304347826,
        "f1-score": 0.6233766233766234,
        "support": 184.0
    },
    "accuracy": 0.5063829787234042,
    "macro avg": {
        "precision": 0.490700377797152,
        "recall": 0.4863597612958227,
        "f1-score": 0.45366362033028695,
        "support": 235.0
    },
    "weighted avg": {
        "precision": 0.6511454488118867,
        "recall": 0.5063829787234042,
        "f1-score": 0.5497139582245965,
        "support": 235.0
    },
    "Accuracy": 0.5063829787234042,
    "F1 - Avg. Macro": 0.45366362033028695,
    "F1 - Positives": 0.6233766233766234
}