{
    "Not Affected": {
        "precision": 0.9726601601601602,
        "recall": 0.7505189476224958,
        "f1-score": 0.8472710428077059,
        "support": 20715.0
    },
    "Affected": {
        "precision": 0.0529595015576324,
        "recall": 0.39807162534435264,
        "f1-score": 0.09348212841662623,
        "support": 726.0
    },
    "accuracy": 0.7385849540599786,
    "macro avg": {
        "precision": 0.5128098308588963,
        "recall": 0.5742952864834242,
        "f1-score": 0.4703765856121661,
        "support": 21441.0
    },
    "weighted avg": {
        "precision": 0.9415187638565627,
        "recall": 0.7385849540599786,
        "f1-score": 0.8217474780556923,
        "support": 21441.0
    },
    "Accuracy": 0.7385849540599786,
    "F1 - Avg. Macro": 0.4703765856121661,
    "F1 - Positives": 0.09348212841662623
}