{
    "Not Affected": {
        "precision": 0.9705185032470879,
        "recall": 0.9090031378228337,
        "f1-score": 0.9387541441284244,
        "support": 20715.0
    },
    "Affected": {
        "precision": 0.07552721922511035,
        "recall": 0.21212121212121213,
        "f1-score": 0.11139240506329114,
        "support": 726.0
    },
    "accuracy": 0.8854064642507345,
    "macro avg": {
        "precision": 0.5230228612360991,
        "recall": 0.5605621749720229,
        "f1-score": 0.5250732745958577,
        "support": 21441.0
    },
    "weighted avg": {
        "precision": 0.9402137752866404,
        "recall": 0.8854064642507345,
        "f1-score": 0.9107393769738474,
        "support": 21441.0
    },
    "Accuracy": 0.8854064642507345,
    "F1 - Avg. Macro": 0.5250732745958577,
    "F1 - Positives": 0.11139240506329114
}