{
    "Not Affected": {
        "precision": 0.9764177428411005,
        "recall": 0.7555394641564084,
        "f1-score": 0.8518941868060091,
        "support": 20715.0
    },
    "Affected": {
        "precision": 0.06430155210643015,
        "recall": 0.4793388429752066,
        "f1-score": 0.11339198435972629,
        "support": 726.0
    },
    "accuracy": 0.7461872114173779,
    "macro avg": {
        "precision": 0.5203596474737653,
        "recall": 0.6174391535658075,
        "f1-score": 0.4826430855828677,
        "support": 21441.0
    },
    "weighted avg": {
        "precision": 0.9455331593574304,
        "recall": 0.7461872114173779,
        "f1-score": 0.8268882356388061,
        "support": 21441.0
    },
    "Accuracy": 0.7461872114173779,
    "F1 - Avg. Macro": 0.4826430855828677,
    "F1 - Positives": 0.11339198435972629
}