{
    "Not Affected": {
        "precision": 0.9714315613227291,
        "recall": 0.8962587496982862,
        "f1-score": 0.9323323373590781,
        "support": 20715.0
    },
    "Affected": {
        "precision": 0.07728638900815801,
        "recall": 0.24793388429752067,
        "f1-score": 0.11783960720130933,
        "support": 726.0
    },
    "accuracy": 0.8743062357166177,
    "macro avg": {
        "precision": 0.5243589751654436,
        "recall": 0.5720963169979034,
        "f1-score": 0.5250859722801937,
        "support": 21441.0
    },
    "weighted avg": {
        "precision": 0.9411554830101327,
        "recall": 0.8743062357166177,
        "f1-score": 0.9047533194916959,
        "support": 21441.0
    },
    "Accuracy": 0.8743062357166177,
    "F1 - Avg. Macro": 0.5250859722801937,
    "F1 - Positives": 0.11783960720130933
}