{
    "Not Affected": {
        "precision": 0.9757138374647003,
        "recall": 0.7505672218199373,
        "f1-score": 0.8484583901773534,
        "support": 20715.0
    },
    "Affected": {
        "precision": 0.06156919723937523,
        "recall": 0.4669421487603306,
        "f1-score": 0.10879332477535301,
        "support": 726.0
    },
    "accuracy": 0.7409635744601465,
    "macro avg": {
        "precision": 0.5186415173520378,
        "recall": 0.608754685290134,
        "f1-score": 0.47862585747635317,
        "support": 21441.0
    },
    "weighted avg": {
        "precision": 0.9447605699490254,
        "recall": 0.7409635744601465,
        "f1-score": 0.823413064050687,
        "support": 21441.0
    },
    "Accuracy": 0.7409635744601465,
    "F1 - Avg. Macro": 0.47862585747635317,
    "F1 - Positives": 0.10879332477535301
}