{
    "Not Affected": {
        "precision": 0.9727585441633377,
        "recall": 0.8463915037412503,
        "f1-score": 0.9051859882805442,
        "support": 20715.0
    },
    "Affected": {
        "precision": 0.0687737781679836,
        "recall": 0.3236914600550964,
        "f1-score": 0.11344436398744871,
        "support": 726.0
    },
    "accuracy": 0.8286926915722215,
    "macro avg": {
        "precision": 0.5207661611656607,
        "recall": 0.5850414818981733,
        "f1-score": 0.5093151761339965,
        "support": 21441.0
    },
    "weighted avg": {
        "precision": 0.9421492936567091,
        "recall": 0.8286926915722215,
        "f1-score": 0.8783773310706757,
        "support": 21441.0
    },
    "Accuracy": 0.8286926915722215,
    "F1 - Avg. Macro": 0.5093151761339965,
    "F1 - Positives": 0.11344436398744871
}