{
    "Not Affected": {
        "precision": 0.9725075342887016,
        "recall": 0.7633116099444847,
        "f1-score": 0.8553037269432574,
        "support": 20715.0
    },
    "Affected": {
        "precision": 0.05384021613276727,
        "recall": 0.384297520661157,
        "f1-score": 0.0944482058226134,
        "support": 726.0
    },
    "accuracy": 0.7504780560608181,
    "macro avg": {
        "precision": 0.5131738752107344,
        "recall": 0.5738045653028209,
        "f1-score": 0.4748759663829354,
        "support": 21441.0
    },
    "weighted avg": {
        "precision": 0.9414011272656521,
        "recall": 0.7504780560608181,
        "f1-score": 0.829540884336402,
        "support": 21441.0
    },
    "Accuracy": 0.7504780560608181,
    "F1 - Avg. Macro": 0.4748759663829354,
    "F1 - Positives": 0.0944482058226134
}