{
    "Not Affected": {
        "precision": 0.9740932642487047,
        "recall": 0.7351194786386677,
        "f1-score": 0.8379002971277649,
        "support": 20715.0
    },
    "Affected": {
        "precision": 0.05526859504132232,
        "recall": 0.44214876033057854,
        "f1-score": 0.09825528007346189,
        "support": 726.0
    },
    "accuracy": 0.7251993843570729,
    "macro avg": {
        "precision": 0.5146809296450136,
        "recall": 0.5886341194846231,
        "f1-score": 0.4680777886006134,
        "support": 21441.0
    },
    "weighted avg": {
        "precision": 0.9429815292622508,
        "recall": 0.7251993843570729,
        "f1-score": 0.8128556498453888,
        "support": 21441.0
    },
    "Accuracy": 0.7251993843570729,
    "F1 - Avg. Macro": 0.4680777886006134,
    "F1 - Positives": 0.09825528007346189
}