{
    "Not Affected": {
        "precision": 0.9718546759363086,
        "recall": 0.8367849384503983,
        "f1-score": 0.8992762833648933,
        "support": 20715.0
    },
    "Affected": {
        "precision": 0.062135922330097085,
        "recall": 0.3085399449035813,
        "f1-score": 0.10344031401523897,
        "support": 726.0
    },
    "accuracy": 0.8188983722774125,
    "macro avg": {
        "precision": 0.5169952991332029,
        "recall": 0.5726624416769898,
        "f1-score": 0.5013582986900661,
        "support": 21441.0
    },
    "weighted avg": {
        "precision": 0.9410512705392604,
        "recall": 0.8188983722774125,
        "f1-score": 0.8723289901533897,
        "support": 21441.0
    },
    "Accuracy": 0.8188983722774125,
    "F1 - Avg. Macro": 0.5013582986900661,
    "F1 - Positives": 0.10344031401523897
}