{
    "Not Affected": {
        "precision": 0.8666666666666667,
        "recall": 0.5098039215686274,
        "f1-score": 0.6419753086419753,
        "support": 51.0
    },
    "Affected": {
        "precision": 0.8780487804878049,
        "recall": 0.9782608695652174,
        "f1-score": 0.9254498714652957,
        "support": 184.0
    },
    "accuracy": 0.8765957446808511,
    "macro avg": {
        "precision": 0.8723577235772357,
        "recall": 0.7440323955669224,
        "f1-score": 0.7837125900536355,
        "support": 235.0
    },
    "weighted avg": {
        "precision": 0.8755786196159834,
        "recall": 0.8765957446808511,
        "f1-score": 0.8639298599589581,
        "support": 235.0
    },
    "Accuracy": 0.8765957446808511,
    "F1 - Avg. Macro": 0.7837125900536355,
    "F1 - Positives": 0.9254498714652957
}