{
    "Not Affected": {
        "precision": 0.9719588806396345,
        "recall": 0.821578566256336,
        "f1-score": 0.8904643557880968,
        "support": 20715.0
    },
    "Affected": {
        "precision": 0.059781226151106585,
        "recall": 0.3236914600550964,
        "f1-score": 0.10092334120678548,
        "support": 726.0
    },
    "accuracy": 0.8047199291077841,
    "macro avg": {
        "precision": 0.5158700533953705,
        "recall": 0.5726350131557162,
        "f1-score": 0.49569384849744114,
        "support": 21441.0
    },
    "weighted avg": {
        "precision": 0.9410722159710708,
        "recall": 0.8047199291077841,
        "f1-score": 0.8637302120174689,
        "support": 21441.0
    },
    "Accuracy": 0.8047199291077841,
    "F1 - Avg. Macro": 0.49569384849744114,
    "F1 - Positives": 0.10092334120678548
}