{
    "Not Affected": {
        "precision": 0.9703614093452291,
        "recall": 0.9293265749456915,
        "f1-score": 0.9494007989347537,
        "support": 20715.0
    },
    "Affected": {
        "precision": 0.08614232209737828,
        "recall": 0.19008264462809918,
        "f1-score": 0.11855670103092783,
        "support": 726.0
    },
    "accuracy": 0.9042955086050091,
    "macro avg": {
        "precision": 0.5282518657213037,
        "recall": 0.5597046097868953,
        "f1-score": 0.5339787499828408,
        "support": 21441.0
    },
    "weighted avg": {
        "precision": 0.9404214318562155,
        "recall": 0.9042955086050091,
        "f1-score": 0.9212681178527996,
        "support": 21441.0
    },
    "Accuracy": 0.9042955086050091,
    "F1 - Avg. Macro": 0.5339787499828408,
    "F1 - Positives": 0.11855670103092783
}