{
    "Not Affected": {
        "precision": 0.9715238792612481,
        "recall": 0.5764421916485638,
        "f1-score": 0.7235654123492699,
        "support": 20715.0
    },
    "Affected": {
        "precision": 0.04109289617486339,
        "recall": 0.5179063360881543,
        "f1-score": 0.07614418793033617,
        "support": 726.0
    },
    "accuracy": 0.5744601464483933,
    "macro avg": {
        "precision": 0.5063083877180558,
        "recall": 0.547174263868359,
        "f1-score": 0.399854800139803,
        "support": 21441.0
    },
    "weighted avg": {
        "precision": 0.9400191502970805,
        "recall": 0.5744601464483933,
        "f1-score": 0.701643495977452,
        "support": 21441.0
    },
    "Accuracy": 0.5744601464483933,
    "F1 - Avg. Macro": 0.399854800139803,
    "F1 - Positives": 0.07614418793033617
}