{
    "Not Affected": {
        "precision": 0.9723776400020162,
        "recall": 0.9312575428433503,
        "f1-score": 0.9513734773388568,
        "support": 20715.0
    },
    "Affected": {
        "precision": 0.1111111111111111,
        "recall": 0.24517906336088155,
        "f1-score": 0.15292096219931273,
        "support": 726.0
    },
    "accuracy": 0.9080266778601744,
    "macro avg": {
        "precision": 0.5417443755565636,
        "recall": 0.5882183031021159,
        "f1-score": 0.5521472197690848,
        "support": 21441.0
    },
    "weighted avg": {
        "precision": 0.9432148444246273,
        "recall": 0.9080266778601744,
        "f1-score": 0.924337586942359,
        "support": 21441.0
    },
    "Accuracy": 0.9080266778601744,
    "F1 - Avg. Macro": 0.5521472197690848,
    "F1 - Positives": 0.15292096219931273
}