{
    "Not Affected": {
        "precision": 0.9733117166552347,
        "recall": 0.7535119478638668,
        "f1-score": 0.8494231606443187,
        "support": 20715.0
    },
    "Affected": {
        "precision": 0.055144337527757215,
        "recall": 0.41046831955922863,
        "f1-score": 0.09722675367047308,
        "support": 726.0
    },
    "accuracy": 0.7418963667739378,
    "macro avg": {
        "precision": 0.514228027091496,
        "recall": 0.5819901337115477,
        "f1-score": 0.47332495715739586,
        "support": 21441.0
    },
    "weighted avg": {
        "precision": 0.9422222377481619,
        "recall": 0.7418963667739378,
        "f1-score": 0.8239535187683329,
        "support": 21441.0
    },
    "Accuracy": 0.7418963667739378,
    "F1 - Avg. Macro": 0.47332495715739586,
    "F1 - Positives": 0.09722675367047308
}