{
    "Not Affected": {
        "precision": 0.9733297413793104,
        "recall": 0.872073376780111,
        "f1-score": 0.9199236155315086,
        "support": 20715.0
    },
    "Affected": {
        "precision": 0.08018049288441513,
        "recall": 0.3181818181818182,
        "f1-score": 0.12808428056556695,
        "support": 726.0
    },
    "accuracy": 0.8533184086563127,
    "macro avg": {
        "precision": 0.5267551171318627,
        "recall": 0.5951275974809646,
        "f1-score": 0.5240039480485378,
        "support": 21441.0
    },
    "weighted avg": {
        "precision": 0.9430873854067673,
        "recall": 0.8533184086563127,
        "f1-score": 0.8931116498029851,
        "support": 21441.0
    },
    "Accuracy": 0.8533184086563127,
    "F1 - Avg. Macro": 0.5240039480485378,
    "F1 - Positives": 0.12808428056556695
}