{
    "Not Affected": {
        "precision": 0.970216606498195,
        "recall": 0.9341057204923968,
        "f1-score": 0.9518187855087434,
        "support": 20715.0
    },
    "Affected": {
        "precision": 0.08817635270541083,
        "recall": 0.18181818181818182,
        "f1-score": 0.11875843454790823,
        "support": 726.0
    },
    "accuracy": 0.9086329928641388,
    "macro avg": {
        "precision": 0.5291964796018029,
        "recall": 0.5579619511552893,
        "f1-score": 0.5352886100283258,
        "support": 21441.0
    },
    "weighted avg": {
        "precision": 0.9403504050965085,
        "recall": 0.9086329928641388,
        "f1-score": 0.9236110612982324,
        "support": 21441.0
    },
    "Accuracy": 0.9086329928641388,
    "F1 - Avg. Macro": 0.5352886100283258,
    "F1 - Positives": 0.11875843454790823
}