{
    "Not Affected": {
        "precision": 0.9717275928773375,
        "recall": 0.9457398020757904,
        "f1-score": 0.9585575888051668,
        "support": 20715.0
    },
    "Affected": {
        "precision": 0.121875,
        "recall": 0.21487603305785125,
        "f1-score": 0.15553339980059822,
        "support": 726.0
    },
    "accuracy": 0.920992491021874,
    "macro avg": {
        "precision": 0.5468012964386687,
        "recall": 0.5803079175668209,
        "f1-score": 0.5570454943028825,
        "support": 21441.0
    },
    "weighted avg": {
        "precision": 0.9429512772936918,
        "recall": 0.920992491021874,
        "f1-score": 0.9313668998812679,
        "support": 21441.0
    },
    "Accuracy": 0.920992491021874,
    "F1 - Avg. Macro": 0.5570454943028825,
    "F1 - Positives": 0.15553339980059822
}