{
    "Not Affected": {
        "precision": 0.9728033472803347,
        "recall": 0.8081100651701666,
        "f1-score": 0.8828415473459378,
        "support": 20715.0
    },
    "Affected": {
        "precision": 0.06094968107725018,
        "recall": 0.35537190082644626,
        "f1-score": 0.10405323653962492,
        "support": 726.0
    },
    "accuracy": 0.7927801874912551,
    "macro avg": {
        "precision": 0.5168765141787924,
        "recall": 0.5817409829983065,
        "f1-score": 0.49344739194278137,
        "support": 21441.0
    },
    "weighted avg": {
        "precision": 0.9419276529720729,
        "recall": 0.7927801874912551,
        "f1-score": 0.8564714940067566,
        "support": 21441.0
    },
    "Accuracy": 0.7927801874912551,
    "F1 - Avg. Macro": 0.49344739194278137,
    "F1 - Positives": 0.10405323653962492
}