{
    "Not Affected": {
        "precision": 0.9720023069260211,
        "recall": 0.8949553463673666,
        "f1-score": 0.9318890117623404,
        "support": 20715.0
    },
    "Affected": {
        "precision": 0.08108108108108109,
        "recall": 0.2644628099173554,
        "f1-score": 0.12411118293471235,
        "support": 726.0
    },
    "accuracy": 0.8736066414812742,
    "macro avg": {
        "precision": 0.5265416940035511,
        "recall": 0.5797090781423611,
        "f1-score": 0.5280000973485264,
        "support": 21441.0
    },
    "weighted avg": {
        "precision": 0.9418353926047007,
        "recall": 0.8736066414812742,
        "f1-score": 0.9045373628780133,
        "support": 21441.0
    },
    "Accuracy": 0.8736066414812742,
    "F1 - Avg. Macro": 0.5280000973485264,
    "F1 - Positives": 0.12411118293471235
}