{
    "Not Affected": {
        "precision": 0.9698717618581655,
        "recall": 0.9090996862177166,
        "f1-score": 0.9385029402970199,
        "support": 20715.0
    },
    "Affected": {
        "precision": 0.06966403162055336,
        "recall": 0.19421487603305784,
        "f1-score": 0.10254545454545455,
        "support": 726.0
    },
    "accuracy": 0.8848934284781493,
    "macro avg": {
        "precision": 0.5197678967393594,
        "recall": 0.5516572811253873,
        "f1-score": 0.5205241974212372,
        "support": 21441.0
    },
    "weighted avg": {
        "precision": 0.9393904031457683,
        "recall": 0.8848934284781493,
        "f1-score": 0.9101971180566563,
        "support": 21441.0
    },
    "Accuracy": 0.8848934284781493,
    "F1 - Avg. Macro": 0.5205241974212372,
    "F1 - Positives": 0.10254545454545455
}