{
    "Not Affected": {
        "precision": 0.72,
        "recall": 0.35294117647058826,
        "f1-score": 0.47368421052631576,
        "support": 51.0
    },
    "Affected": {
        "precision": 0.8428571428571429,
        "recall": 0.9619565217391305,
        "f1-score": 0.8984771573604061,
        "support": 184.0
    },
    "accuracy": 0.8297872340425532,
    "macro avg": {
        "precision": 0.7814285714285714,
        "recall": 0.6574488491048593,
        "f1-score": 0.686080683943361,
        "support": 235.0
    },
    "weighted avg": {
        "precision": 0.8161945288753799,
        "recall": 0.8297872340425532,
        "f1-score": 0.8062880497496037,
        "support": 235.0
    },
    "Accuracy": 0.8297872340425532,
    "F1 - Avg. Macro": 0.686080683943361,
    "F1 - Positives": 0.8984771573604061
}