{
    "Not Affected": {
        "precision": 0.9728216420257942,
        "recall": 0.7464639150374125,
        "f1-score": 0.8447418738049713,
        "support": 20715.0
    },
    "Affected": {
        "precision": 0.05301117922827263,
        "recall": 0.4049586776859504,
        "f1-score": 0.09375,
        "support": 726.0
    },
    "accuracy": 0.7349004244205027,
    "macro avg": {
        "precision": 0.5129164106270334,
        "recall": 0.5757112963616815,
        "f1-score": 0.46924593690248567,
        "support": 21441.0
    },
    "weighted avg": {
        "precision": 0.9416765277125159,
        "recall": 0.7349004244205027,
        "f1-score": 0.8193130178569088,
        "support": 21441.0
    },
    "Accuracy": 0.7349004244205027,
    "F1 - Avg. Macro": 0.46924593690248567,
    "F1 - Positives": 0.09375
}