{
    "Not Affected": {
        "precision": 0.970156059991893,
        "recall": 0.9243060584117789,
        "f1-score": 0.9466762255568466,
        "support": 20715.0
    },
    "Affected": {
        "precision": 0.08035190615835777,
        "recall": 0.1887052341597796,
        "f1-score": 0.11271081859317153,
        "support": 726.0
    },
    "accuracy": 0.8993983489576046,
    "macro avg": {
        "precision": 0.5252539830751254,
        "recall": 0.5565056462857793,
        "f1-score": 0.5296935220750091,
        "support": 21441.0
    },
    "weighted avg": {
        "precision": 0.9400269701321315,
        "recall": 0.8993983489576046,
        "f1-score": 0.9184378558233628,
        "support": 21441.0
    },
    "Accuracy": 0.8993983489576046,
    "F1 - Avg. Macro": 0.5296935220750091,
    "F1 - Positives": 0.11271081859317153
}