{
    "Not Affected": {
        "precision": 0.7272727272727273,
        "recall": 0.6274509803921569,
        "f1-score": 0.6736842105263158,
        "support": 51.0
    },
    "Affected": {
        "precision": 0.900523560209424,
        "recall": 0.9347826086956522,
        "f1-score": 0.9173333333333333,
        "support": 184.0
    },
    "accuracy": 0.8680851063829788,
    "macro avg": {
        "precision": 0.8138981437410757,
        "recall": 0.7811167945439046,
        "f1-score": 0.7955087719298246,
        "support": 235.0
    },
    "weighted avg": {
        "precision": 0.862924443274226,
        "recall": 0.8680851063829788,
        "f1-score": 0.864456289660321,
        "support": 235.0
    },
    "Accuracy": 0.8680851063829788,
    "F1 - Avg. Macro": 0.7955087719298246,
    "F1 - Positives": 0.9173333333333333
}