{
    "Not Affected": {
        "precision": 0.9722950632767073,
        "recall": 0.8233647115616702,
        "f1-score": 0.8916538149881067,
        "support": 20715.0
    },
    "Affected": {
        "precision": 0.061554244678122594,
        "recall": 0.3305785123966942,
        "f1-score": 0.10378378378378378,
        "support": 726.0
    },
    "accuracy": 0.8066787929667459,
    "macro avg": {
        "precision": 0.5169246539774149,
        "recall": 0.5769716119791822,
        "f1-score": 0.4977187993859452,
        "support": 21441.0
    },
    "weighted avg": {
        "precision": 0.9414570503900617,
        "recall": 0.8066787929667459,
        "f1-score": 0.8649762513178331,
        "support": 21441.0
    },
    "Accuracy": 0.8066787929667459,
    "F1 - Avg. Macro": 0.4977187993859452,
    "F1 - Positives": 0.10378378378378378
}