{
    "Not Affected": {
        "precision": 0.9706565232426024,
        "recall": 0.9485397055273956,
        "f1-score": 0.959470677279164,
        "support": 20715.0
    },
    "Affected": {
        "precision": 0.11018363939899833,
        "recall": 0.18181818181818182,
        "f1-score": 0.13721413721413722,
        "support": 726.0
    },
    "accuracy": 0.9225782379553192,
    "macro avg": {
        "precision": 0.5404200813208004,
        "recall": 0.5651789436727888,
        "f1-score": 0.5483424072466506,
        "support": 21441.0
    },
    "weighted avg": {
        "precision": 0.9415206007730136,
        "recall": 0.9225782379553192,
        "f1-score": 0.9316287740056595,
        "support": 21441.0
    },
    "Accuracy": 0.9225782379553192,
    "F1 - Avg. Macro": 0.5483424072466506,
    "F1 - Positives": 0.13721413721413722
}