{
    "Not Affected": {
        "precision": 0.9722608203386341,
        "recall": 0.9119961380642047,
        "f1-score": 0.9411647486673641,
        "support": 20715.0
    },
    "Affected": {
        "precision": 0.09303482587064676,
        "recall": 0.25757575757575757,
        "f1-score": 0.13669590643274854,
        "support": 726.0
    },
    "accuracy": 0.8898372277412434,
    "macro avg": {
        "precision": 0.5326478231046404,
        "recall": 0.5847859478199811,
        "f1-score": 0.5389303275500563,
        "support": 21441.0
    },
    "weighted avg": {
        "precision": 0.9424899107736066,
        "recall": 0.8898372277412434,
        "f1-score": 0.9139251432635895,
        "support": 21441.0
    },
    "Accuracy": 0.8898372277412434,
    "F1 - Avg. Macro": 0.5389303275500563,
    "F1 - Positives": 0.13669590643274854
}