{
    "Not Affected": {
        "precision": 0.9706641875839273,
        "recall": 0.9072652667149409,
        "f1-score": 0.937894552985503,
        "support": 20715.0
    },
    "Affected": {
        "precision": 0.075998075998076,
        "recall": 0.21763085399449036,
        "f1-score": 0.11265597147950089,
        "support": 726.0
    },
    "accuracy": 0.8839139965486684,
    "macro avg": {
        "precision": 0.5233311317910017,
        "recall": 0.5624480603547156,
        "f1-score": 0.5252752622325019,
        "support": 21441.0
    },
    "weighted avg": {
        "precision": 0.9403704700795513,
        "recall": 0.8839139965486684,
        "f1-score": 0.9099516767123179,
        "support": 21441.0
    },
    "Accuracy": 0.8839139965486684,
    "F1 - Avg. Macro": 0.5252752622325019,
    "F1 - Positives": 0.11265597147950089
}