{
    "Not Affected": {
        "precision": 0.9746769426899229,
        "recall": 0.8119720009654839,
        "f1-score": 0.8859159380596229,
        "support": 20715.0
    },
    "Affected": {
        "precision": 0.06907265774378585,
        "recall": 0.39807162534435264,
        "f1-score": 0.11771894093686354,
        "support": 726.0
    },
    "accuracy": 0.797957184832797,
    "macro avg": {
        "precision": 0.5218748002168544,
        "recall": 0.6050218131549183,
        "f1-score": 0.5018174394982432,
        "support": 21441.0
    },
    "weighted avg": {
        "precision": 0.9440128546869895,
        "recall": 0.797957184832797,
        "f1-score": 0.8599045104251319,
        "support": 21441.0
    },
    "Accuracy": 0.797957184832797,
    "F1 - Avg. Macro": 0.5018174394982432,
    "F1 - Positives": 0.11771894093686354
}