{
    "Not Affected": {
        "precision": 0.9716279543602282,
        "recall": 0.9208303161959932,
        "f1-score": 0.9455473765087863,
        "support": 20715.0
    },
    "Affected": {
        "precision": 0.09342177998894417,
        "recall": 0.2327823691460055,
        "f1-score": 0.13333333333333333,
        "support": 726.0
    },
    "accuracy": 0.8975327643300219,
    "macro avg": {
        "precision": 0.5325248671745861,
        "recall": 0.5768063426709994,
        "f1-score": 0.5394403549210598,
        "support": 21441.0
    },
    "weighted avg": {
        "precision": 0.9418915762718204,
        "recall": 0.8975327643300219,
        "f1-score": 0.9180455158052099,
        "support": 21441.0
    },
    "Accuracy": 0.8975327643300219,
    "F1 - Avg. Macro": 0.5394403549210598,
    "F1 - Positives": 0.13333333333333333
}