{
    "Not Affected": {
        "precision": 0.9728608675041479,
        "recall": 0.792565773594014,
        "f1-score": 0.8735069564523423,
        "support": 20715.0
    },
    "Affected": {
        "precision": 0.05870755750273823,
        "recall": 0.3691460055096419,
        "f1-score": 0.10130410130410131,
        "support": 726.0
    },
    "accuracy": 0.7782286273961102,
    "macro avg": {
        "precision": 0.5157842125034431,
        "recall": 0.580855889551828,
        "f1-score": 0.4874055288782218,
        "support": 21441.0
    },
    "weighted avg": {
        "precision": 0.9419073064267252,
        "recall": 0.7782286273961102,
        "f1-score": 0.8473598890190311,
        "support": 21441.0
    },
    "Accuracy": 0.7782286273961102,
    "F1 - Avg. Macro": 0.4874055288782218,
    "F1 - Positives": 0.10130410130410131
}