{
    "Not Affected": {
        "precision": 0.9729134040948901,
        "recall": 0.8097513878831765,
        "f1-score": 0.883865528506692,
        "support": 20715.0
    },
    "Affected": {
        "precision": 0.06166666666666667,
        "recall": 0.35674931129476584,
        "f1-score": 0.10515631343889566,
        "support": 726.0
    },
    "accuracy": 0.7944125740403899,
    "macro avg": {
        "precision": 0.5172900353807784,
        "recall": 0.5832503495889712,
        "f1-score": 0.4945109209727938,
        "support": 21441.0
    },
    "weighted avg": {
        "precision": 0.9420582606140409,
        "recall": 0.7944125740403899,
        "f1-score": 0.8574981533777698,
        "support": 21441.0
    },
    "Accuracy": 0.7944125740403899,
    "F1 - Avg. Macro": 0.4945109209727938,
    "F1 - Positives": 0.10515631343889566
}