{
    "Not Affected": {
        "precision": 0.9731162438470277,
        "recall": 0.7443881245474294,
        "f1-score": 0.8435217855091491,
        "support": 20715.0
    },
    "Affected": {
        "precision": 0.05361930294906166,
        "recall": 0.4132231404958678,
        "f1-score": 0.09492168960607499,
        "support": 726.0
    },
    "accuracy": 0.7331747586399888,
    "macro avg": {
        "precision": 0.5133677733980446,
        "recall": 0.5788056325216486,
        "f1-score": 0.46922173755761204,
        "support": 21441.0
    },
    "weighted avg": {
        "precision": 0.9419817454984466,
        "recall": 0.7331747586399888,
        "f1-score": 0.8181739160242542,
        "support": 21441.0
    },
    "Accuracy": 0.7331747586399888,
    "F1 - Avg. Macro": 0.46922173755761204,
    "F1 - Positives": 0.09492168960607499
}