{
    "Not Affected": {
        "precision": 0.9727351164797239,
        "recall": 0.8163649529326575,
        "f1-score": 0.8877165354330708,
        "support": 20715.0
    },
    "Affected": {
        "precision": 0.0621301775147929,
        "recall": 0.34710743801652894,
        "f1-score": 0.1053952321204517,
        "support": 726.0
    },
    "accuracy": 0.8004757240800335,
    "macro avg": {
        "precision": 0.5174326469972584,
        "recall": 0.5817361954745932,
        "f1-score": 0.49655588377676124,
        "support": 21441.0
    },
    "weighted avg": {
        "precision": 0.9419017045265248,
        "recall": 0.8004757240800335,
        "f1-score": 0.861226853692249,
        "support": 21441.0
    },
    "Accuracy": 0.8004757240800335,
    "F1 - Avg. Macro": 0.49655588377676124,
    "F1 - Positives": 0.1053952321204517
}