{
    "Not Affected": {
        "precision": 0.9701104294478528,
        "recall": 0.9541877866280473,
        "f1-score": 0.96208323192991,
        "support": 20715.0
    },
    "Affected": {
        "precision": 0.10975609756097561,
        "recall": 0.16115702479338842,
        "f1-score": 0.13058035714285715,
        "support": 726.0
    },
    "accuracy": 0.927335478755655,
    "macro avg": {
        "precision": 0.5399332635044142,
        "recall": 0.5576724057107179,
        "f1-score": 0.5463317945363836,
        "support": 21441.0
    },
    "weighted avg": {
        "precision": 0.9409785211903147,
        "recall": 0.927335478755655,
        "f1-score": 0.9339282444248774,
        "support": 21441.0
    },
    "Accuracy": 0.927335478755655,
    "F1 - Avg. Macro": 0.5463317945363836,
    "F1 - Positives": 0.13058035714285715
}