{
    "Not Affected": {
        "precision": 0.9696005482670844,
        "recall": 0.9561670287231475,
        "f1-score": 0.9628369345939771,
        "support": 20715.0
    },
    "Affected": {
        "precision": 0.10365251727541955,
        "recall": 0.1446280991735537,
        "f1-score": 0.12075905692926969,
        "support": 726.0
    },
    "accuracy": 0.9286880276106525,
    "macro avg": {
        "precision": 0.5366265327712519,
        "recall": 0.5503975639483506,
        "f1-score": 0.5417979957616235,
        "support": 21441.0
    },
    "weighted avg": {
        "precision": 0.9402792353385854,
        "recall": 0.9286880276106525,
        "f1-score": 0.9343238736740304,
        "support": 21441.0
    },
    "Accuracy": 0.9286880276106525,
    "F1 - Avg. Macro": 0.5417979957616235,
    "F1 - Positives": 0.12075905692926969
}