{
    "Not Affected": {
        "precision": 0.9751338488994646,
        "recall": 0.7913106444605359,
        "f1-score": 0.873657561625583,
        "support": 20715.0
    },
    "Affected": {
        "precision": 0.0665083135391924,
        "recall": 0.42424242424242425,
        "f1-score": 0.11498973305954825,
        "support": 726.0
    },
    "accuracy": 0.7788815820157642,
    "macro avg": {
        "precision": 0.5208210812193286,
        "recall": 0.60777653435148,
        "f1-score": 0.4943236473425656,
        "support": 21441.0
    },
    "weighted avg": {
        "precision": 0.9443674602668656,
        "recall": 0.7788815820157642,
        "f1-score": 0.8479687950783631,
        "support": 21441.0
    },
    "Accuracy": 0.7788815820157642,
    "F1 - Avg. Macro": 0.4943236473425656,
    "F1 - Positives": 0.11498973305954825
}