{
    "Not Affected": {
        "precision": 0.9750900360144058,
        "recall": 0.7842143374366402,
        "f1-score": 0.8692976588628762,
        "support": 20715.0
    },
    "Affected": {
        "precision": 0.0650491528968835,
        "recall": 0.4283746556473829,
        "f1-score": 0.11294715816233884,
        "support": 726.0
    },
    "accuracy": 0.7721654773564666,
    "macro avg": {
        "precision": 0.5200695944556446,
        "recall": 0.6062944965420115,
        "f1-score": 0.4911224085126075,
        "support": 21441.0
    },
    "weighted avg": {
        "precision": 0.9442757231958189,
        "recall": 0.7721654773564666,
        "f1-score": 0.8436873578737157,
        "support": 21441.0
    },
    "Accuracy": 0.7721654773564666,
    "F1 - Avg. Macro": 0.4911224085126075,
    "F1 - Positives": 0.11294715816233884
}