{
    "Not Affected": {
        "precision": 0.9740698305493578,
        "recall": 0.7797731112720251,
        "f1-score": 0.8661590433803421,
        "support": 20715.0
    },
    "Affected": {
        "precision": 0.06093042404281598,
        "recall": 0.40771349862258954,
        "f1-score": 0.10601719197707736,
        "support": 726.0
    },
    "accuracy": 0.767175038477683,
    "macro avg": {
        "precision": 0.5175001272960869,
        "recall": 0.5937433049473073,
        "f1-score": 0.48608811767870974,
        "support": 21441.0
    },
    "weighted avg": {
        "precision": 0.9431506006102808,
        "recall": 0.767175038477683,
        "f1-score": 0.8404203658877453,
        "support": 21441.0
    },
    "Accuracy": 0.767175038477683,
    "F1 - Avg. Macro": 0.48608811767870974,
    "F1 - Positives": 0.10601719197707736
}