{
    "Not Affected": {
        "precision": 0.9711598097994625,
        "recall": 0.907072169925175,
        "f1-score": 0.9380226143823478,
        "support": 20715.0
    },
    "Affected": {
        "precision": 0.0802675585284281,
        "recall": 0.23140495867768596,
        "f1-score": 0.1191912025540972,
        "support": 726.0
    },
    "accuracy": 0.8841938342428058,
    "macro avg": {
        "precision": 0.5257136841639453,
        "recall": 0.5692385643014305,
        "f1-score": 0.5286069084682224,
        "support": 21441.0
    },
    "weighted avg": {
        "precision": 0.9409938765676742,
        "recall": 0.8841938342428058,
        "f1-score": 0.9102966871873797,
        "support": 21441.0
    },
    "Accuracy": 0.8841938342428058,
    "F1 - Avg. Macro": 0.5286069084682224,
    "F1 - Positives": 0.1191912025540972
}