{
    "Not Affected": {
        "precision": 0.9705941389000401,
        "recall": 0.9337195269128651,
        "f1-score": 0.9517998179268262,
        "support": 20715.0
    },
    "Affected": {
        "precision": 0.09253139458030403,
        "recall": 0.1928374655647383,
        "f1-score": 0.12505582849486377,
        "support": 726.0
    },
    "accuracy": 0.9086329928641388,
    "macro avg": {
        "precision": 0.5315627667401721,
        "recall": 0.5632784962388017,
        "f1-score": 0.538427823210845,
        "support": 21441.0
    },
    "weighted avg": {
        "precision": 0.9408626174049546,
        "recall": 0.9086329928641388,
        "f1-score": 0.9238059679978301,
        "support": 21441.0
    },
    "Accuracy": 0.9086329928641388,
    "F1 - Avg. Macro": 0.538427823210845,
    "F1 - Positives": 0.12505582849486377
}