{
    "Not Affected": {
        "precision": 0.19658119658119658,
        "recall": 0.45098039215686275,
        "f1-score": 0.27380952380952384,
        "support": 51.0
    },
    "Affected": {
        "precision": 0.7627118644067796,
        "recall": 0.4891304347826087,
        "f1-score": 0.5960264900662252,
        "support": 184.0
    },
    "accuracy": 0.4808510638297872,
    "macro avg": {
        "precision": 0.4796465304939881,
        "recall": 0.47005541346973573,
        "f1-score": 0.4349180069378745,
        "support": 235.0
    },
    "weighted avg": {
        "precision": 0.6398494641552701,
        "recall": 0.4808510638297872,
        "f1-score": 0.5260985527083879,
        "support": 235.0
    },
    "Accuracy": 0.4808510638297872,
    "F1 - Avg. Macro": 0.4349180069378745,
    "F1 - Positives": 0.5960264900662252
}