{
    "Not Affected": {
        "precision": 0.9726762320648783,
        "recall": 0.7526912865073618,
        "f1-score": 0.8486596815893319,
        "support": 20715.0
    },
    "Affected": {
        "precision": 0.05322491221585659,
        "recall": 0.39669421487603307,
        "f1-score": 0.09385693335505947,
        "support": 726.0
    },
    "accuracy": 0.7406370971503194,
    "macro avg": {
        "precision": 0.5129505721403674,
        "recall": 0.5746927506916975,
        "f1-score": 0.4712583074721957,
        "support": 21441.0
    },
    "weighted avg": {
        "precision": 0.9415432784614833,
        "recall": 0.7406370971503194,
        "f1-score": 0.8231017880574032,
        "support": 21441.0
    },
    "Accuracy": 0.7406370971503194,
    "F1 - Avg. Macro": 0.4712583074721957,
    "F1 - Positives": 0.09385693335505947
}