{
    "Not Affected": {
        "precision": 0.9715342719145,
        "recall": 0.9127685252232681,
        "f1-score": 0.9412350349702566,
        "support": 20715.0
    },
    "Affected": {
        "precision": 0.08691258211217787,
        "recall": 0.2369146005509642,
        "f1-score": 0.12717190388170055,
        "support": 726.0
    },
    "accuracy": 0.889883867356933,
    "macro avg": {
        "precision": 0.5292234270133389,
        "recall": 0.5748415628871162,
        "f1-score": 0.5342034694259786,
        "support": 21441.0
    },
    "weighted avg": {
        "precision": 0.9415806621576562,
        "recall": 0.889883867356933,
        "f1-score": 0.9136705634824392,
        "support": 21441.0
    },
    "Accuracy": 0.889883867356933,
    "F1 - Avg. Macro": 0.5342034694259786,
    "F1 - Positives": 0.12717190388170055
}