{
    "Not Affected": {
        "precision": 0.972454000855798,
        "recall": 0.8776731836833213,
        "f1-score": 0.9226358123366573,
        "support": 20715.0
    },
    "Affected": {
        "precision": 0.07686703096539162,
        "recall": 0.290633608815427,
        "f1-score": 0.1215787957360991,
        "support": 726.0
    },
    "accuracy": 0.8577958117625111,
    "macro avg": {
        "precision": 0.5246605159105948,
        "recall": 0.5841533962493741,
        "f1-score": 0.5221073040363782,
        "support": 21441.0
    },
    "weighted avg": {
        "precision": 0.9421291027568084,
        "recall": 0.8577958117625111,
        "f1-score": 0.8955117325804889,
        "support": 21441.0
    },
    "Accuracy": 0.8577958117625111,
    "F1 - Avg. Macro": 0.5221073040363782,
    "F1 - Positives": 0.1215787957360991
}