{
    "Not Affected": {
        "precision": 0.9695349772949359,
        "recall": 0.8142408882452329,
        "f1-score": 0.8851280436607892,
        "support": 20715.0
    },
    "Affected": {
        "precision": 0.04846686449060336,
        "recall": 0.2699724517906336,
        "f1-score": 0.08218029350104822,
        "support": 726.0
    },
    "accuracy": 0.7958117625110769,
    "macro avg": {
        "precision": 0.5090009208927696,
        "recall": 0.5421066700179332,
        "f1-score": 0.4836541685809187,
        "support": 21441.0
    },
    "weighted avg": {
        "precision": 0.9383472784984271,
        "recall": 0.7958117625110769,
        "f1-score": 0.8579399429837699,
        "support": 21441.0
    },
    "Accuracy": 0.7958117625110769,
    "F1 - Avg. Macro": 0.4836541685809187,
    "F1 - Positives": 0.08218029350104822
}