{
    "Not Affected": {
        "precision": 0.971470043545723,
        "recall": 0.9369538981414434,
        "f1-score": 0.9538998378139284,
        "support": 20715.0
    },
    "Affected": {
        "precision": 0.106703146374829,
        "recall": 0.21487603305785125,
        "f1-score": 0.1425959780621572,
        "support": 726.0
    },
    "accuracy": 0.9125040809663728,
    "macro avg": {
        "precision": 0.539086594960276,
        "recall": 0.5759149655996473,
        "f1-score": 0.5482479079380428,
        "support": 21441.0
    },
    "weighted avg": {
        "precision": 0.9421887242347734,
        "recall": 0.9125040809663728,
        "f1-score": 0.9264287962496456,
        "support": 21441.0
    },
    "Accuracy": 0.9125040809663728,
    "F1 - Avg. Macro": 0.5482479079380428,
    "F1 - Positives": 0.1425959780621572
}