{
    "Not Affected": {
        "precision": 0.9728703807078263,
        "recall": 0.8413227130098963,
        "f1-score": 0.9023272670791375,
        "support": 20715.0
    },
    "Affected": {
        "precision": 0.06804649844060108,
        "recall": 0.3305785123966942,
        "f1-score": 0.11286150952268986,
        "support": 726.0
    },
    "accuracy": 0.8240287300032648,
    "macro avg": {
        "precision": 0.5204584395742137,
        "recall": 0.5859506127032952,
        "f1-score": 0.5075943883009136,
        "support": 21441.0
    },
    "weighted avg": {
        "precision": 0.9422327174213189,
        "recall": 0.8240287300032648,
        "f1-score": 0.8755956715385387,
        "support": 21441.0
    },
    "Accuracy": 0.8240287300032648,
    "F1 - Avg. Macro": 0.5075943883009136,
    "F1 - Positives": 0.11286150952268986
}