{
    "Not Affected": {
        "precision": 0.9713435245446749,
        "recall": 0.9294231233405744,
        "f1-score": 0.9499210578251431,
        "support": 20715.0
    },
    "Affected": {
        "precision": 0.09753086419753086,
        "recall": 0.21763085399449036,
        "f1-score": 0.13469735720375106,
        "support": 726.0
    },
    "accuracy": 0.9053215801501796,
    "macro avg": {
        "precision": 0.5344371943711028,
        "recall": 0.5735269886675324,
        "f1-score": 0.5423092075144471,
        "support": 21441.0
    },
    "weighted avg": {
        "precision": 0.9417559124271419,
        "recall": 0.9053215801501796,
        "f1-score": 0.9223172890339892,
        "support": 21441.0
    },
    "Accuracy": 0.9053215801501796,
    "F1 - Avg. Macro": 0.5423092075144471,
    "F1 - Positives": 0.13469735720375106
}