{
    "Not Affected": {
        "precision": 0.9711164322059264,
        "recall": 0.9397538015930486,
        "f1-score": 0.955177743431221,
        "support": 20715.0
    },
    "Affected": {
        "precision": 0.1053763440860215,
        "recall": 0.2024793388429752,
        "f1-score": 0.13861386138613863,
        "support": 726.0
    },
    "accuracy": 0.9147894221351616,
    "macro avg": {
        "precision": 0.5382463881459739,
        "recall": 0.5711165702180119,
        "f1-score": 0.5468958024086799,
        "support": 21441.0
    },
    "weighted avg": {
        "precision": 0.9418021602981307,
        "recall": 0.9147894221351616,
        "f1-score": 0.927528595613268,
        "support": 21441.0
    },
    "Accuracy": 0.9147894221351616,
    "F1 - Avg. Macro": 0.5468958024086799,
    "F1 - Positives": 0.13861386138613863
}