{
    "Not Affected": {
        "precision": 0.9740712302876381,
        "recall": 0.7961380642046826,
        "f1-score": 0.8761621420602455,
        "support": 20715.0
    },
    "Affected": {
        "precision": 0.06363636363636363,
        "recall": 0.3953168044077135,
        "f1-score": 0.10962566844919786,
        "support": 726.0
    },
    "accuracy": 0.7825661116552399,
    "macro avg": {
        "precision": 0.5188537969620008,
        "recall": 0.595727434306198,
        "f1-score": 0.49289390525472165,
        "support": 21441.0
    },
    "weighted avg": {
        "precision": 0.943243577044374,
        "recall": 0.7825661116552399,
        "f1-score": 0.8502069403512944,
        "support": 21441.0
    },
    "Accuracy": 0.7825661116552399,
    "F1 - Avg. Macro": 0.49289390525472165,
    "F1 - Positives": 0.10962566844919786
}