{
    "Not Affected": {
        "precision": 0.9716145263618464,
        "recall": 0.8575911175476708,
        "f1-score": 0.9110490012564425,
        "support": 20715.0
    },
    "Affected": {
        "precision": 0.06556857776369972,
        "recall": 0.28512396694214875,
        "f1-score": 0.10661859387071852,
        "support": 726.0
    },
    "accuracy": 0.8382071731728931,
    "macro avg": {
        "precision": 0.5185915520627731,
        "recall": 0.5713575422449098,
        "f1-score": 0.5088337975635805,
        "support": 21441.0
    },
    "weighted avg": {
        "precision": 0.9409354834682194,
        "recall": 0.8382071731728931,
        "f1-score": 0.883810697270526,
        "support": 21441.0
    },
    "Accuracy": 0.8382071731728931,
    "F1 - Avg. Macro": 0.5088337975635805,
    "F1 - Positives": 0.10661859387071852
}