{
    "Not Affected": {
        "precision": 0.9740488634982375,
        "recall": 0.7736905623944001,
        "f1-score": 0.8623853211009175,
        "support": 20715.0
    },
    "Affected": {
        "precision": 0.05995588530178464,
        "recall": 0.4118457300275482,
        "f1-score": 0.10467355154909855,
        "support": 726.0
    },
    "accuracy": 0.7614383657478663,
    "macro avg": {
        "precision": 0.5170023744000111,
        "recall": 0.5927681462109742,
        "f1-score": 0.483529436325008,
        "support": 21441.0
    },
    "weighted avg": {
        "precision": 0.9430973452775097,
        "recall": 0.7614383657478663,
        "f1-score": 0.8367289270570474,
        "support": 21441.0
    },
    "Accuracy": 0.7614383657478663,
    "F1 - Avg. Macro": 0.483529436325008,
    "F1 - Positives": 0.10467355154909855
}