{
    "Not Affected": {
        "precision": 0.974034620505992,
        "recall": 0.847501810282404,
        "f1-score": 0.9063734221327344,
        "support": 20715.0
    },
    "Affected": {
        "precision": 0.07550482879719052,
        "recall": 0.35537190082644626,
        "f1-score": 0.12454742939898625,
        "support": 726.0
    },
    "accuracy": 0.8308381138939415,
    "macro avg": {
        "precision": 0.5247697246515912,
        "recall": 0.6014368555544252,
        "f1-score": 0.5154604257658604,
        "support": 21441.0
    },
    "weighted avg": {
        "precision": 0.9436100773979005,
        "recall": 0.8308381138939415,
        "f1-score": 0.8799005117869155,
        "support": 21441.0
    },
    "Accuracy": 0.8308381138939415,
    "F1 - Avg. Macro": 0.5154604257658604,
    "F1 - Positives": 0.12454742939898625
}