{
    "Not Affected": {
        "precision": 0.970569853985569,
        "recall": 0.82466811489259,
        "f1-score": 0.8916901555485959,
        "support": 20715.0
    },
    "Affected": {
        "precision": 0.05416666666666667,
        "recall": 0.2865013774104683,
        "f1-score": 0.09110819097678494,
        "support": 726.0
    },
    "accuracy": 0.8064455948882981,
    "macro avg": {
        "precision": 0.5123682603261178,
        "recall": 0.5555847461515291,
        "f1-score": 0.4913991732626904,
        "support": 21441.0
    },
    "weighted avg": {
        "precision": 0.9395401112499914,
        "recall": 0.8064455948882981,
        "f1-score": 0.8645821612256102,
        "support": 21441.0
    },
    "Accuracy": 0.8064455948882981,
    "F1 - Avg. Macro": 0.4913991732626904,
    "F1 - Positives": 0.09110819097678494
}