{
    "Not Affected": {
        "precision": 0.971878639968939,
        "recall": 0.8458604875693941,
        "f1-score": 0.9045013421432996,
        "support": 20715.0
    },
    "Affected": {
        "precision": 0.0641852286049238,
        "recall": 0.30165289256198347,
        "f1-score": 0.10584823586273562,
        "support": 726.0
    },
    "accuracy": 0.8274334219486031,
    "macro avg": {
        "precision": 0.5180319342869314,
        "recall": 0.5737566900656887,
        "f1-score": 0.5051747890030176,
        "support": 21441.0
    },
    "weighted avg": {
        "precision": 0.9411438133913411,
        "recall": 0.8274334219486031,
        "f1-score": 0.8774586596583553,
        "support": 21441.0
    },
    "Accuracy": 0.8274334219486031,
    "F1 - Avg. Macro": 0.5051747890030176,
    "F1 - Positives": 0.10584823586273562
}