{
    "Not Affected": {
        "precision": 0.9733006659128031,
        "recall": 0.7479121409606565,
        "f1-score": 0.8458493707859034,
        "support": 20715.0
    },
    "Affected": {
        "precision": 0.05449936628643853,
        "recall": 0.41460055096418735,
        "f1-score": 0.09633541366618659,
        "support": 726.0
    },
    "accuracy": 0.7366260902010168,
    "macro avg": {
        "precision": 0.5139000160996208,
        "recall": 0.5812563459624219,
        "f1-score": 0.471092392226045,
        "support": 21441.0
    },
    "weighted avg": {
        "precision": 0.9421897222287986,
        "recall": 0.7366260902010168,
        "f1-score": 0.8204705576303176,
        "support": 21441.0
    },
    "Accuracy": 0.7366260902010168,
    "F1 - Avg. Macro": 0.471092392226045,
    "F1 - Positives": 0.09633541366618659
}