{
    "Not Affected": {
        "precision": 0.9707317073170731,
        "recall": 0.9414433985034999,
        "f1-score": 0.9558632520524446,
        "support": 20715.0
    },
    "Affected": {
        "precision": 0.10214655810510732,
        "recall": 0.19008264462809918,
        "f1-score": 0.13288396726047183,
        "support": 726.0
    },
    "accuracy": 0.9160020521430904,
    "macro avg": {
        "precision": 0.5364391327110902,
        "recall": 0.5657630215657995,
        "f1-score": 0.5443736096564582,
        "support": 21441.0
    },
    "weighted avg": {
        "precision": 0.9413211006136598,
        "recall": 0.9160020521430904,
        "f1-score": 0.9279968763815817,
        "support": 21441.0
    },
    "Accuracy": 0.9160020521430904,
    "F1 - Avg. Macro": 0.5443736096564582,
    "F1 - Positives": 0.13288396726047183
}