{
    "Not Affected": {
        "precision": 0.9727776844227861,
        "recall": 0.8383779869659667,
        "f1-score": 0.9005911636589919,
        "support": 20715.0
    },
    "Affected": {
        "precision": 0.06688963210702341,
        "recall": 0.3305785123966942,
        "f1-score": 0.11126564673157163,
        "support": 726.0
    },
    "accuracy": 0.8211837134462012,
    "macro avg": {
        "precision": 0.5198336582649048,
        "recall": 0.5844782496813304,
        "f1-score": 0.5059284051952818,
        "support": 21441.0
    },
    "weighted avg": {
        "precision": 0.9421039879542799,
        "recall": 0.8211837134462012,
        "f1-score": 0.8738643167167173,
        "support": 21441.0
    },
    "Accuracy": 0.8211837134462012,
    "F1 - Avg. Macro": 0.5059284051952818,
    "F1 - Positives": 0.11126564673157163
}