{
    "Not Affected": {
        "precision": 0.971500630517024,
        "recall": 0.9297610427226647,
        "f1-score": 0.9501726689689196,
        "support": 20715.0
    },
    "Affected": {
        "precision": 0.09962871287128713,
        "recall": 0.22176308539944903,
        "f1-score": 0.13748932536293765,
        "support": 726.0
    },
    "accuracy": 0.9057879763070752,
    "macro avg": {
        "precision": 0.5355646716941556,
        "recall": 0.5757620640610569,
        "f1-score": 0.5438309971659286,
        "support": 21441.0
    },
    "weighted avg": {
        "precision": 0.9419787326479504,
        "recall": 0.9057879763070752,
        "f1-score": 0.9226549175833525,
        "support": 21441.0
    },
    "Accuracy": 0.9057879763070752,
    "F1 - Avg. Macro": 0.5438309971659286,
    "F1 - Positives": 0.13748932536293765
}