{
    "Not Affected": {
        "precision": 0.7083333333333334,
        "recall": 0.6666666666666666,
        "f1-score": 0.6868686868686869,
        "support": 51.0
    },
    "Affected": {
        "precision": 0.9090909090909091,
        "recall": 0.9239130434782609,
        "f1-score": 0.9164420485175202,
        "support": 184.0
    },
    "accuracy": 0.8680851063829788,
    "macro avg": {
        "precision": 0.8087121212121212,
        "recall": 0.7952898550724637,
        "f1-score": 0.8016553676931035,
        "support": 235.0
    },
    "weighted avg": {
        "precision": 0.8655222437137331,
        "recall": 0.8680851063829788,
        "f1-score": 0.8666197445001138,
        "support": 235.0
    },
    "Accuracy": 0.8680851063829788,
    "F1 - Avg. Macro": 0.8016553676931035,
    "F1 - Positives": 0.9164420485175202
}