{
    "Not Affected": {
        "precision": 0.9711533286690706,
        "recall": 0.8711078928312816,
        "f1-score": 0.9184140879478827,
        "support": 20715.0
    },
    "Affected": {
        "precision": 0.06643356643356643,
        "recall": 0.26170798898071623,
        "f1-score": 0.10596765197992192,
        "support": 726.0
    },
    "accuracy": 0.8504733920992491,
    "macro avg": {
        "precision": 0.5187934475513185,
        "recall": 0.566407940905999,
        "f1-score": 0.5121908699639023,
        "support": 21441.0
    },
    "weighted avg": {
        "precision": 0.9405191909244236,
        "recall": 0.8504733920992491,
        "f1-score": 0.8909043583404604,
        "support": 21441.0
    },
    "Accuracy": 0.8504733920992491,
    "F1 - Avg. Macro": 0.5121908699639023,
    "F1 - Positives": 0.10596765197992192
}