{
    "Not Affected": {
        "precision": 0.9721028875958453,
        "recall": 0.8629495534636736,
        "f1-score": 0.9142798690671031,
        "support": 20715.0
    },
    "Affected": {
        "precision": 0.06979030144167758,
        "recall": 0.29338842975206614,
        "f1-score": 0.1127580730545262,
        "support": 726.0
    },
    "accuracy": 0.8436640082085723,
    "macro avg": {
        "precision": 0.5209465945187615,
        "recall": 0.5781689916078698,
        "f1-score": 0.5135189710608147,
        "support": 21441.0
    },
    "weighted avg": {
        "precision": 0.9415502577022805,
        "recall": 0.8436640082085723,
        "f1-score": 0.8871400517122628,
        "support": 21441.0
    },
    "Accuracy": 0.8436640082085723,
    "F1 - Avg. Macro": 0.5135189710608147,
    "F1 - Positives": 0.1127580730545262
}