{
    "Not Affected": {
        "precision": 0.9717788210745957,
        "recall": 0.8993000241370988,
        "f1-score": 0.9341356399648991,
        "support": 20715.0
    },
    "Affected": {
        "precision": 0.08146191105239982,
        "recall": 0.2548209366391185,
        "f1-score": 0.12345679012345678,
        "support": 726.0
    },
    "accuracy": 0.8774777295835082,
    "macro avg": {
        "precision": 0.5266203660634977,
        "recall": 0.5770604803881086,
        "f1-score": 0.528796215044178,
        "support": 21441.0
    },
    "weighted avg": {
        "precision": 0.941632369105186,
        "recall": 0.8774777295835082,
        "f1-score": 0.906685761461803,
        "support": 21441.0
    },
    "Accuracy": 0.8774777295835082,
    "F1 - Avg. Macro": 0.528796215044178,
    "F1 - Positives": 0.12345679012345678
}