{
    "Not Affected": {
        "precision": 0.9766741911211437,
        "recall": 0.7519188993482984,
        "f1-score": 0.8496849684968497,
        "support": 20715.0
    },
    "Affected": {
        "precision": 0.06444565811032223,
        "recall": 0.48760330578512395,
        "f1-score": 0.11384466956102267,
        "support": 726.0
    },
    "accuracy": 0.7429690779347978,
    "macro avg": {
        "precision": 0.520559924615733,
        "recall": 0.6197611025667111,
        "f1-score": 0.4817648190289362,
        "support": 21441.0
    },
    "weighted avg": {
        "precision": 0.9457858036874487,
        "recall": 0.7429690779347978,
        "f1-score": 0.8247691503434328,
        "support": 21441.0
    },
    "Accuracy": 0.7429690779347978,
    "F1 - Avg. Macro": 0.4817648190289362,
    "F1 - Positives": 0.11384466956102267
}