{
    "Not Affected": {
        "precision": 0.9709340465257102,
        "recall": 0.9288438329712768,
        "f1-score": 0.9494226783775782,
        "support": 20715.0
    },
    "Affected": {
        "precision": 0.09236453201970443,
        "recall": 0.2066115702479339,
        "f1-score": 0.1276595744680851,
        "support": 726.0
    },
    "accuracy": 0.9043887878363882,
    "macro avg": {
        "precision": 0.5316492892727074,
        "recall": 0.5677277016096054,
        "f1-score": 0.5385411264228317,
        "support": 21441.0
    },
    "weighted avg": {
        "precision": 0.9411853656091783,
        "recall": 0.9043887878363882,
        "f1-score": 0.9215974830304259,
        "support": 21441.0
    },
    "Accuracy": 0.9043887878363882,
    "F1 - Avg. Macro": 0.5385411264228317,
    "F1 - Positives": 0.1276595744680851
}