{
    "Not Affected": {
        "precision": 0.9729642569201827,
        "recall": 0.8738595220854454,
        "f1-score": 0.9207527975584944,
        "support": 20715.0
    },
    "Affected": {
        "precision": 0.07863187588152327,
        "recall": 0.3071625344352617,
        "f1-score": 0.12521055586749016,
        "support": 726.0
    },
    "accuracy": 0.8546709575113101,
    "macro avg": {
        "precision": 0.525798066400853,
        "recall": 0.5905110282603535,
        "f1-score": 0.5229816767129922,
        "support": 21441.0
    },
    "weighted avg": {
        "precision": 0.9426818396526082,
        "recall": 0.8546709575113101,
        "f1-score": 0.8938154500715455,
        "support": 21441.0
    },
    "Accuracy": 0.8546709575113101,
    "F1 - Avg. Macro": 0.5229816767129922,
    "F1 - Positives": 0.12521055586749016
}