{
    "Not Affected": {
        "precision": 0.9715960086584657,
        "recall": 0.888390055515327,
        "f1-score": 0.9281319346378858,
        "support": 20715.0
    },
    "Affected": {
        "precision": 0.0752,
        "recall": 0.25895316804407714,
        "f1-score": 0.11655300681959083,
        "support": 726.0
    },
    "accuracy": 0.8670770952847349,
    "macro avg": {
        "precision": 0.5233980043292329,
        "recall": 0.573671611779702,
        "f1-score": 0.5223424707287383,
        "support": 21441.0
    },
    "weighted avg": {
        "precision": 0.9412437162147343,
        "recall": 0.8670770952847349,
        "f1-score": 0.9006515791695737,
        "support": 21441.0
    },
    "Accuracy": 0.8670770952847349,
    "F1 - Avg. Macro": 0.5223424707287383,
    "F1 - Positives": 0.11655300681959083
}