{
    "Not Affected": {
        "precision": 0.9719596046411689,
        "recall": 0.8734733285059136,
        "f1-score": 0.9200884798250744,
        "support": 20715.0
    },
    "Affected": {
        "precision": 0.07221238938053097,
        "recall": 0.2809917355371901,
        "f1-score": 0.11489721205294283,
        "support": 726.0
    },
    "accuracy": 0.8534116878876918,
    "macro avg": {
        "precision": 0.5220859970108499,
        "recall": 0.5772325320215519,
        "f1-score": 0.5174928459390086,
        "support": 21441.0
    },
    "weighted avg": {
        "precision": 0.9414938391321338,
        "recall": 0.8534116878876918,
        "f1-score": 0.8928244128318107,
        "support": 21441.0
    },
    "Accuracy": 0.8534116878876918,
    "F1 - Avg. Macro": 0.5174928459390086,
    "F1 - Positives": 0.11489721205294283
}