{
    "0": {
        "precision": 0.9706711508976705,
        "recall": 0.9474293989862419,
        "f1-score": 0.958909464015244,
        "support": 20715.0
    },
    "1": {
        "precision": 0.1088379705400982,
        "recall": 0.18319559228650137,
        "f1-score": 0.13655030800821355,
        "support": 726.0
    },
    "accuracy": 0.9215521664101488,
    "macro avg": {
        "precision": 0.5397545607188844,
        "recall": 0.5653124956363716,
        "f1-score": 0.5477298860117288,
        "support": 21441.0
    },
    "weighted avg": {
        "precision": 0.9414891682970643,
        "recall": 0.9215521664101488,
        "f1-score": 0.9310640861289,
        "support": 21441.0
    },
    "Accuracy": 0.9215521664101488,
    "F1 - Avg. Macro": 0.5477298860117288,
    "F1 - Positives": 0.13655030800821355
}