{
    "Not Affected": {
        "precision": 0.9702808788295866,
        "recall": 0.9188510741008931,
        "f1-score": 0.9438659129227412,
        "support": 20715.0
    },
    "Affected": {
        "precision": 0.07839912280701754,
        "recall": 0.19696969696969696,
        "f1-score": 0.11215686274509803,
        "support": 726.0
    },
    "accuracy": 0.8944079100788209,
    "macro avg": {
        "precision": 0.524340000818302,
        "recall": 0.557910385535295,
        "f1-score": 0.5280113878339197,
        "support": 21441.0
    },
    "weighted avg": {
        "precision": 0.9400814406097094,
        "recall": 0.8944079100788209,
        "f1-score": 0.915703944244556,
        "support": 21441.0
    },
    "Accuracy": 0.8944079100788209,
    "F1 - Avg. Macro": 0.5280113878339197,
    "F1 - Positives": 0.11215686274509803
}