{
    "Not Affected": {
        "precision": 0.9692429804544102,
        "recall": 0.9431812696113927,
        "f1-score": 0.9560345460328334,
        "support": 20715.0
    },
    "Affected": {
        "precision": 0.08261886204208885,
        "recall": 0.14600550964187328,
        "f1-score": 0.1055251368840219,
        "support": 726.0
    },
    "accuracy": 0.9161886106058486,
    "macro avg": {
        "precision": 0.5259309212482495,
        "recall": 0.544593389626633,
        "f1-score": 0.5307798414584277,
        "support": 21441.0
    },
    "weighted avg": {
        "precision": 0.9392215677419739,
        "recall": 0.9161886106058486,
        "f1-score": 0.927235990413131,
        "support": 21441.0
    },
    "Accuracy": 0.9161886106058486,
    "F1 - Avg. Macro": 0.5307798414584277,
    "F1 - Positives": 0.1055251368840219
}