{
    "Not Affected": {
        "precision": 0.9770071138211383,
        "recall": 0.7425537050446537,
        "f1-score": 0.8437971419951178,
        "support": 20715.0
    },
    "Affected": {
        "precision": 0.06389327716341935,
        "recall": 0.5013774104683195,
        "f1-score": 0.11334267476257201,
        "support": 726.0
    },
    "accuracy": 0.7343873886479175,
    "macro avg": {
        "precision": 0.5204501954922788,
        "recall": 0.6219655577564867,
        "f1-score": 0.4785699083788449,
        "support": 21441.0
    },
    "weighted avg": {
        "precision": 0.9460887496863729,
        "recall": 0.7343873886479176,
        "f1-score": 0.8190636900474089,
        "support": 21441.0
    },
    "Accuracy": 0.7343873886479175,
    "F1 - Avg. Macro": 0.4785699083788449,
    "F1 - Positives": 0.11334267476257201
}