{
    "Not Affected": {
        "precision": 0.9738963326749587,
        "recall": 0.8807144581221337,
        "f1-score": 0.9249645102413303,
        "support": 20715.0
    },
    "Affected": {
        "precision": 0.08751846381093058,
        "recall": 0.32644628099173556,
        "f1-score": 0.13803145020384391,
        "support": 726.0
    },
    "accuracy": 0.8619467375588825,
    "macro avg": {
        "precision": 0.5307073982429447,
        "recall": 0.6035803695569346,
        "f1-score": 0.5314979802225871,
        "support": 21441.0
    },
    "weighted avg": {
        "precision": 0.9438832580611214,
        "recall": 0.8619467375588825,
        "f1-score": 0.8983186727530035,
        "support": 21441.0
    },
    "Accuracy": 0.8619467375588825,
    "F1 - Avg. Macro": 0.5314979802225871,
    "F1 - Positives": 0.13803145020384391
}