{
    "Not Affected": {
        "precision": 0.9730624721390817,
        "recall": 0.737629736905624,
        "f1-score": 0.8391454775111209,
        "support": 20715.0
    },
    "Affected": {
        "precision": 0.052805855698849775,
        "recall": 0.41735537190082644,
        "f1-score": 0.09375,
        "support": 726.0
    },
    "accuracy": 0.7267851312905181,
    "macro avg": {
        "precision": 0.5129341639189657,
        "recall": 0.5774925544032252,
        "f1-score": 0.46644773875556045,
        "support": 21441.0
    },
    "weighted avg": {
        "precision": 0.941902250902404,
        "recall": 0.7267851312905181,
        "f1-score": 0.8139061175618147,
        "support": 21441.0
    },
    "Accuracy": 0.7267851312905181,
    "F1 - Avg. Macro": 0.46644773875556045,
    "F1 - Positives": 0.09375
}