{
    "Not Affected": {
        "precision": 0.9672385383347872,
        "recall": 0.48172821626840456,
        "f1-score": 0.6431425625161123,
        "support": 20715.0
    },
    "Affected": {
        "precision": 0.034879539733908664,
        "recall": 0.5344352617079889,
        "f1-score": 0.06548523206751054,
        "support": 726.0
    },
    "accuracy": 0.4835128958537382,
    "macro avg": {
        "precision": 0.5010590390343479,
        "recall": 0.5080817389881968,
        "f1-score": 0.35431389729181145,
        "support": 21441.0
    },
    "weighted avg": {
        "precision": 0.9356685260693035,
        "recall": 0.4835128958537382,
        "f1-score": 0.6235828767782418,
        "support": 21441.0
    },
    "Accuracy": 0.4835128958537382,
    "F1 - Avg. Macro": 0.35431389729181145,
    "F1 - Positives": 0.06548523206751054
}