{
    "Not Affected": {
        "precision": 0.9734987313222442,
        "recall": 0.833454018826937,
        "f1-score": 0.8980494148244473,
        "support": 20715.0
    },
    "Affected": {
        "precision": 0.06907717215326498,
        "recall": 0.3526170798898072,
        "f1-score": 0.11552346570397112,
        "support": 726.0
    },
    "accuracy": 0.8171727064968984,
    "macro avg": {
        "precision": 0.5212879517377546,
        "recall": 0.5930355493583721,
        "f1-score": 0.5067864402642093,
        "support": 21441.0
    },
    "weighted avg": {
        "precision": 0.9428746908410782,
        "recall": 0.8171727064968984,
        "f1-score": 0.8715528037026962,
        "support": 21441.0
    },
    "Accuracy": 0.8171727064968984,
    "F1 - Avg. Macro": 0.5067864402642093,
    "F1 - Positives": 0.11552346570397112
}