{
    "Not Affected": {
        "precision": 0.9721360514070463,
        "recall": 0.8471638909003137,
        "f1-score": 0.9053576495472954,
        "support": 20715.0
    },
    "Affected": {
        "precision": 0.0658011212747123,
        "recall": 0.3071625344352617,
        "f1-score": 0.10838396111786149,
        "support": 726.0
    },
    "accuracy": 0.8288792500349798,
    "macro avg": {
        "precision": 0.5189685863408793,
        "recall": 0.5771632126677877,
        "f1-score": 0.5068708053325784,
        "support": 21441.0
    },
    "weighted avg": {
        "precision": 0.9414472234943522,
        "recall": 0.8288792500349798,
        "f1-score": 0.8783718327570444,
        "support": 21441.0
    },
    "Accuracy": 0.8288792500349798,
    "F1 - Avg. Macro": 0.5068708053325784,
    "F1 - Positives": 0.10838396111786149
}