{
    "Not Affected": {
        "precision": 0.9733367031022936,
        "recall": 0.7436640115858074,
        "f1-score": 0.8431394012369329,
        "support": 20715.0
    },
    "Affected": {
        "precision": 0.054150338439615246,
        "recall": 0.418732782369146,
        "f1-score": 0.09589905362776026,
        "support": 726.0
    },
    "accuracy": 0.7326617228674036,
    "macro avg": {
        "precision": 0.5137435207709544,
        "recall": 0.5811983969774768,
        "f1-score": 0.4695192274323466,
        "support": 21441.0
    },
    "weighted avg": {
        "precision": 0.9422127209771547,
        "recall": 0.7326617228674036,
        "f1-score": 0.8178375733201257,
        "support": 21441.0
    },
    "Accuracy": 0.7326617228674036,
    "F1 - Avg. Macro": 0.4695192274323466,
    "F1 - Positives": 0.09589905362776026
}