{
    "0": {
        "precision": 0.9699400782449363,
        "recall": 0.9454984310885831,
        "f1-score": 0.9575633127994524,
        "support": 20715.0
    },
    "1": {
        "precision": 0.0953525641025641,
        "recall": 0.16391184573002754,
        "f1-score": 0.12056737588652482,
        "support": 726.0
    },
    "accuracy": 0.9190336271629121,
    "macro avg": {
        "precision": 0.5326463211737502,
        "recall": 0.5547051384093054,
        "f1-score": 0.5390653443429886,
        "support": 21441.0
    },
    "weighted avg": {
        "precision": 0.9403262292981819,
        "recall": 0.9190336271629121,
        "f1-score": 0.9292223282278939,
        "support": 21441.0
    },
    "Accuracy": 0.9190336271629121,
    "F1 - Avg. Macro": 0.5390653443429886,
    "F1 - Positives": 0.12056737588652482
}