{
    "Not Affected": {
        "precision": 0.9686957384531428,
        "recall": 0.9426019792420951,
        "f1-score": 0.955470737913486,
        "support": 20715.0
    },
    "Affected": {
        "precision": 0.07398753894080996,
        "recall": 0.13085399449035812,
        "f1-score": 0.0945273631840796,
        "support": 726.0
    },
    "accuracy": 0.9151158994449886,
    "macro avg": {
        "precision": 0.5213416386969764,
        "recall": 0.5367279868662266,
        "f1-score": 0.5249990505487828,
        "support": 21441.0
    },
    "weighted avg": {
        "precision": 0.9384005958363827,
        "recall": 0.9151158994449886,
        "f1-score": 0.9263188844526611,
        "support": 21441.0
    },
    "Accuracy": 0.9151158994449886,
    "F1 - Avg. Macro": 0.5249990505487828,
    "F1 - Positives": 0.0945273631840796
}