{
    "Not Affected": {
        "precision": 0.9692965410027206,
        "recall": 0.9631667873521603,
        "f1-score": 0.9662219424199133,
        "support": 20715.0
    },
    "Affected": {
        "precision": 0.10968494749124855,
        "recall": 0.12947658402203857,
        "f1-score": 0.11876184459886292,
        "support": 726.0
    },
    "accuracy": 0.9349377361130544,
    "macro avg": {
        "precision": 0.5394907442469845,
        "recall": 0.5463216856870995,
        "f1-score": 0.5424918935093881,
        "support": 21441.0
    },
    "weighted avg": {
        "precision": 0.9401897821346953,
        "recall": 0.9349377361130544,
        "f1-score": 0.937526637582542,
        "support": 21441.0
    },
    "Accuracy": 0.9349377361130544,
    "F1 - Avg. Macro": 0.5424918935093881,
    "F1 - Positives": 0.11876184459886292
}