{
    "Not Affected": {
        "precision": 0.9728034771809997,
        "recall": 0.7563118513154719,
        "f1-score": 0.8510048886474741,
        "support": 20715.0
    },
    "Affected": {
        "precision": 0.053973013493253376,
        "recall": 0.39669421487603307,
        "f1-score": 0.09501814582645991,
        "support": 726.0
    },
    "accuracy": 0.744135068327037,
    "macro avg": {
        "precision": 0.5133882453371266,
        "recall": 0.5765030330957525,
        "f1-score": 0.47301151723696705,
        "support": 21441.0
    },
    "weighted avg": {
        "precision": 0.9416915459913489,
        "recall": 0.744135068327037,
        "f1-score": 0.8254069046314274,
        "support": 21441.0
    },
    "Accuracy": 0.744135068327037,
    "F1 - Avg. Macro": 0.47301151723696705,
    "F1 - Positives": 0.09501814582645991
}