{
    "Not Affected": {
        "precision": 0.9756594724220623,
        "recall": 0.7856142891624427,
        "f1-score": 0.8703837411418639,
        "support": 20715.0
    },
    "Affected": {
        "precision": 0.06721277042638102,
        "recall": 0.44077134986225897,
        "f1-score": 0.11663932932385639,
        "support": 726.0
    },
    "accuracy": 0.7739377827526701,
    "macro avg": {
        "precision": 0.5214361214242217,
        "recall": 0.6131928195123508,
        "f1-score": 0.4935115352328601,
        "support": 21441.0
    },
    "weighted avg": {
        "precision": 0.9448991391517453,
        "recall": 0.7739377827526701,
        "f1-score": 0.8448616832630396,
        "support": 21441.0
    },
    "Accuracy": 0.7739377827526701,
    "F1 - Avg. Macro": 0.4935115352328601,
    "F1 - Positives": 0.11663932932385639
}