{
    "Not Affected": {
        "precision": 0.9682829544908453,
        "recall": 0.9726768042481294,
        "f1-score": 0.9704749060784125,
        "support": 20715.0
    },
    "Affected": {
        "precision": 0.10443037974683544,
        "recall": 0.09090909090909091,
        "f1-score": 0.09720176730486009,
        "support": 726.0
    },
    "accuracy": 0.9428198311645912,
    "macro avg": {
        "precision": 0.5363566671188404,
        "recall": 0.5317929475786102,
        "f1-score": 0.5338383366916363,
        "support": 21441.0
    },
    "weighted avg": {
        "precision": 0.939032594467332,
        "recall": 0.9428198311645912,
        "f1-score": 0.9409055623561234,
        "support": 21441.0
    },
    "Accuracy": 0.9428198311645912,
    "F1 - Avg. Macro": 0.5338383366916363,
    "F1 - Positives": 0.09720176730486009
}