{
    "Not Affected": {
        "precision": 0.9715217280554282,
        "recall": 0.9205889452087859,
        "f1-score": 0.9453698195518541,
        "support": 20715.0
    },
    "Affected": {
        "precision": 0.09216335540838852,
        "recall": 0.23002754820936638,
        "f1-score": 0.13159968479117415,
        "support": 726.0
    },
    "accuracy": 0.897206287020195,
    "macro avg": {
        "precision": 0.5318425417319084,
        "recall": 0.5753082467090761,
        "f1-score": 0.5384847521715141,
        "support": 21441.0
    },
    "weighted avg": {
        "precision": 0.9417463361174706,
        "recall": 0.897206287020195,
        "f1-score": 0.9178152690254675,
        "support": 21441.0
    },
    "Accuracy": 0.897206287020195,
    "F1 - Avg. Macro": 0.5384847521715141,
    "F1 - Positives": 0.13159968479117415
}