{
    "Not Affected": {
        "precision": 0.9703933958418264,
        "recall": 0.9192855418778663,
        "f1-score": 0.944148342794814,
        "support": 20715.0
    },
    "Affected": {
        "precision": 0.07980187121629059,
        "recall": 0.19972451790633608,
        "f1-score": 0.11403853716083366,
        "support": 726.0
    },
    "accuracy": 0.8949209458514061,
    "macro avg": {
        "precision": 0.5250976335290585,
        "recall": 0.5595050298921012,
        "f1-score": 0.5290934399778238,
        "support": 21441.0
    },
    "weighted avg": {
        "precision": 0.9402376453228144,
        "recall": 0.8949209458514061,
        "f1-score": 0.9160405251141894,
        "support": 21441.0
    },
    "Accuracy": 0.8949209458514061,
    "F1 - Avg. Macro": 0.5290934399778238,
    "F1 - Positives": 0.11403853716083366
}