{
    "Not Affected": {
        "precision": 0.25471698113207547,
        "recall": 0.5294117647058824,
        "f1-score": 0.34394904458598724,
        "support": 51.0
    },
    "Affected": {
        "precision": 0.813953488372093,
        "recall": 0.5706521739130435,
        "f1-score": 0.670926517571885,
        "support": 184.0
    },
    "accuracy": 0.5617021276595745,
    "macro avg": {
        "precision": 0.5343352347520842,
        "recall": 0.5500319693094629,
        "f1-score": 0.5074377810789361,
        "support": 235.0
    },
    "weighted avg": {
        "precision": 0.692587267651919,
        "recall": 0.5617021276595745,
        "f1-score": 0.5999654489664349,
        "support": 235.0
    },
    "Accuracy": 0.5617021276595745,
    "F1 - Avg. Macro": 0.5074377810789361,
    "F1 - Positives": 0.670926517571885
}