{
    "Not Affected": {
        "precision": 0.9737048226474209,
        "recall": 0.840164132271301,
        "f1-score": 0.9020187099950763,
        "support": 20715.0
    },
    "Affected": {
        "precision": 0.07176899355200449,
        "recall": 0.3526170798898072,
        "f1-score": 0.11926391800605637,
        "support": 726.0
    },
    "accuracy": 0.8236556130777483,
    "macro avg": {
        "precision": 0.5227369080997126,
        "recall": 0.5963906060805542,
        "f1-score": 0.5106413140005663,
        "support": 21441.0
    },
    "weighted avg": {
        "precision": 0.943164949883871,
        "recall": 0.8236556130777483,
        "f1-score": 0.8755143501711862,
        "support": 21441.0
    },
    "Accuracy": 0.8236556130777483,
    "F1 - Avg. Macro": 0.5106413140005663,
    "F1 - Positives": 0.11926391800605637
}