{
    "Not Affected": {
        "precision": 0.9718255922096395,
        "recall": 0.8575428433502293,
        "f1-score": 0.9111145304405806,
        "support": 20715.0
    },
    "Affected": {
        "precision": 0.06672991777356103,
        "recall": 0.290633608815427,
        "f1-score": 0.10853909465020577,
        "support": 726.0
    },
    "accuracy": 0.8383470920199617,
    "macro avg": {
        "precision": 0.5192777549916002,
        "recall": 0.5740882260828282,
        "f1-score": 0.5098268125453932,
        "support": 21441.0
    },
    "weighted avg": {
        "precision": 0.9411787259421803,
        "recall": 0.8383470920199617,
        "f1-score": 0.8839390364625099,
        "support": 21441.0
    },
    "Accuracy": 0.8383470920199617,
    "F1 - Avg. Macro": 0.5098268125453932,
    "F1 - Positives": 0.10853909465020577
}