{
    "Not Affected": {
        "precision": 0.9685344185815673,
        "recall": 0.942070963070239,
        "f1-score": 0.9551194205168363,
        "support": 20715.0
    },
    "Affected": {
        "precision": 0.07120743034055728,
        "recall": 0.12672176308539945,
        "f1-score": 0.09117938553022795,
        "support": 726.0
    },
    "accuracy": 0.9144629448253346,
    "macro avg": {
        "precision": 0.5198709244610623,
        "recall": 0.5343963630778192,
        "f1-score": 0.5231494030235321,
        "support": 21441.0
    },
    "weighted avg": {
        "precision": 0.9381506028330961,
        "recall": 0.9144629448253346,
        "f1-score": 0.9258660990579362,
        "support": 21441.0
    },
    "Accuracy": 0.9144629448253346,
    "F1 - Avg. Macro": 0.5231494030235321,
    "F1 - Positives": 0.09117938553022795
}