{
    "Not Affected": {
        "precision": 0.9719615912208505,
        "recall": 0.8551291334781559,
        "f1-score": 0.9098099640472522,
        "support": 20715.0
    },
    "Affected": {
        "precision": 0.06685323383084577,
        "recall": 0.29614325068870523,
        "f1-score": 0.10908168442415017,
        "support": 726.0
    },
    "accuracy": 0.8362016696982417,
    "macro avg": {
        "precision": 0.5194074125258481,
        "recall": 0.5756361920834305,
        "f1-score": 0.5094458242357012,
        "support": 21441.0
    },
    "weighted avg": {
        "precision": 0.9413142955039929,
        "recall": 0.8362016696982417,
        "f1-score": 0.8826970154438115,
        "support": 21441.0
    },
    "Accuracy": 0.8362016696982417,
    "F1 - Avg. Macro": 0.5094458242357012,
    "F1 - Positives": 0.10908168442415017
}