{
    "Not Affected": {
        "precision": 0.9697879345405248,
        "recall": 0.9669321747525947,
        "f1-score": 0.9683579491890063,
        "support": 20715.0
    },
    "Affected": {
        "precision": 0.12960609911054638,
        "recall": 0.14049586776859505,
        "f1-score": 0.1348314606741573,
        "support": 726.0
    },
    "accuracy": 0.9389487430623572,
    "macro avg": {
        "precision": 0.5496970168255356,
        "recall": 0.5537140212605949,
        "f1-score": 0.5515947049315818,
        "support": 21441.0
    },
    "weighted avg": {
        "precision": 0.9413390742950996,
        "recall": 0.9389487430623572,
        "f1-score": 0.940134441392645,
        "support": 21441.0
    },
    "Accuracy": 0.9389487430623572,
    "F1 - Avg. Macro": 0.5515947049315818,
    "F1 - Positives": 0.1348314606741573
}