{
    "Not Affected": {
        "precision": 0.9740843507214206,
        "recall": 0.8473569876900796,
        "f1-score": 0.9063121208209629,
        "support": 20715.0
    },
    "Affected": {
        "precision": 0.07570885705933937,
        "recall": 0.35674931129476584,
        "f1-score": 0.12490957318543526,
        "support": 726.0
    },
    "accuracy": 0.8307448346625623,
    "macro avg": {
        "precision": 0.52489660389038,
        "recall": 0.6020531494924227,
        "f1-score": 0.515610847003199,
        "support": 21441.0
    },
    "weighted avg": {
        "precision": 0.9436650322008913,
        "recall": 0.8307448346625623,
        "f1-score": 0.8798535484790295,
        "support": 21441.0
    },
    "Accuracy": 0.8307448346625623,
    "F1 - Avg. Macro": 0.515610847003199,
    "F1 - Positives": 0.12490957318543526
}