{
    "Not Affected": {
        "precision": 0.9721852836879432,
        "recall": 0.8470190683079893,
        "f1-score": 0.9052962876970306,
        "support": 20715.0
    },
    "Affected": {
        "precision": 0.06601827291482464,
        "recall": 0.3085399449035813,
        "f1-score": 0.10876426317067249,
        "support": 726.0
    },
    "accuracy": 0.8287859708036006,
    "macro avg": {
        "precision": 0.5191017783013839,
        "recall": 0.5777795066057854,
        "f1-score": 0.5070302754338516,
        "support": 21441.0
    },
    "weighted avg": {
        "precision": 0.9415021415853694,
        "recall": 0.8287859708036006,
        "f1-score": 0.8783254258059745,
        "support": 21441.0
    },
    "Accuracy": 0.8287859708036006,
    "F1 - Avg. Macro": 0.5070302754338516,
    "F1 - Positives": 0.10876426317067249
}