{
    "Not Affected": {
        "precision": 0.972692633361558,
        "recall": 0.66545981173063,
        "f1-score": 0.7902657150227879,
        "support": 20715.0
    },
    "Affected": {
        "precision": 0.04663640115559224,
        "recall": 0.4669421487603306,
        "f1-score": 0.08480300187617261,
        "support": 726.0
    },
    "accuracy": 0.6587379319994403,
    "macro avg": {
        "precision": 0.5096645172585751,
        "recall": 0.5662009802454803,
        "f1-score": 0.43753435844948024,
        "support": 21441.0
    },
    "weighted avg": {
        "precision": 0.9413360350414455,
        "recall": 0.6587379319994403,
        "f1-score": 0.7663784928902174,
        "support": 21441.0
    },
    "Accuracy": 0.6587379319994403,
    "F1 - Avg. Macro": 0.43753435844948024,
    "F1 - Positives": 0.08480300187617261
}