{
    "Not Affected": {
        "precision": 0.9695426452410383,
        "recall": 0.9466087376297369,
        "f1-score": 0.9579384465070835,
        "support": 20715.0
    },
    "Affected": {
        "precision": 0.09046052631578948,
        "recall": 0.15151515151515152,
        "f1-score": 0.11328527291452112,
        "support": 726.0
    },
    "accuracy": 0.9196865817825661,
    "macro avg": {
        "precision": 0.5300015857784138,
        "recall": 0.5490619445724442,
        "f1-score": 0.5356118597108023,
        "support": 21441.0
    },
    "weighted avg": {
        "precision": 0.9397766073538255,
        "recall": 0.9196865817825661,
        "f1-score": 0.929338185137362,
        "support": 21441.0
    },
    "Accuracy": 0.9196865817825661,
    "F1 - Avg. Macro": 0.5356118597108023,
    "F1 - Positives": 0.11328527291452112
}