{
    "Not Affected": {
        "precision": 0.9733310587967702,
        "recall": 0.8263094376055998,
        "f1-score": 0.8938147829038406,
        "support": 20715.0
    },
    "Affected": {
        "precision": 0.06666666666666667,
        "recall": 0.35399449035812675,
        "f1-score": 0.11220257585679982,
        "support": 726.0
    },
    "accuracy": 0.8103166829905322,
    "macro avg": {
        "precision": 0.5199988627317185,
        "recall": 0.5901519639818633,
        "f1-score": 0.5030086793803202,
        "support": 21441.0
    },
    "weighted avg": {
        "precision": 0.942631075181899,
        "recall": 0.8103166829905322,
        "f1-score": 0.8673491114185483,
        "support": 21441.0
    },
    "Accuracy": 0.8103166829905322,
    "F1 - Avg. Macro": 0.5030086793803202,
    "F1 - Positives": 0.11220257585679982
}