{
    "Not Affected": {
        "precision": 0.9643631856213201,
        "recall": 0.4506879073135409,
        "f1-score": 0.6142913541255428,
        "support": 20715.0
    },
    "Affected": {
        "precision": 0.03239795918367347,
        "recall": 0.5247933884297521,
        "f1-score": 0.06102835175396444,
        "support": 726.0
    },
    "accuracy": 0.4531971456555198,
    "macro avg": {
        "precision": 0.4983805724024968,
        "recall": 0.4877406478716465,
        "f1-score": 0.33765985293975365,
        "support": 21441.0
    },
    "weighted avg": {
        "precision": 0.9328065066234313,
        "recall": 0.4531971456555198,
        "f1-score": 0.595557669142484,
        "support": 21441.0
    },
    "Accuracy": 0.4531971456555198,
    "F1 - Avg. Macro": 0.33765985293975365,
    "F1 - Positives": 0.06102835175396444
}