{
    "Not Affected": {
        "precision": 0.9716512732902675,
        "recall": 0.8785903934347091,
        "f1-score": 0.9227805100643919,
        "support": 20715.0
    },
    "Affected": {
        "precision": 0.07195571955719557,
        "recall": 0.26859504132231404,
        "f1-score": 0.11350407450523865,
        "support": 726.0
    },
    "accuracy": 0.8579357306095797,
    "macro avg": {
        "precision": 0.5218034964237315,
        "recall": 0.5735927173785116,
        "f1-score": 0.5181422922848152,
        "support": 21441.0
    },
    "weighted avg": {
        "precision": 0.9411872570592049,
        "recall": 0.8579357306095797,
        "f1-score": 0.8953781178151523,
        "support": 21441.0
    },
    "Accuracy": 0.8579357306095797,
    "F1 - Avg. Macro": 0.5181422922848152,
    "F1 - Positives": 0.11350407450523865
}