{
    "0": {
        "precision": 0.9704960445793323,
        "recall": 0.9416364952932658,
        "f1-score": 0.9558484833635518,
        "support": 20715.0
    },
    "1": {
        "precision": 0.09910581222056632,
        "recall": 0.18319559228650137,
        "f1-score": 0.1286266924564797,
        "support": 726.0
    },
    "accuracy": 0.9159554125274008,
    "macro avg": {
        "precision": 0.5348009283999493,
        "recall": 0.5624160437898835,
        "f1-score": 0.5422375879100158,
        "support": 21441.0
    },
    "weighted avg": {
        "precision": 0.9409904567479596,
        "recall": 0.9159554125274008,
        "f1-score": 0.9278384549041266,
        "support": 21441.0
    },
    "Accuracy": 0.9159554125274008,
    "F1 - Avg. Macro": 0.5422375879100158,
    "F1 - Positives": 0.1286266924564797
}