{
    "Not Affected": {
        "precision": 0.9734798709831561,
        "recall": 0.7867728699010379,
        "f1-score": 0.870224524120992,
        "support": 20715.0
    },
    "Affected": {
        "precision": 0.060012768674186,
        "recall": 0.3884297520661157,
        "f1-score": 0.103963133640553,
        "support": 726.0
    },
    "accuracy": 0.7732848281330161,
    "macro avg": {
        "precision": 0.516746319828671,
        "recall": 0.5876013109835768,
        "f1-score": 0.4870938288807725,
        "support": 21441.0
    },
    "weighted avg": {
        "precision": 0.9425495451459137,
        "recall": 0.7732848281330161,
        "f1-score": 0.8442786368261458,
        "support": 21441.0
    },
    "Accuracy": 0.7732848281330161,
    "F1 - Avg. Macro": 0.4870938288807725,
    "F1 - Positives": 0.103963133640553
}