{
    "0": {
        "precision": 0.9711873831067078,
        "recall": 0.9274921554429157,
        "f1-score": 0.9488369796039311,
        "support": 20715.0
    },
    "1": {
        "precision": 0.09408926417370325,
        "recall": 0.21487603305785125,
        "f1-score": 0.13087248322147652,
        "support": 726.0
    },
    "accuracy": 0.9033627162912178,
    "macro avg": {
        "precision": 0.5326383236402056,
        "recall": 0.5711840942503835,
        "f1-score": 0.5398547314127038,
        "support": 21441.0
    },
    "weighted avg": {
        "precision": 0.9414885241754377,
        "recall": 0.9033627162912178,
        "f1-score": 0.9211404064789062,
        "support": 21441.0
    },
    "Accuracy": 0.9033627162912178,
    "F1 - Avg. Macro": 0.5398547314127038,
    "F1 - Positives": 0.13087248322147652
}