{
    "Not Affected": {
        "precision": 0.9735690051439203,
        "recall": 0.858846246681149,
        "f1-score": 0.9126163789786863,
        "support": 20715.0
    },
    "Affected": {
        "precision": 0.07672876539311652,
        "recall": 0.3347107438016529,
        "f1-score": 0.12483945543282815,
        "support": 726.0
    },
    "accuracy": 0.8410988293456462,
    "macro avg": {
        "precision": 0.5251488852685184,
        "recall": 0.5967784952414009,
        "f1-score": 0.5187279172057573,
        "support": 21441.0
    },
    "weighted avg": {
        "precision": 0.943201670875039,
        "recall": 0.8410988293456462,
        "f1-score": 0.8859419679673393,
        "support": 21441.0
    },
    "Accuracy": 0.8410988293456462,
    "F1 - Avg. Macro": 0.5187279172057573,
    "F1 - Positives": 0.12483945543282815
}