{
    "Not Affected": {
        "precision": 0.970981022190983,
        "recall": 0.9336229785179821,
        "f1-score": 0.9519356188319839,
        "support": 20715.0
    },
    "Affected": {
        "precision": 0.09717662508207485,
        "recall": 0.20385674931129477,
        "f1-score": 0.1316140506891952,
        "support": 726.0
    },
    "accuracy": 0.9089128305582762,
    "macro avg": {
        "precision": 0.5340788236365289,
        "recall": 0.5687398639146385,
        "f1-score": 0.5417748347605895,
        "support": 21441.0
    },
    "weighted avg": {
        "precision": 0.9413936898696795,
        "recall": 0.9089128305582762,
        "f1-score": 0.9241592344062731,
        "support": 21441.0
    },
    "Accuracy": 0.9089128305582762,
    "F1 - Avg. Macro": 0.5417748347605895,
    "F1 - Positives": 0.1316140506891952
}