{
    "Not Affected": {
        "precision": 0.9713158294126575,
        "recall": 0.9268645908761767,
        "f1-score": 0.9485697346969023,
        "support": 20715.0
    },
    "Affected": {
        "precision": 0.09498207885304659,
        "recall": 0.2190082644628099,
        "f1-score": 0.1325,
        "support": 726.0
    },
    "accuracy": 0.9028963201343221,
    "macro avg": {
        "precision": 0.533148954132852,
        "recall": 0.5729364276694933,
        "f1-score": 0.5405348673484511,
        "support": 21441.0
    },
    "weighted avg": {
        "precision": 0.9416428522704403,
        "recall": 0.9028963201343221,
        "f1-score": 0.9209373188865412,
        "support": 21441.0
    },
    "Accuracy": 0.9028963201343221,
    "F1 - Avg. Macro": 0.5405348673484511,
    "F1 - Positives": 0.1325
}