{
    "Not Affected": {
        "precision": 0.9729035272132679,
        "recall": 0.8042481293748491,
        "f1-score": 0.8805729538307038,
        "support": 20715.0
    },
    "Affected": {
        "precision": 0.06069029418577716,
        "recall": 0.3608815426997245,
        "f1-score": 0.10390640491770771,
        "support": 726.0
    },
    "accuracy": 0.789235576698848,
    "macro avg": {
        "precision": 0.5167969106995225,
        "recall": 0.5825648360372868,
        "f1-score": 0.49223967937420576,
        "support": 21441.0
    },
    "weighted avg": {
        "precision": 0.9420156578425315,
        "recall": 0.789235576698848,
        "f1-score": 0.8542747441151666,
        "support": 21441.0
    },
    "Accuracy": 0.789235576698848,
    "F1 - Avg. Macro": 0.49223967937420576,
    "F1 - Positives": 0.10390640491770771
}