{
    "Not Affected": {
        "precision": 0.9725003973931012,
        "recall": 0.8860246198406951,
        "f1-score": 0.927250682024856,
        "support": 20715.0
    },
    "Affected": {
        "precision": 0.08060747663551401,
        "recall": 0.28512396694214875,
        "f1-score": 0.12568306010928962,
        "support": 726.0
    },
    "accuracy": 0.8656779068140479,
    "macro avg": {
        "precision": 0.5265539370143076,
        "recall": 0.585574293391422,
        "f1-score": 0.5264668710670728,
        "support": 21441.0
    },
    "weighted avg": {
        "precision": 0.942300581131266,
        "recall": 0.8656779068140479,
        "f1-score": 0.9001093129883977,
        "support": 21441.0
    },
    "Accuracy": 0.8656779068140479,
    "F1 - Avg. Macro": 0.5264668710670728,
    "F1 - Positives": 0.12568306010928962
}