{
    "Not Affected": {
        "precision": 0.9730494847695618,
        "recall": 0.829640357229061,
        "f1-score": 0.8956406180785367,
        "support": 20715.0
    },
    "Affected": {
        "precision": 0.06615506747816882,
        "recall": 0.3443526170798898,
        "f1-score": 0.11098779134295228,
        "support": 726.0
    },
    "accuracy": 0.8132083391632853,
    "macro avg": {
        "precision": 0.5196022761238653,
        "recall": 0.5869964871544754,
        "f1-score": 0.5033142047107445,
        "support": 21441.0
    },
    "weighted avg": {
        "precision": 0.9423417124196922,
        "recall": 0.8132083391632853,
        "f1-score": 0.8690719901129552,
        "support": 21441.0
    },
    "Accuracy": 0.8132083391632853,
    "F1 - Avg. Macro": 0.5033142047107445,
    "F1 - Positives": 0.11098779134295228
}