{
    "Not Affected": {
        "precision": 0.9737946095052008,
        "recall": 0.8180062756456674,
        "f1-score": 0.889127925280722,
        "support": 20715.0
    },
    "Affected": {
        "precision": 0.06683168316831684,
        "recall": 0.371900826446281,
        "f1-score": 0.11330255979857323,
        "support": 726.0
    },
    "accuracy": 0.8029009840958911,
    "macro avg": {
        "precision": 0.5203131463367588,
        "recall": 0.5949535510459742,
        "f1-score": 0.5012152425396477,
        "support": 21441.0
    },
    "weighted avg": {
        "precision": 0.9430845174143199,
        "recall": 0.8029009840958911,
        "f1-score": 0.8628581983398126,
        "support": 21441.0
    },
    "Accuracy": 0.8029009840958911,
    "F1 - Avg. Macro": 0.5012152425396477,
    "F1 - Positives": 0.11330255979857323
}