{
    "Not Affected": {
        "precision": 0.96995198257512,
        "recall": 0.9458846246681148,
        "f1-score": 0.9577671326620393,
        "support": 20715.0
    },
    "Affected": {
        "precision": 0.09596774193548387,
        "recall": 0.16391184573002754,
        "f1-score": 0.12105798575788403,
        "support": 726.0
    },
    "accuracy": 0.9194067440884287,
    "macro avg": {
        "precision": 0.532959862255302,
        "recall": 0.5548982351990712,
        "f1-score": 0.5394125592099617,
        "support": 21441.0
    },
    "weighted avg": {
        "precision": 0.9403585606869443,
        "recall": 0.9194067440884287,
        "f1-score": 0.9294358589037064,
        "support": 21441.0
    },
    "Accuracy": 0.9194067440884287,
    "F1 - Avg. Macro": 0.5394125592099617,
    "F1 - Positives": 0.12105798575788403
}