{
    "Not Affected": {
        "precision": 0.9714225567075417,
        "recall": 0.8910451363746078,
        "f1-score": 0.9294994460670762,
        "support": 20715.0
    },
    "Affected": {
        "precision": 0.075,
        "recall": 0.25206611570247933,
        "f1-score": 0.11560328490208464,
        "support": 726.0
    },
    "accuracy": 0.8694090760692131,
    "macro avg": {
        "precision": 0.5232112783537709,
        "recall": 0.5715556260385436,
        "f1-score": 0.5225513654845805,
        "support": 21441.0
    },
    "weighted avg": {
        "precision": 0.9410693653372851,
        "recall": 0.8694090760692131,
        "f1-score": 0.9019406282411453,
        "support": 21441.0
    },
    "Accuracy": 0.8694090760692131,
    "F1 - Avg. Macro": 0.5225513654845805,
    "F1 - Positives": 0.11560328490208464
}