{
    "Not Affected": {
        "precision": 0.9720883427784546,
        "recall": 0.8860246198406951,
        "f1-score": 0.927063339731286,
        "support": 20715.0
    },
    "Affected": {
        "precision": 0.077734375,
        "recall": 0.2741046831955923,
        "f1-score": 0.12111990261716372,
        "support": 726.0
    },
    "accuracy": 0.8653047898885313,
    "macro avg": {
        "precision": 0.5249113588892272,
        "recall": 0.5800646515181437,
        "f1-score": 0.5240916211742248,
        "support": 21441.0
    },
    "weighted avg": {
        "precision": 0.941805194576078,
        "recall": 0.8653047898885313,
        "f1-score": 0.8997738040125763,
        "support": 21441.0
    },
    "Accuracy": 0.8653047898885313,
    "F1 - Avg. Macro": 0.5240916211742248,
    "F1 - Positives": 0.12111990261716372
}