{
    "Not Affected": {
        "precision": 0.9714486779933649,
        "recall": 0.9329471397538016,
        "f1-score": 0.9518087123544042,
        "support": 20715.0
    },
    "Affected": {
        "precision": 0.10213316095669037,
        "recall": 0.21763085399449036,
        "f1-score": 0.13902331720193578,
        "support": 726.0
    },
    "accuracy": 0.9087262720955179,
    "macro avg": {
        "precision": 0.5367909194750277,
        "recall": 0.575288996874146,
        "f1-score": 0.54541601477817,
        "support": 21441.0
    },
    "weighted avg": {
        "precision": 0.9420133407717509,
        "recall": 0.9087262720955179,
        "f1-score": 0.9242875054666335,
        "support": 21441.0
    },
    "Accuracy": 0.9087262720955179,
    "F1 - Avg. Macro": 0.54541601477817,
    "F1 - Positives": 0.13902331720193578
}