{
    "Not Affected": {
        "precision": 0.9692620915681796,
        "recall": 0.9422640598600048,
        "f1-score": 0.9555724181822632,
        "support": 20715.0
    },
    "Affected": {
        "precision": 0.08211818879508825,
        "recall": 0.14738292011019283,
        "f1-score": 0.1054706752094628,
        "support": 726.0
    },
    "accuracy": 0.9153490975234364,
    "macro avg": {
        "precision": 0.5256901401816338,
        "recall": 0.5448234899850988,
        "f1-score": 0.530521546695863,
        "support": 21441.0
    },
    "weighted avg": {
        "precision": 0.9392230787696504,
        "recall": 0.9153490975234364,
        "f1-score": 0.9267876662864445,
        "support": 21441.0
    },
    "Accuracy": 0.9153490975234364,
    "F1 - Avg. Macro": 0.530521546695863,
    "F1 - Positives": 0.1054706752094628
}