{
    "Not Affected": {
        "precision": 0.9713512653191151,
        "recall": 0.8838522809558291,
        "f1-score": 0.9255383682135274,
        "support": 20715.0
    },
    "Affected": {
        "precision": 0.07175925925925926,
        "recall": 0.256198347107438,
        "f1-score": 0.11211573236889692,
        "support": 726.0
    },
    "accuracy": 0.8625996921785365,
    "macro avg": {
        "precision": 0.5215552622891871,
        "recall": 0.5700253140316336,
        "f1-score": 0.5188270502912121,
        "support": 21441.0
    },
    "weighted avg": {
        "precision": 0.9408907552496474,
        "recall": 0.8625996921785365,
        "f1-score": 0.8979955841258822,
        "support": 21441.0
    },
    "Accuracy": 0.8625996921785365,
    "F1 - Avg. Macro": 0.5188270502912121,
    "F1 - Positives": 0.11211573236889692
}