{
    "Not Affected": {
        "precision": 0.9692405808477237,
        "recall": 0.9537533188510741,
        "f1-score": 0.9614345847830847,
        "support": 20715.0
    },
    "Affected": {
        "precision": 0.09366130558183539,
        "recall": 0.13636363636363635,
        "f1-score": 0.11104879416713405,
        "support": 726.0
    },
    "accuracy": 0.9260762091320367,
    "macro avg": {
        "precision": 0.5314509432147796,
        "recall": 0.5450584776073553,
        "f1-score": 0.5362416894751094,
        "support": 21441.0
    },
    "weighted avg": {
        "precision": 0.9395931505113106,
        "recall": 0.9260762091320367,
        "f1-score": 0.9326402149315303,
        "support": 21441.0
    },
    "Accuracy": 0.9260762091320367,
    "F1 - Avg. Macro": 0.5362416894751094,
    "F1 - Positives": 0.11104879416713405
}