{
    "Not Affected": {
        "precision": 0.9693596011423593,
        "recall": 0.9667390779628289,
        "f1-score": 0.9680475661043167,
        "support": 20715.0
    },
    "Affected": {
        "precision": 0.11892583120204604,
        "recall": 0.128099173553719,
        "f1-score": 0.123342175066313,
        "support": 726.0
    },
    "accuracy": 0.9383424280583929,
    "macro avg": {
        "precision": 0.5441427161722027,
        "recall": 0.5474191257582739,
        "f1-score": 0.5456948705853149,
        "support": 21441.0
    },
    "weighted avg": {
        "precision": 0.9405636066935619,
        "recall": 0.9383424280583929,
        "f1-score": 0.9394455366330425,
        "support": 21441.0
    },
    "Accuracy": 0.9383424280583929,
    "F1 - Avg. Macro": 0.5456948705853149,
    "F1 - Positives": 0.123342175066313
}