{
    "Not Affected": {
        "precision": 0.9734403184673758,
        "recall": 0.7554911899589669,
        "f1-score": 0.8507284192215699,
        "support": 20715.0
    },
    "Affected": {
        "precision": 0.055741983594332585,
        "recall": 0.4118457300275482,
        "f1-score": 0.09819376026272578,
        "support": 726.0
    },
    "accuracy": 0.7438552306328996,
    "macro avg": {
        "precision": 0.5145911510308542,
        "recall": 0.5836684599932576,
        "f1-score": 0.47446108974214785,
        "support": 21441.0
    },
    "weighted avg": {
        "precision": 0.9423667215680787,
        "recall": 0.7438552306328996,
        "f1-score": 0.8252473240112664,
        "support": 21441.0
    },
    "Accuracy": 0.7438552306328996,
    "F1 - Avg. Macro": 0.47446108974214785,
    "F1 - Positives": 0.09819376026272578
}