{
    "Not Affected": {
        "precision": 0.9708196721311475,
        "recall": 0.8576393917451123,
        "f1-score": 0.9107266435986159,
        "support": 20715.0
    },
    "Affected": {
        "precision": 0.061127029608404965,
        "recall": 0.2644628099173554,
        "f1-score": 0.09930178432893716,
        "support": 726.0
    },
    "accuracy": 0.8375542185532391,
    "macro avg": {
        "precision": 0.5159733508697762,
        "recall": 0.5610511008312338,
        "f1-score": 0.5050142139637765,
        "support": 21441.0
    },
    "weighted avg": {
        "precision": 0.9400171508648115,
        "recall": 0.8375542185532391,
        "f1-score": 0.8832515049469772,
        "support": 21441.0
    },
    "Accuracy": 0.8375542185532391,
    "F1 - Avg. Macro": 0.5050142139637765,
    "F1 - Positives": 0.09930178432893716
}