{
    "Not Affected": {
        "precision": 0.9692027200157682,
        "recall": 0.949505189476225,
        "f1-score": 0.9592528469360384,
        "support": 20715.0
    },
    "Affected": {
        "precision": 0.08805579773321709,
        "recall": 0.13911845730027547,
        "f1-score": 0.10784837159636947,
        "support": 726.0
    },
    "accuracy": 0.922065202182734,
    "macro avg": {
        "precision": 0.5286292588744926,
        "recall": 0.5443118233882502,
        "f1-score": 0.5335506092662039,
        "support": 21441.0
    },
    "weighted avg": {
        "precision": 0.9393667671415025,
        "recall": 0.922065202182734,
        "f1-score": 0.9304239840520032,
        "support": 21441.0
    },
    "Accuracy": 0.922065202182734,
    "F1 - Avg. Macro": 0.5335506092662039,
    "F1 - Positives": 0.10784837159636947
}