{
    "Not Affected": {
        "precision": 0.9704447912602419,
        "recall": 0.960559980690321,
        "f1-score": 0.9654770858099421,
        "support": 20715.0
    },
    "Affected": {
        "precision": 0.128068303094984,
        "recall": 0.1652892561983471,
        "f1-score": 0.14431749849669273,
        "support": 726.0
    },
    "accuracy": 0.9336318268737466,
    "macro avg": {
        "precision": 0.549256547177613,
        "recall": 0.5629246184443341,
        "f1-score": 0.5548972921533174,
        "support": 21441.0
    },
    "weighted avg": {
        "precision": 0.9419216192809509,
        "recall": 0.9336318268737466,
        "f1-score": 0.9376723257526024,
        "support": 21441.0
    },
    "Accuracy": 0.9336318268737466,
    "F1 - Avg. Macro": 0.5548972921533174,
    "F1 - Positives": 0.14431749849669273
}