{
    "Not Affected": {
        "precision": 0.9721885670227999,
        "recall": 0.8521844074342264,
        "f1-score": 0.9082396522007563,
        "support": 20715.0
    },
    "Affected": {
        "precision": 0.0673164788303381,
        "recall": 0.3044077134986226,
        "f1-score": 0.11025193315041157,
        "support": 726.0
    },
    "accuracy": 0.8336364908353155,
    "macro avg": {
        "precision": 0.519752522926569,
        "recall": 0.5782960604664245,
        "f1-score": 0.5092457926755839,
        "support": 21441.0
    },
    "weighted avg": {
        "precision": 0.941549271466262,
        "recall": 0.8336364908353155,
        "f1-score": 0.8812194999676258,
        "support": 21441.0
    },
    "Accuracy": 0.8336364908353155,
    "F1 - Avg. Macro": 0.5092457926755839,
    "F1 - Positives": 0.11025193315041157
}