{
    "Not Affected": {
        "precision": 0.9710174507602817,
        "recall": 0.9186579773111272,
        "f1-score": 0.9441123210874904,
        "support": 20715.0
    },
    "Affected": {
        "precision": 0.08572978838849701,
        "recall": 0.21763085399449036,
        "f1-score": 0.12300506033476061,
        "support": 726.0
    },
    "accuracy": 0.8949209458514061,
    "macro avg": {
        "precision": 0.5283736195743893,
        "recall": 0.5681444156528088,
        "f1-score": 0.5335586907111255,
        "support": 21441.0
    },
    "weighted avg": {
        "precision": 0.9410412909318262,
        "recall": 0.8949209458514061,
        "f1-score": 0.9163093328263793,
        "support": 21441.0
    },
    "Accuracy": 0.8949209458514061,
    "F1 - Avg. Macro": 0.5335586907111255,
    "F1 - Positives": 0.12300506033476061
}