{
    "Not Affected": {
        "precision": 0.7037037037037037,
        "recall": 0.7450980392156863,
        "f1-score": 0.7238095238095238,
        "support": 51.0
    },
    "Affected": {
        "precision": 0.9281767955801105,
        "recall": 0.9130434782608695,
        "f1-score": 0.9205479452054794,
        "support": 184.0
    },
    "accuracy": 0.8765957446808511,
    "macro avg": {
        "precision": 0.815940249641907,
        "recall": 0.829070758738278,
        "f1-score": 0.8221787345075016,
        "support": 235.0
    },
    "weighted avg": {
        "precision": 0.8794613586196988,
        "recall": 0.8765957446808511,
        "f1-score": 0.8778515218386975,
        "support": 235.0
    },
    "Accuracy": 0.8765957446808511,
    "F1 - Avg. Macro": 0.8221787345075016,
    "F1 - Positives": 0.9205479452054794
}