{
    "Not Affected": {
        "precision": 0.9702259238940701,
        "recall": 0.9391262370263095,
        "f1-score": 0.9544228033164892,
        "support": 20715.0
    },
    "Affected": {
        "precision": 0.09280575539568345,
        "recall": 0.17768595041322313,
        "f1-score": 0.1219281663516068,
        "support": 726.0
    },
    "accuracy": 0.9133435940487851,
    "macro avg": {
        "precision": 0.5315158396448768,
        "recall": 0.5584060937197663,
        "f1-score": 0.538175484834048,
        "support": 21441.0
    },
    "weighted avg": {
        "precision": 0.9405161602482592,
        "recall": 0.9133435940487851,
        "f1-score": 0.9262342343860986,
        "support": 21441.0
    },
    "Accuracy": 0.9133435940487851,
    "F1 - Avg. Macro": 0.538175484834048,
    "F1 - Positives": 0.1219281663516068
}