{
    "Not Affected": {
        "precision": 0.9711514298637985,
        "recall": 0.9328023171614772,
        "f1-score": 0.9515906628582685,
        "support": 20715.0
    },
    "Affected": {
        "precision": 0.09844559585492228,
        "recall": 0.209366391184573,
        "f1-score": 0.13392070484581498,
        "support": 726.0
    },
    "accuracy": 0.9083065155543119,
    "macro avg": {
        "precision": 0.5347985128593604,
        "recall": 0.571084354173025,
        "f1-score": 0.5427556838520418,
        "support": 21441.0
    },
    "weighted avg": {
        "precision": 0.9416012952856331,
        "recall": 0.9083065155543119,
        "f1-score": 0.9239040629087774,
        "support": 21441.0
    },
    "Accuracy": 0.9083065155543119,
    "F1 - Avg. Macro": 0.5427556838520418,
    "F1 - Positives": 0.13392070484581498
}