{
    "Not Affected": {
        "precision": 0.9716001044113809,
        "recall": 0.8984310885831523,
        "f1-score": 0.9335841484825683,
        "support": 20715.0
    },
    "Affected": {
        "precision": 0.07961504811898512,
        "recall": 0.25068870523415976,
        "f1-score": 0.12084993359893759,
        "support": 726.0
    },
    "accuracy": 0.8764982976540273,
    "macro avg": {
        "precision": 0.5256075762651831,
        "recall": 0.574559896908656,
        "f1-score": 0.527217041040753,
        "support": 21441.0
    },
    "weighted avg": {
        "precision": 0.9413971684070771,
        "recall": 0.8764982976540273,
        "f1-score": 0.906064674577176,
        "support": 21441.0
    },
    "Accuracy": 0.8764982976540273,
    "F1 - Avg. Macro": 0.527217041040753,
    "F1 - Positives": 0.12084993359893759
}