{
    "Not Affected": {
        "precision": 0.7555555555555555,
        "recall": 0.6666666666666666,
        "f1-score": 0.7083333333333334,
        "support": 51.0
    },
    "Affected": {
        "precision": 0.9105263157894737,
        "recall": 0.9402173913043478,
        "f1-score": 0.9251336898395722,
        "support": 184.0
    },
    "accuracy": 0.8808510638297873,
    "macro avg": {
        "precision": 0.8330409356725146,
        "recall": 0.8034420289855072,
        "f1-score": 0.8167335115864528,
        "support": 235.0
    },
    "weighted avg": {
        "precision": 0.8768943635684957,
        "recall": 0.8808510638297873,
        "f1-score": 0.8780833997041757,
        "support": 235.0
    },
    "Accuracy": 0.8808510638297873,
    "F1 - Avg. Macro": 0.8167335115864528,
    "F1 - Positives": 0.9251336898395722
}