{
    "Not Affected": {
        "precision": 0.9708178996896586,
        "recall": 0.9362780593772628,
        "f1-score": 0.9532352001572753,
        "support": 20715.0
    },
    "Affected": {
        "precision": 0.09774436090225563,
        "recall": 0.19696969696969696,
        "f1-score": 0.1306532663316583,
        "support": 726.0
    },
    "accuracy": 0.9112448113427546,
    "macro avg": {
        "precision": 0.5342811302959571,
        "recall": 0.5666238781734799,
        "f1-score": 0.5419442332444668,
        "support": 21441.0
    },
    "weighted avg": {
        "precision": 0.9412553144949543,
        "recall": 0.9112448113427546,
        "f1-score": 0.9253822789335732,
        "support": 21441.0
    },
    "Accuracy": 0.9112448113427546,
    "F1 - Avg. Macro": 0.5419442332444668,
    "F1 - Positives": 0.1306532663316583
}