{
    "Not Affected": {
        "precision": 0.9697917685013198,
        "recall": 0.9577600772387159,
        "f1-score": 0.9637383722342312,
        "support": 20715.0
    },
    "Affected": {
        "precision": 0.10986775178026449,
        "recall": 0.1487603305785124,
        "f1-score": 0.12638970157987128,
        "support": 726.0
    },
    "accuracy": 0.9303670537754769,
    "macro avg": {
        "precision": 0.5398297601407921,
        "recall": 0.5532602039086142,
        "f1-score": 0.5450640369070512,
        "support": 21441.0
    },
    "weighted avg": {
        "precision": 0.9406744308706362,
        "recall": 0.9303670537754769,
        "f1-score": 0.9353854439708542,
        "support": 21441.0
    },
    "Accuracy": 0.9303670537754769,
    "F1 - Avg. Macro": 0.5450640369070512,
    "F1 - Positives": 0.12638970157987128
}