{
    "0": {
        "precision": 0.9713617172796175,
        "recall": 0.921844074342264,
        "f1-score": 0.9459553177787685,
        "support": 20715.0
    },
    "1": {
        "precision": 0.0914702581369248,
        "recall": 0.22451790633608815,
        "f1-score": 0.12998405103668262,
        "support": 726.0
    },
    "accuracy": 0.8982323585653654,
    "macro avg": {
        "precision": 0.5314159877082711,
        "recall": 0.573180990339176,
        "f1-score": 0.5379696844077255,
        "support": 21441.0
    },
    "weighted avg": {
        "precision": 0.9415682748404779,
        "recall": 0.8982323585653654,
        "f1-score": 0.9183262361289034,
        "support": 21441.0
    },
    "Accuracy": 0.8982323585653654,
    "F1 - Avg. Macro": 0.5379696844077255,
    "F1 - Positives": 0.12998405103668262
}