{
    "Not Affected": {
        "precision": 0.9734692758866414,
        "recall": 0.857301472363022,
        "f1-score": 0.9116997792494481,
        "support": 20715.0
    },
    "Affected": {
        "precision": 0.07567229518449031,
        "recall": 0.3333333333333333,
        "f1-score": 0.12334352701325178,
        "support": 726.0
    },
    "accuracy": 0.8395597220278905,
    "macro avg": {
        "precision": 0.5245707855355659,
        "recall": 0.5953174028481777,
        "f1-score": 0.5175216531313499,
        "support": 21441.0
    },
    "weighted avg": {
        "precision": 0.943069546023773,
        "recall": 0.8395597220278905,
        "f1-score": 0.8850057519595138,
        "support": 21441.0
    },
    "Accuracy": 0.8395597220278905,
    "F1 - Avg. Macro": 0.5175216531313499,
    "F1 - Positives": 0.12334352701325178
}