{
    "Not Affected": {
        "precision": 0.9759294265910523,
        "recall": 0.7476707699734492,
        "f1-score": 0.8466858001913352,
        "support": 20715.0
    },
    "Affected": {
        "precision": 0.06174833961586789,
        "recall": 0.4738292011019284,
        "f1-score": 0.10925837700492298,
        "support": 726.0
    },
    "accuracy": 0.7383983955972203,
    "macro avg": {
        "precision": 0.51883888310346,
        "recall": 0.6107499855376888,
        "f1-score": 0.4779720885981291,
        "support": 21441.0
    },
    "weighted avg": {
        "precision": 0.9449749249752702,
        "recall": 0.7383983955972203,
        "f1-score": 0.8217162414378566,
        "support": 21441.0
    },
    "Accuracy": 0.7383983955972203,
    "F1 - Avg. Macro": 0.4779720885981291,
    "F1 - Positives": 0.10925837700492298
}