{
    "Not Affected": {
        "precision": 0.9713075701429328,
        "recall": 0.8857349746560463,
        "f1-score": 0.9265496780709507,
        "support": 20715.0
    },
    "Affected": {
        "precision": 0.07212857702861623,
        "recall": 0.2534435261707989,
        "f1-score": 0.11229783338419286,
        "support": 726.0
    },
    "accuracy": 0.8643253579590504,
    "macro avg": {
        "precision": 0.5217180735857745,
        "recall": 0.5695892504134226,
        "f1-score": 0.5194237557275718,
        "support": 21441.0
    },
    "weighted avg": {
        "precision": 0.9408610448408949,
        "recall": 0.8643253579590504,
        "f1-score": 0.8989788166725743,
        "support": 21441.0
    },
    "Accuracy": 0.8643253579590504,
    "F1 - Avg. Macro": 0.5194237557275718,
    "F1 - Positives": 0.11229783338419286
}