{
    "Not Affected": {
        "precision": 0.717948717948718,
        "recall": 0.5490196078431373,
        "f1-score": 0.6222222222222222,
        "support": 51.0
    },
    "Affected": {
        "precision": 0.8826530612244898,
        "recall": 0.9402173913043478,
        "f1-score": 0.9105263157894737,
        "support": 184.0
    },
    "accuracy": 0.8553191489361702,
    "macro avg": {
        "precision": 0.800300889586604,
        "recall": 0.7446184995737426,
        "f1-score": 0.7663742690058479,
        "support": 235.0
    },
    "weighted avg": {
        "precision": 0.8469087143859181,
        "recall": 0.8553191489361702,
        "f1-score": 0.8479581933557298,
        "support": 235.0
    },
    "Accuracy": 0.8553191489361702,
    "F1 - Avg. Macro": 0.7663742690058479,
    "F1 - Positives": 0.9105263157894737
}