{
    "Not Affected": {
        "precision": 0.9701773506390567,
        "recall": 0.9454018826937002,
        "f1-score": 0.9576293978142344,
        "support": 20715.0
    },
    "Affected": {
        "precision": 0.09880478087649402,
        "recall": 0.17079889807162535,
        "f1-score": 0.12518929833417466,
        "support": 726.0
    },
    "accuracy": 0.9191735460099809,
    "macro avg": {
        "precision": 0.5344910657577754,
        "recall": 0.5581003903826628,
        "f1-score": 0.5414093480742045,
        "support": 21441.0
    },
    "weighted avg": {
        "precision": 0.9406723608695673,
        "recall": 0.9191735460099809,
        "f1-score": 0.9294426755427674,
        "support": 21441.0
    },
    "Accuracy": 0.9191735460099809,
    "F1 - Avg. Macro": 0.5414093480742045,
    "F1 - Positives": 0.12518929833417466
}