{
    "Not Affected": {
        "precision": 0.9754383927534549,
        "recall": 0.8109582428192131,
        "f1-score": 0.8856261697024014,
        "support": 20715.0
    },
    "Affected": {
        "precision": 0.07181796634273524,
        "recall": 0.41735537190082644,
        "f1-score": 0.12254802831142568,
        "support": 726.0
    },
    "accuracy": 0.79763070752297,
    "macro avg": {
        "precision": 0.523628179548095,
        "recall": 0.6141568073600198,
        "f1-score": 0.5040870990069135,
        "support": 21441.0
    },
    "weighted avg": {
        "precision": 0.9448414789166851,
        "recall": 0.79763070752297,
        "f1-score": 0.8597880683708474,
        "support": 21441.0
    },
    "Accuracy": 0.79763070752297,
    "F1 - Avg. Macro": 0.5040870990069135,
    "F1 - Positives": 0.12254802831142568
}