{
    "Not Affected": {
        "precision": 0.7272727272727273,
        "recall": 0.47058823529411764,
        "f1-score": 0.5714285714285714,
        "support": 51.0
    },
    "Affected": {
        "precision": 0.8663366336633663,
        "recall": 0.9510869565217391,
        "f1-score": 0.9067357512953368,
        "support": 184.0
    },
    "accuracy": 0.8468085106382979,
    "macro avg": {
        "precision": 0.7968046804680469,
        "recall": 0.7108375959079284,
        "f1-score": 0.739082161361954,
        "support": 235.0
    },
    "weighted avg": {
        "precision": 0.8361568071700788,
        "recall": 0.8468085106382979,
        "f1-score": 0.8339669590689324,
        "support": 235.0
    },
    "Accuracy": 0.8468085106382979,
    "F1 - Avg. Macro": 0.739082161361954,
    "F1 - Positives": 0.9067357512953368
}