{
    "Not Affected": {
        "precision": 0.9719741645605167,
        "recall": 0.8354332609220372,
        "f1-score": 0.8985462097611631,
        "support": 20715.0
    },
    "Affected": {
        "precision": 0.06243124312431243,
        "recall": 0.31267217630853994,
        "f1-score": 0.10408069692801467,
        "support": 726.0
    },
    "accuracy": 0.8177323818851733,
    "macro avg": {
        "precision": 0.5172027038424145,
        "recall": 0.5740527186152886,
        "f1-score": 0.5013134533445889,
        "support": 21441.0
    },
    "weighted avg": {
        "precision": 0.9411767129042187,
        "recall": 0.8177323818851733,
        "f1-score": 0.8716453207020304,
        "support": 21441.0
    },
    "Accuracy": 0.8177323818851733,
    "F1 - Avg. Macro": 0.5013134533445889,
    "F1 - Positives": 0.10408069692801467
}