{
    "Not Affected": {
        "precision": 0.9701142390860873,
        "recall": 0.9182717837315955,
        "f1-score": 0.9434813877935669,
        "support": 20715.0
    },
    "Affected": {
        "precision": 0.07637752318603383,
        "recall": 0.1928374655647383,
        "f1-score": 0.10941774130519734,
        "support": 726.0
    },
    "accuracy": 0.8937083158434774,
    "macro avg": {
        "precision": 0.5232458811360605,
        "recall": 0.5555546246481669,
        "f1-score": 0.5264495645493822,
        "support": 21441.0
    },
    "weighted avg": {
        "precision": 0.9398519912551354,
        "recall": 0.8937083158434774,
        "f1-score": 0.9152396916343133,
        "support": 21441.0
    },
    "Accuracy": 0.8937083158434774,
    "F1 - Avg. Macro": 0.5264495645493822,
    "F1 - Positives": 0.10941774130519734
}