{
    "Not Affected": {
        "precision": 0.9688940092165899,
        "recall": 0.9743664011585808,
        "f1-score": 0.9716224998194816,
        "support": 20715.0
    },
    "Affected": {
        "precision": 0.12807881773399016,
        "recall": 0.10743801652892562,
        "f1-score": 0.11685393258426967,
        "support": 726.0
    },
    "accuracy": 0.9450118931020008,
    "macro avg": {
        "precision": 0.54848641347529,
        "recall": 0.5409022088437532,
        "f1-score": 0.5442382162018756,
        "support": 21441.0
    },
    "weighted avg": {
        "precision": 0.9404237033065872,
        "recall": 0.9450118931020008,
        "f1-score": 0.9426797275694577,
        "support": 21441.0
    },
    "Accuracy": 0.9450118931020008,
    "F1 - Avg. Macro": 0.5442382162018756,
    "F1 - Positives": 0.11685393258426967
}