{
    "Not Affected": {
        "precision": 0.9747137404580153,
        "recall": 0.7889934829833454,
        "f1-score": 0.8720753408211722,
        "support": 20715.0
    },
    "Affected": {
        "precision": 0.06462657821527927,
        "recall": 0.41597796143250687,
        "f1-score": 0.1118725689942582,
        "support": 726.0
    },
    "accuracy": 0.7763630427685276,
    "macro avg": {
        "precision": 0.5196701593366473,
        "recall": 0.6024857222079261,
        "f1-score": 0.4919739549077152,
        "support": 21441.0
    },
    "weighted avg": {
        "precision": 0.9438978606115422,
        "recall": 0.7763630427685276,
        "f1-score": 0.8463346005410388,
        "support": 21441.0
    },
    "Accuracy": 0.7763630427685276,
    "F1 - Avg. Macro": 0.4919739549077152,
    "F1 - Positives": 0.1118725689942582
}