{
    "Not Affected": {
        "precision": 0.9705645161290323,
        "recall": 0.9295679459328988,
        "f1-score": 0.9496239674516089,
        "support": 20715.0
    },
    "Affected": {
        "precision": 0.0886945658963148,
        "recall": 0.19559228650137742,
        "f1-score": 0.12204555221314999,
        "support": 726.0
    },
    "accuracy": 0.9047152651462151,
    "macro avg": {
        "precision": 0.5296295410126736,
        "recall": 0.5625801162171381,
        "f1-score": 0.5358347598323795,
        "support": 21441.0
    },
    "weighted avg": {
        "precision": 0.9407040812673676,
        "recall": 0.9047152651462151,
        "f1-score": 0.921601863563585,
        "support": 21441.0
    },
    "Accuracy": 0.9047152651462151,
    "F1 - Avg. Macro": 0.5358347598323795,
    "F1 - Positives": 0.12204555221314999
}