{
    "Not Affected": {
        "precision": 0.9698610543522681,
        "recall": 0.9165339126237027,
        "f1-score": 0.9424437219230101,
        "support": 20715.0
    },
    "Affected": {
        "precision": 0.07292225201072386,
        "recall": 0.18732782369146006,
        "f1-score": 0.10497877267464299,
        "support": 726.0
    },
    "accuracy": 0.8918427312158947,
    "macro avg": {
        "precision": 0.5213916531814959,
        "recall": 0.5519308681575814,
        "f1-score": 0.5237112472988266,
        "support": 21441.0
    },
    "weighted avg": {
        "precision": 0.9394903827184843,
        "recall": 0.8918427312158947,
        "f1-score": 0.9140868564244644,
        "support": 21441.0
    },
    "Accuracy": 0.8918427312158947,
    "F1 - Avg. Macro": 0.5237112472988266,
    "F1 - Positives": 0.10497877267464299
}