{
    "Not Affected": {
        "precision": 0.9719784286771703,
        "recall": 0.8874728457639391,
        "f1-score": 0.9278053950389866,
        "support": 20715.0
    },
    "Affected": {
        "precision": 0.07756232686980609,
        "recall": 0.2699724517906336,
        "f1-score": 0.12050415001537043,
        "support": 726.0
    },
    "accuracy": 0.8665640595121497,
    "macro avg": {
        "precision": 0.5247703777734882,
        "recall": 0.5787226487772864,
        "f1-score": 0.5241547725271786,
        "support": 21441.0
    },
    "weighted avg": {
        "precision": 0.9416931765941451,
        "recall": 0.8665640595121497,
        "f1-score": 0.9004698834543056,
        "support": 21441.0
    },
    "Accuracy": 0.8665640595121497,
    "F1 - Avg. Macro": 0.5241547725271786,
    "F1 - Positives": 0.12050415001537043
}