{
    "Not Affected": {
        "precision": 0.7435897435897436,
        "recall": 0.5686274509803921,
        "f1-score": 0.6444444444444445,
        "support": 51.0
    },
    "Affected": {
        "precision": 0.8877551020408163,
        "recall": 0.9456521739130435,
        "f1-score": 0.9157894736842105,
        "support": 184.0
    },
    "accuracy": 0.8638297872340426,
    "macro avg": {
        "precision": 0.81567242281528,
        "recall": 0.7571398124467178,
        "f1-score": 0.7801169590643275,
        "support": 235.0
    },
    "weighted avg": {
        "precision": 0.8564681519088815,
        "recall": 0.8638297872340426,
        "f1-score": 0.8569018290406868,
        "support": 235.0
    },
    "Accuracy": 0.8638297872340426,
    "F1 - Avg. Macro": 0.7801169590643275,
    "F1 - Positives": 0.9157894736842105
}