{
    "Not Affected": {
        "precision": 0.9706423844354879,
        "recall": 0.9416847694907072,
        "f1-score": 0.9559443300989905,
        "support": 20715.0
    },
    "Affected": {
        "precision": 0.10119047619047619,
        "recall": 0.18732782369146006,
        "f1-score": 0.13140096618357489,
        "support": 726.0
    },
    "accuracy": 0.916141970990159,
    "macro avg": {
        "precision": 0.5359164303129821,
        "recall": 0.5645062965910836,
        "f1-score": 0.5436726481412827,
        "support": 21441.0
    },
    "weighted avg": {
        "precision": 0.9412024289583237,
        "recall": 0.916141970990159,
        "f1-score": 0.9280249941443899,
        "support": 21441.0
    },
    "Accuracy": 0.916141970990159,
    "F1 - Avg. Macro": 0.5436726481412827,
    "F1 - Positives": 0.13140096618357489
}