{
    "Not Affected": {
        "precision": 0.9795256782119093,
        "recall": 0.5542843350229303,
        "f1-score": 0.7079569627277492,
        "support": 20715.0
    },
    "Affected": {
        "precision": 0.050005144562197755,
        "recall": 0.6694214876033058,
        "f1-score": 0.09305887984681666,
        "support": 726.0
    },
    "accuracy": 0.5581829205727344,
    "macro avg": {
        "precision": 0.5147654113870536,
        "recall": 0.611852911313118,
        "f1-score": 0.40050792128728296,
        "support": 21441.0
    },
    "weighted avg": {
        "precision": 0.9480517773943312,
        "recall": 0.5581829205727344,
        "f1-score": 0.6871362916689573,
        "support": 21441.0
    },
    "Accuracy": 0.5581829205727344,
    "F1 - Avg. Macro": 0.40050792128728296,
    "F1 - Positives": 0.09305887984681666
}