{
    "Not Affected": {
        "precision": 0.9716335540838852,
        "recall": 0.8499155201544775,
        "f1-score": 0.9067078666151668,
        "support": 20715.0
    },
    "Affected": {
        "precision": 0.06383619391749473,
        "recall": 0.29201101928374656,
        "f1-score": 0.10476896466518408,
        "support": 726.0
    },
    "accuracy": 0.8310246723566997,
    "macro avg": {
        "precision": 0.51773487400069,
        "recall": 0.570963269719112,
        "f1-score": 0.5057384156401754,
        "support": 21441.0
    },
    "weighted avg": {
        "precision": 0.9408952077623144,
        "recall": 0.8310246723566997,
        "f1-score": 0.8795539259027146,
        "support": 21441.0
    },
    "Accuracy": 0.8310246723566997,
    "F1 - Avg. Macro": 0.5057384156401754,
    "F1 - Positives": 0.10476896466518408
}