{
    "Not Affected": {
        "precision": 0.9683547347665079,
        "recall": 0.9720009654839489,
        "f1-score": 0.9701744242073818,
        "support": 20715.0
    },
    "Affected": {
        "precision": 0.10493827160493827,
        "recall": 0.09366391184573003,
        "f1-score": 0.09898107714701601,
        "support": 726.0
    },
    "accuracy": 0.9422601557763164,
    "macro avg": {
        "precision": 0.536646503185723,
        "recall": 0.5328324386648394,
        "f1-score": 0.5345777506771989,
        "support": 21441.0
    },
    "weighted avg": {
        "precision": 0.9391191416386081,
        "recall": 0.9422601557763164,
        "f1-score": 0.9406755029832865,
        "support": 21441.0
    },
    "Accuracy": 0.9422601557763164,
    "F1 - Avg. Macro": 0.5345777506771989,
    "F1 - Positives": 0.09898107714701601
}