{
    "Not Affected": {
        "precision": 0.9733066590454416,
        "recall": 0.8220130340333092,
        "f1-score": 0.8912850039256739,
        "support": 20715.0
    },
    "Affected": {
        "precision": 0.06563608717688799,
        "recall": 0.35674931129476584,
        "f1-score": 0.11087328767123288,
        "support": 726.0
    },
    "accuracy": 0.8062590364255399,
    "macro avg": {
        "precision": 0.5194713731111648,
        "recall": 0.5893811726640374,
        "f1-score": 0.5010791457984534,
        "support": 21441.0
    },
    "weighted avg": {
        "precision": 0.9425726058214048,
        "recall": 0.8062590364255399,
        "f1-score": 0.864859981491985,
        "support": 21441.0
    },
    "Accuracy": 0.8062590364255399,
    "F1 - Avg. Macro": 0.5010791457984534,
    "F1 - Positives": 0.11087328767123288
}