{
    "Not Affected": {
        "precision": 0.9705971049457177,
        "recall": 0.9322230267921796,
        "f1-score": 0.9510231218142867,
        "support": 20715.0
    },
    "Affected": {
        "precision": 0.0912621359223301,
        "recall": 0.19421487603305784,
        "f1-score": 0.12417437252311757,
        "support": 726.0
    },
    "accuracy": 0.9072338043934518,
    "macro avg": {
        "precision": 0.5309296204340239,
        "recall": 0.5632189514126187,
        "f1-score": 0.5375987471687022,
        "support": 21441.0
    },
    "weighted avg": {
        "precision": 0.9408225054629054,
        "recall": 0.9072338043934518,
        "f1-score": 0.9230257246786405,
        "support": 21441.0
    },
    "Accuracy": 0.9072338043934518,
    "F1 - Avg. Macro": 0.5375987471687022,
    "F1 - Positives": 0.12417437252311757
}