{
    "Not Affected": {
        "precision": 0.9747415340803566,
        "recall": 0.7600772387159064,
        "f1-score": 0.8541282412932625,
        "support": 20715.0
    },
    "Affected": {
        "precision": 0.06013615733736762,
        "recall": 0.4380165289256198,
        "f1-score": 0.10575324243431992,
        "support": 726.0
    },
    "accuracy": 0.7491721468215102,
    "macro avg": {
        "precision": 0.5174388457088621,
        "recall": 0.5990468838207631,
        "f1-score": 0.4799407418637912,
        "support": 21441.0
    },
    "weighted avg": {
        "precision": 0.9437726658598721,
        "recall": 0.7491721468215102,
        "f1-score": 0.8287879936755398,
        "support": 21441.0
    },
    "Accuracy": 0.7491721468215102,
    "F1 - Avg. Macro": 0.4799407418637912,
    "F1 - Positives": 0.10575324243431992
}