{
    "Not Affected": {
        "precision": 0.97546090273363,
        "recall": 0.7407192855418778,
        "f1-score": 0.8420359445740156,
        "support": 20715.0
    },
    "Affected": {
        "precision": 0.059534232183505516,
        "recall": 0.46831955922865015,
        "f1-score": 0.10563927295323909,
        "support": 726.0
    },
    "accuracy": 0.7314957324751644,
    "macro avg": {
        "precision": 0.5174975674585678,
        "recall": 0.604519422385264,
        "f1-score": 0.47383760876362735,
        "support": 21441.0
    },
    "weighted avg": {
        "precision": 0.9444472950278611,
        "recall": 0.7314957324751644,
        "f1-score": 0.8171012874406411,
        "support": 21441.0
    },
    "Accuracy": 0.7314957324751644,
    "F1 - Avg. Macro": 0.47383760876362735,
    "F1 - Positives": 0.10563927295323909
}