{
    "Not Affected": {
        "precision": 0.9697265625,
        "recall": 0.9587255611875453,
        "f1-score": 0.964194683820852,
        "support": 20715.0
    },
    "Affected": {
        "precision": 0.11030176899063475,
        "recall": 0.14600550964187328,
        "f1-score": 0.12566686425607587,
        "support": 726.0
    },
    "accuracy": 0.931206566857889,
    "macro avg": {
        "precision": 0.5400141657453174,
        "recall": 0.5523655354147092,
        "f1-score": 0.5449307740384639,
        "support": 21441.0
    },
    "weighted avg": {
        "precision": 0.9406261287474792,
        "recall": 0.931206566857889,
        "f1-score": 0.9358018291497067,
        "support": 21441.0
    },
    "Accuracy": 0.931206566857889,
    "F1 - Avg. Macro": 0.5449307740384639,
    "F1 - Positives": 0.12566686425607587
}