{
    "Not Affected": {
        "precision": 0.9711392405063292,
        "recall": 0.9258991069273473,
        "f1-score": 0.9479797355739528,
        "support": 20715.0
    },
    "Affected": {
        "precision": 0.09225310467179183,
        "recall": 0.21487603305785125,
        "f1-score": 0.12908564335953662,
        "support": 726.0
    },
    "accuracy": 0.901823608973462,
    "macro avg": {
        "precision": 0.5316961725890605,
        "recall": 0.5703875699925993,
        "f1-score": 0.5385326894667447,
        "support": 21441.0
    },
    "weighted avg": {
        "precision": 0.9413798386773158,
        "recall": 0.901823608973462,
        "f1-score": 0.9202516859984821,
        "support": 21441.0
    },
    "Accuracy": 0.901823608973462,
    "F1 - Avg. Macro": 0.5385326894667447,
    "F1 - Positives": 0.12908564335953662
}