{
    "Not Affected": {
        "precision": 0.825,
        "recall": 0.6470588235294118,
        "f1-score": 0.7252747252747253,
        "support": 51.0
    },
    "Affected": {
        "precision": 0.9076923076923077,
        "recall": 0.9619565217391305,
        "f1-score": 0.9340369393139841,
        "support": 184.0
    },
    "accuracy": 0.8936170212765957,
    "macro avg": {
        "precision": 0.8663461538461539,
        "recall": 0.8045076726342711,
        "f1-score": 0.8296558322943547,
        "support": 235.0
    },
    "weighted avg": {
        "precision": 0.889746317512275,
        "recall": 0.8936170212765957,
        "f1-score": 0.8887310971182301,
        "support": 235.0
    },
    "Accuracy": 0.8936170212765957,
    "F1 - Avg. Macro": 0.8296558322943547,
    "F1 - Positives": 0.9340369393139841
}