{
    "Not Affected": {
        "precision": 0.9754402224281742,
        "recall": 0.8129374849143133,
        "f1-score": 0.8868058663998526,
        "support": 20715.0
    },
    "Affected": {
        "precision": 0.0723006942781901,
        "recall": 0.41597796143250687,
        "f1-score": 0.12318988374464614,
        "support": 726.0
    },
    "accuracy": 0.7994962921505527,
    "macro avg": {
        "precision": 0.5238704583531821,
        "recall": 0.6144577231734101,
        "f1-score": 0.5049978750722494,
        "support": 21441.0
    },
    "weighted avg": {
        "precision": 0.9448595919801126,
        "recall": 0.7994962921505527,
        "f1-score": 0.8609495535689362,
        "support": 21441.0
    },
    "Accuracy": 0.7994962921505527,
    "F1 - Avg. Macro": 0.5049978750722494,
    "F1 - Positives": 0.12318988374464614
}