{
    "Not Affected": {
        "precision": 0.5849056603773585,
        "recall": 0.6078431372549019,
        "f1-score": 0.5961538461538461,
        "support": 51.0
    },
    "Affected": {
        "precision": 0.8901098901098901,
        "recall": 0.8804347826086957,
        "f1-score": 0.8852459016393442,
        "support": 184.0
    },
    "accuracy": 0.8212765957446808,
    "macro avg": {
        "precision": 0.7375077752436243,
        "recall": 0.7441389599317988,
        "f1-score": 0.7406998738965952,
        "support": 235.0
    },
    "weighted avg": {
        "precision": 0.8238740785509151,
        "recall": 0.8212765957446808,
        "f1-score": 0.8225067747041936,
        "support": 235.0
    },
    "Accuracy": 0.8212765957446808,
    "F1 - Avg. Macro": 0.7406998738965952,
    "F1 - Positives": 0.8852459016393442
}