{
    "Not Affected": {
        "precision": 0.9769702222497368,
        "recall": 0.7618151098237992,
        "f1-score": 0.8560811543886298,
        "support": 20715.0
    },
    "Affected": {
        "precision": 0.06694402420574887,
        "recall": 0.48760330578512395,
        "f1-score": 0.11772530761556368,
        "support": 726.0
    },
    "accuracy": 0.752530199151159,
    "macro avg": {
        "precision": 0.5219571232277429,
        "recall": 0.6247092078044616,
        "f1-score": 0.4869032310020967,
        "support": 21441.0
    },
    "weighted avg": {
        "precision": 0.9461564066730411,
        "recall": 0.752530199151159,
        "f1-score": 0.8310801588773548,
        "support": 21441.0
    },
    "Accuracy": 0.752530199151159,
    "F1 - Avg. Macro": 0.4869032310020967,
    "F1 - Positives": 0.11772530761556368
}