{
    "Not Affected": {
        "precision": 0.9709270157436749,
        "recall": 0.9318368332126479,
        "f1-score": 0.9509803921568627,
        "support": 20715.0
    },
    "Affected": {
        "precision": 0.09487179487179487,
        "recall": 0.20385674931129477,
        "f1-score": 0.1294838145231846,
        "support": 726.0
    },
    "accuracy": 0.9071871647777622,
    "macro avg": {
        "precision": 0.5328994053077349,
        "recall": 0.5678467912619714,
        "f1-score": 0.5402321033400237,
        "support": 21441.0
    },
    "weighted avg": {
        "precision": 0.9412634697172311,
        "recall": 0.9071871647777622,
        "f1-score": 0.9231642214856228,
        "support": 21441.0
    },
    "Accuracy": 0.9071871647777622,
    "F1 - Avg. Macro": 0.5402321033400237,
    "F1 - Positives": 0.1294838145231846
}