{
    "Not Affected": {
        "precision": 0.9686556994062104,
        "recall": 0.9607530774800869,
        "f1-score": 0.9646882043576258,
        "support": 20715.0
    },
    "Affected": {
        "precision": 0.09162011173184358,
        "recall": 0.11294765840220386,
        "f1-score": 0.1011721159777915,
        "support": 726.0
    },
    "accuracy": 0.9320460799403013,
    "macro avg": {
        "precision": 0.530137905569027,
        "recall": 0.5368503679411454,
        "f1-score": 0.5329301601677087,
        "support": 21441.0
    },
    "weighted avg": {
        "precision": 0.9389589578059311,
        "recall": 0.9320460799403013,
        "f1-score": 0.9354492378838718,
        "support": 21441.0
    },
    "Accuracy": 0.9320460799403013,
    "F1 - Avg. Macro": 0.5329301601677087,
    "F1 - Positives": 0.1011721159777915
}