{
    "Not Affected": {
        "precision": 0.9742133146103275,
        "recall": 0.736809075549119,
        "f1-score": 0.8390412841515035,
        "support": 20715.0
    },
    "Affected": {
        "precision": 0.05576723242119848,
        "recall": 0.44352617079889806,
        "f1-score": 0.09907692307692308,
        "support": 726.0
    },
    "accuracy": 0.7268784105218973,
    "macro avg": {
        "precision": 0.514990273515763,
        "recall": 0.5901676231740085,
        "f1-score": 0.46905910361421327,
        "support": 21441.0
    },
    "weighted avg": {
        "precision": 0.9431143987169779,
        "recall": 0.7268784105218973,
        "f1-score": 0.8139858237653206,
        "support": 21441.0
    },
    "Accuracy": 0.7268784105218973,
    "F1 - Avg. Macro": 0.46905910361421327,
    "F1 - Positives": 0.09907692307692308
}