{
    "Not Affected": {
        "precision": 0.9714548802946593,
        "recall": 0.9167270094134685,
        "f1-score": 0.9432978168541838,
        "support": 20715.0
    },
    "Affected": {
        "precision": 0.08874801901743265,
        "recall": 0.23140495867768596,
        "f1-score": 0.12829324169530354,
        "support": 726.0
    },
    "accuracy": 0.8935217573807192,
    "macro avg": {
        "precision": 0.530101449656046,
        "recall": 0.5740659840455773,
        "f1-score": 0.5357955292747436,
        "support": 21441.0
    },
    "weighted avg": {
        "precision": 0.9415661073229104,
        "recall": 0.8935217573807192,
        "f1-score": 0.9157014677302927,
        "support": 21441.0
    },
    "Accuracy": 0.8935217573807192,
    "F1 - Avg. Macro": 0.5357955292747436,
    "F1 - Positives": 0.12829324169530354
}