{
    "Not Affected": {
        "precision": 0.9709942608965411,
        "recall": 0.9065894279507604,
        "f1-score": 0.9376872378669863,
        "support": 20715.0
    },
    "Affected": {
        "precision": 0.07857142857142857,
        "recall": 0.22727272727272727,
        "f1-score": 0.11677282377919321,
        "support": 726.0
    },
    "accuracy": 0.8835875192388415,
    "macro avg": {
        "precision": 0.5247828447339848,
        "recall": 0.5669310776117438,
        "f1-score": 0.5272300308230897,
        "support": 21441.0
    },
    "weighted avg": {
        "precision": 0.9407765016377364,
        "recall": 0.8835875192388415,
        "f1-score": 0.9098907794635658,
        "support": 21441.0
    },
    "Accuracy": 0.8835875192388415,
    "F1 - Avg. Macro": 0.5272300308230897,
    "F1 - Positives": 0.11677282377919321
}