{
    "Not Affected": {
        "precision": 0.9729128014842301,
        "recall": 0.7594496741491673,
        "f1-score": 0.8530296868645791,
        "support": 20715.0
    },
    "Affected": {
        "precision": 0.05463858850313034,
        "recall": 0.39669421487603307,
        "f1-score": 0.096048024012006,
        "support": 726.0
    },
    "accuracy": 0.7471666433468588,
    "macro avg": {
        "precision": 0.5137756949936803,
        "recall": 0.5780719445126001,
        "f1-score": 0.47453885543829255,
        "support": 21441.0
    },
    "weighted avg": {
        "precision": 0.9418197051443075,
        "recall": 0.7471666433468588,
        "f1-score": 0.8273980144971071,
        "support": 21441.0
    },
    "Accuracy": 0.7471666433468588,
    "F1 - Avg. Macro": 0.47453885543829255,
    "F1 - Positives": 0.096048024012006
}