{
    "Not Affected": {
        "precision": 0.8333333333333334,
        "recall": 0.49019607843137253,
        "f1-score": 0.6172839506172839,
        "support": 51.0
    },
    "Affected": {
        "precision": 0.8731707317073171,
        "recall": 0.9728260869565217,
        "f1-score": 0.9203084832904884,
        "support": 184.0
    },
    "accuracy": 0.8680851063829788,
    "macro avg": {
        "precision": 0.8532520325203252,
        "recall": 0.7315110826939472,
        "f1-score": 0.7687962169538862,
        "support": 235.0
    },
    "weighted avg": {
        "precision": 0.8645251686559419,
        "recall": 0.8680851063829788,
        "f1-score": 0.8545457123699206,
        "support": 235.0
    },
    "Accuracy": 0.8680851063829788,
    "F1 - Avg. Macro": 0.7687962169538862,
    "F1 - Positives": 0.9203084832904884
}