{
    "Not Affected": {
        "precision": 0.8571428571428571,
        "recall": 0.5882352941176471,
        "f1-score": 0.6976744186046512,
        "support": 51.0
    },
    "Affected": {
        "precision": 0.895,
        "recall": 0.9728260869565217,
        "f1-score": 0.9322916666666666,
        "support": 184.0
    },
    "accuracy": 0.8893617021276595,
    "macro avg": {
        "precision": 0.8760714285714286,
        "recall": 0.7805306905370843,
        "f1-score": 0.8149830426356589,
        "support": 235.0
    },
    "weighted avg": {
        "precision": 0.8867841945288755,
        "recall": 0.8893617021276595,
        "f1-score": 0.8813747319808676,
        "support": 235.0
    },
    "Accuracy": 0.8893617021276595,
    "F1 - Avg. Macro": 0.8149830426356589,
    "F1 - Positives": 0.9322916666666666
}