{
    "Not Affected": {
        "precision": 0.9683435348125479,
        "recall": 0.9775524981897176,
        "f1-score": 0.9729262257669301,
        "support": 20715.0
    },
    "Affected": {
        "precision": 0.12098298676748583,
        "recall": 0.0881542699724518,
        "f1-score": 0.10199203187250996,
        "support": 726.0
    },
    "accuracy": 0.9474371531178583,
    "macro avg": {
        "precision": 0.5446632607900168,
        "recall": 0.5328533840810847,
        "f1-score": 0.53745912881972,
        "support": 21441.0
    },
    "weighted avg": {
        "precision": 0.939651600766528,
        "recall": 0.9474371531178583,
        "f1-score": 0.9434360795625857,
        "support": 21441.0
    },
    "Accuracy": 0.9474371531178583,
    "F1 - Avg. Macro": 0.53745912881972,
    "F1 - Positives": 0.10199203187250996
}