{
    "Not Affected": {
        "precision": 0.971802919344393,
        "recall": 0.9416847694907072,
        "f1-score": 0.9565068157301168,
        "support": 20715.0
    },
    "Affected": {
        "precision": 0.11695906432748537,
        "recall": 0.22038567493112948,
        "f1-score": 0.15281757402101243,
        "support": 726.0
    },
    "accuracy": 0.9172613217667086,
    "macro avg": {
        "precision": 0.5443809918359392,
        "recall": 0.5810352222109183,
        "f1-score": 0.5546621948755646,
        "support": 21441.0
    },
    "weighted avg": {
        "precision": 0.9428575978229028,
        "recall": 0.9172613217667086,
        "f1-score": 0.9292936078815646,
        "support": 21441.0
    },
    "Accuracy": 0.9172613217667086,
    "F1 - Avg. Macro": 0.5546621948755646,
    "F1 - Positives": 0.15281757402101243
}