{
    "Not Affected": {
        "precision": 0.775,
        "recall": 0.6078431372549019,
        "f1-score": 0.6813186813186813,
        "support": 51.0
    },
    "Affected": {
        "precision": 0.8974358974358975,
        "recall": 0.9510869565217391,
        "f1-score": 0.9234828496042217,
        "support": 184.0
    },
    "accuracy": 0.8765957446808511,
    "macro avg": {
        "precision": 0.8362179487179487,
        "recall": 0.7794650468883205,
        "f1-score": 0.8024007654614516,
        "support": 235.0
    },
    "weighted avg": {
        "precision": 0.8708647026732134,
        "recall": 0.8765957446808511,
        "f1-score": 0.870928072657147,
        "support": 235.0
    },
    "Accuracy": 0.8765957446808511,
    "F1 - Avg. Macro": 0.8024007654614516,
    "F1 - Positives": 0.9234828496042217
}