{
    "Not Affected": {
        "precision": 0.9759723317759844,
        "recall": 0.7764904658460053,
        "f1-score": 0.8648779438649317,
        "support": 20715.0
    },
    "Affected": {
        "precision": 0.06653225806451613,
        "recall": 0.45454545454545453,
        "f1-score": 0.1160745691171298,
        "support": 726.0
    },
    "accuracy": 0.7655892915442377,
    "macro avg": {
        "precision": 0.5212522949202503,
        "recall": 0.6155179601957299,
        "f1-score": 0.4904762564910307,
        "support": 21441.0
    },
    "weighted avg": {
        "precision": 0.945178362580773,
        "recall": 0.7655892915442377,
        "f1-score": 0.8395231912849724,
        "support": 21441.0
    },
    "Accuracy": 0.7655892915442377,
    "F1 - Avg. Macro": 0.4904762564910307,
    "F1 - Positives": 0.1160745691171298
}