{
    "Not Affected": {
        "precision": 0.9770992366412213,
        "recall": 0.7353125754284335,
        "f1-score": 0.8391361833406787,
        "support": 20715.0
    },
    "Affected": {
        "precision": 0.06305536568694463,
        "recall": 0.5082644628099173,
        "f1-score": 0.11219215567041654,
        "support": 726.0
    },
    "accuracy": 0.7276246443729304,
    "macro avg": {
        "precision": 0.520077301164083,
        "recall": 0.6217885191191754,
        "f1-score": 0.47566416950554763,
        "support": 21441.0
    },
    "weighted avg": {
        "precision": 0.9461493812094409,
        "recall": 0.7276246443729304,
        "f1-score": 0.8145215961437844,
        "support": 21441.0
    },
    "Accuracy": 0.7276246443729304,
    "F1 - Avg. Macro": 0.47566416950554763,
    "F1 - Positives": 0.11219215567041654
}