{
    "Not Affected": {
        "precision": 0.9723494486853266,
        "recall": 0.8301230992034757,
        "f1-score": 0.895625,
        "support": 20715.0
    },
    "Affected": {
        "precision": 0.06309904153354633,
        "recall": 0.32644628099173556,
        "f1-score": 0.10575635876840696,
        "support": 726.0
    },
    "accuracy": 0.8130684203162166,
    "macro avg": {
        "precision": 0.5177242451094365,
        "recall": 0.5782846900976056,
        "f1-score": 0.5006906793842035,
        "support": 21441.0
    },
    "weighted avg": {
        "precision": 0.941561901668294,
        "recall": 0.8130684203162166,
        "f1-score": 0.8688797626727235,
        "support": 21441.0
    },
    "Accuracy": 0.8130684203162166,
    "F1 - Avg. Macro": 0.5006906793842035,
    "F1 - Positives": 0.10575635876840696
}