{
    "Not Affected": {
        "precision": 0.9737470167064439,
        "recall": 0.8469225199131064,
        "f1-score": 0.9059175875245276,
        "support": 20715.0
    },
    "Affected": {
        "precision": 0.07389018691588785,
        "recall": 0.3484848484848485,
        "f1-score": 0.12192771084337349,
        "support": 726.0
    },
    "accuracy": 0.8300452404272188,
    "macro avg": {
        "precision": 0.5238186018111659,
        "recall": 0.5977036841989775,
        "f1-score": 0.5139226491839505,
        "support": 21441.0
    },
    "weighted avg": {
        "precision": 0.943277539609856,
        "recall": 0.8300452404272188,
        "f1-score": 0.8793714072871077,
        "support": 21441.0
    },
    "Accuracy": 0.8300452404272188,
    "F1 - Avg. Macro": 0.5139226491839505,
    "F1 - Positives": 0.12192771084337349
}