{
    "Not Affected": {
        "precision": 0.9706081256827759,
        "recall": 0.9006999758629013,
        "f1-score": 0.934348239771646,
        "support": 20715.0
    },
    "Affected": {
        "precision": 0.07258791704238052,
        "recall": 0.22176308539944903,
        "f1-score": 0.109375,
        "support": 726.0
    },
    "accuracy": 0.877710927661956,
    "macro avg": {
        "precision": 0.5215980213625782,
        "recall": 0.5612315306311751,
        "f1-score": 0.521861619885823,
        "support": 21441.0
    },
    "weighted avg": {
        "precision": 0.9402008372413354,
        "recall": 0.877710927661956,
        "f1-score": 0.9064143480653724,
        "support": 21441.0
    },
    "Accuracy": 0.877710927661956,
    "F1 - Avg. Macro": 0.521861619885823,
    "F1 - Positives": 0.109375
}