{
    "Not Affected": {
        "precision": 0.9712088245711683,
        "recall": 0.9265749456915279,
        "f1-score": 0.9483670141805425,
        "support": 20715.0
    },
    "Affected": {
        "precision": 0.0935637663885578,
        "recall": 0.2162534435261708,
        "f1-score": 0.13061564059900166,
        "support": 726.0
    },
    "accuracy": 0.9025232032088055,
    "macro avg": {
        "precision": 0.532386295479863,
        "recall": 0.5714141946088493,
        "f1-score": 0.5394913273897721,
        "support": 21441.0
    },
    "weighted avg": {
        "precision": 0.9414914460794667,
        "recall": 0.9025232032088055,
        "f1-score": 0.9206776574704917,
        "support": 21441.0
    },
    "Accuracy": 0.9025232032088055,
    "F1 - Avg. Macro": 0.5394913273897721,
    "F1 - Positives": 0.13061564059900166
}