{
    "Not Affected": {
        "precision": 0.9695510330899487,
        "recall": 0.9038377986965966,
        "f1-score": 0.9355418977664518,
        "support": 20715.0
    },
    "Affected": {
        "precision": 0.0647887323943662,
        "recall": 0.19008264462809918,
        "f1-score": 0.09663865546218488,
        "support": 726.0
    },
    "accuracy": 0.8796697915209178,
    "macro avg": {
        "precision": 0.5171698827421575,
        "recall": 0.5469602216623479,
        "f1-score": 0.5160902766143184,
        "support": 21441.0
    },
    "weighted avg": {
        "precision": 0.9389154549776876,
        "recall": 0.8796697915209178,
        "f1-score": 0.9071363311458233,
        "support": 21441.0
    },
    "Accuracy": 0.8796697915209178,
    "F1 - Avg. Macro": 0.5160902766143184,
    "F1 - Positives": 0.09663865546218488
}