{
    "Not Affected": {
        "precision": 0.9728606884644437,
        "recall": 0.8704320540671011,
        "f1-score": 0.9188004789930954,
        "support": 20715.0
    },
    "Affected": {
        "precision": 0.07671138630890953,
        "recall": 0.3071625344352617,
        "f1-score": 0.12276355628956785,
        "support": 726.0
    },
    "accuracy": 0.8513595447973509,
    "macro avg": {
        "precision": 0.5247860373866766,
        "recall": 0.5887972942511814,
        "f1-score": 0.5207820176413316,
        "support": 21441.0
    },
    "weighted avg": {
        "precision": 0.9425167495919601,
        "recall": 0.8513595447973509,
        "f1-score": 0.8918463814284874,
        "support": 21441.0
    },
    "Accuracy": 0.8513595447973509,
    "F1 - Avg. Macro": 0.5207820176413316,
    "F1 - Positives": 0.12276355628956785
}