{
    "Not Affected": {
        "precision": 0.9717657439064741,
        "recall": 0.8506879073135409,
        "f1-score": 0.9072048186568509,
        "support": 20715.0
    },
    "Affected": {
        "precision": 0.06471121862715452,
        "recall": 0.29476584022038566,
        "f1-score": 0.10612447309695017,
        "support": 726.0
    },
    "accuracy": 0.831864185439112,
    "macro avg": {
        "precision": 0.5182384812668143,
        "recall": 0.5727268737669633,
        "f1-score": 0.5066646458769005,
        "support": 21441.0
    },
    "weighted avg": {
        "precision": 0.9410525502423359,
        "recall": 0.831864185439112,
        "f1-score": 0.8800799489736977,
        "support": 21441.0
    },
    "Accuracy": 0.831864185439112,
    "F1 - Avg. Macro": 0.5066646458769005,
    "F1 - Positives": 0.10612447309695017
}