{
    "0": {
        "precision": 0.7608695652173914,
        "recall": 0.6862745098039216,
        "f1-score": 0.7216494845360825,
        "support": 51.0
    },
    "1": {
        "precision": 0.9153439153439153,
        "recall": 0.9402173913043478,
        "f1-score": 0.9276139410187667,
        "support": 184.0
    },
    "accuracy": 0.8851063829787233,
    "macro avg": {
        "precision": 0.8381067402806534,
        "recall": 0.8132459505541347,
        "f1-score": 0.8246317127774245,
        "support": 235.0
    },
    "weighted avg": {
        "precision": 0.8818196946781591,
        "recall": 0.8851063829787233,
        "f1-score": 0.8829152717395458,
        "support": 235.0
    },
    "Accuracy": 0.8851063829787233,
    "F1 - Avg. Macro": 0.8246317127774245,
    "F1 - Positives": 0.9276139410187667
}