{
    "Not Affected": {
        "precision": 0.9724941215070816,
        "recall": 0.8585083272990587,
        "f1-score": 0.9119532331675299,
        "support": 20715.0
    },
    "Affected": {
        "precision": 0.07070386810399493,
        "recall": 0.3071625344352617,
        "f1-score": 0.11494845360824742,
        "support": 726.0
    },
    "accuracy": 0.8398395597220278,
    "macro avg": {
        "precision": 0.5215989948055383,
        "recall": 0.5828354308671602,
        "f1-score": 0.5134508433878886,
        "support": 21441.0
    },
    "weighted avg": {
        "precision": 0.9419591779890256,
        "recall": 0.8398395597220278,
        "f1-score": 0.8849663636203988,
        "support": 21441.0
    },
    "Accuracy": 0.8398395597220278,
    "F1 - Avg. Macro": 0.5134508433878886,
    "F1 - Positives": 0.11494845360824742
}