{
    "Not Affected": {
        "precision": 0.9703754736479504,
        "recall": 0.9519188993482983,
        "f1-score": 0.9610585827078663,
        "support": 20715.0
    },
    "Affected": {
        "precision": 0.11071428571428571,
        "recall": 0.17079889807162535,
        "f1-score": 0.13434452871072589,
        "support": 726.0
    },
    "accuracy": 0.9254698941280723,
    "macro avg": {
        "precision": 0.5405448796811181,
        "recall": 0.5613588987099618,
        "f1-score": 0.5477015557092961,
        "support": 21441.0
    },
    "weighted avg": {
        "precision": 0.9412670354948868,
        "recall": 0.9254698941280723,
        "f1-score": 0.9330657464034997,
        "support": 21441.0
    },
    "Accuracy": 0.9254698941280723,
    "F1 - Avg. Macro": 0.5477015557092961,
    "F1 - Positives": 0.13434452871072589
}