{
    "Not Affected": {
        "precision": 0.9719213376800926,
        "recall": 0.8923002655080859,
        "f1-score": 0.9304104900208895,
        "support": 20715.0
    },
    "Affected": {
        "precision": 0.07924061081304168,
        "recall": 0.2644628099173554,
        "f1-score": 0.12194347411876787,
        "support": 726.0
    },
    "accuracy": 0.871041462618348,
    "macro avg": {
        "precision": 0.5255809742465671,
        "recall": 0.5783815377127206,
        "f1-score": 0.5261769820698287,
        "support": 21441.0
    },
    "weighted avg": {
        "precision": 0.9416948460190003,
        "recall": 0.871041462618348,
        "f1-score": 0.90303550501343,
        "support": 21441.0
    },
    "Accuracy": 0.871041462618348,
    "F1 - Avg. Macro": 0.5261769820698287,
    "F1 - Positives": 0.12194347411876787
}