{
    "Not Affected": {
        "precision": 0.9737317671356654,
        "recall": 0.7283128167994207,
        "f1-score": 0.8333287304261372,
        "support": 20715.0
    },
    "Affected": {
        "precision": 0.053640491003867495,
        "recall": 0.4393939393939394,
        "f1-score": 0.09560917128727708,
        "support": 726.0
    },
    "accuracy": 0.7185299193134649,
    "macro avg": {
        "precision": 0.5136861290697665,
        "recall": 0.58385337809668,
        "f1-score": 0.46446895085670714,
        "support": 21441.0
    },
    "weighted avg": {
        "precision": 0.9425771443815174,
        "recall": 0.7185299193134649,
        "f1-score": 0.8083492798438503,
        "support": 21441.0
    },
    "Accuracy": 0.7185299193134649,
    "F1 - Avg. Macro": 0.46446895085670714,
    "F1 - Positives": 0.09560917128727708
}