{
    "Not Affected": {
        "precision": 0.9734607815574923,
        "recall": 0.8357711803041274,
        "f1-score": 0.8993766233766234,
        "support": 20715.0
    },
    "Affected": {
        "precision": 0.06947483588621445,
        "recall": 0.349862258953168,
        "f1-score": 0.11592879963486992,
        "support": 726.0
    },
    "accuracy": 0.8193181288186185,
    "macro avg": {
        "precision": 0.5214678087218534,
        "recall": 0.5928167196286478,
        "f1-score": 0.5076527115057466,
        "support": 21441.0
    },
    "weighted avg": {
        "precision": 0.9428514911066108,
        "recall": 0.8193181288186185,
        "f1-score": 0.8728487972474077,
        "support": 21441.0
    },
    "Accuracy": 0.8193181288186185,
    "F1 - Avg. Macro": 0.5076527115057466,
    "F1 - Positives": 0.11592879963486992
}