{
    "Not Affected": {
        "precision": 0.9708650380456548,
        "recall": 0.9362297851798214,
        "f1-score": 0.9532329016244379,
        "support": 20715.0
    },
    "Affected": {
        "precision": 0.09829351535836177,
        "recall": 0.19834710743801653,
        "f1-score": 0.13144682793245094,
        "support": 726.0
    },
    "accuracy": 0.9112448113427546,
    "macro avg": {
        "precision": 0.5345792767020083,
        "recall": 0.567288446308919,
        "f1-score": 0.5423398647784444,
        "support": 21441.0
    },
    "weighted avg": {
        "precision": 0.9413194512973235,
        "recall": 0.9112448113427546,
        "f1-score": 0.9254069285121584,
        "support": 21441.0
    },
    "Accuracy": 0.9112448113427546,
    "F1 - Avg. Macro": 0.5423398647784444,
    "F1 - Positives": 0.13144682793245094
}