{
    "Not Affected": {
        "precision": 0.9700913466260682,
        "recall": 0.9535602220613082,
        "f1-score": 0.9617547532682523,
        "support": 20715.0
    },
    "Affected": {
        "precision": 0.10843373493975904,
        "recall": 0.16115702479338842,
        "f1-score": 0.1296398891966759,
        "support": 726.0
    },
    "accuracy": 0.9267291637516907,
    "macro avg": {
        "precision": 0.5392625407829136,
        "recall": 0.5573586234273483,
        "f1-score": 0.5456973212324641,
        "support": 21441.0
    },
    "weighted avg": {
        "precision": 0.9409153088440495,
        "recall": 0.9267291637516907,
        "f1-score": 0.9335790435851236,
        "support": 21441.0
    },
    "Accuracy": 0.9267291637516907,
    "F1 - Avg. Macro": 0.5456973212324641,
    "F1 - Positives": 0.1296398891966759
}