{
    "Not Affected": {
        "precision": 0.9744552540251465,
        "recall": 0.826840453777456,
        "f1-score": 0.8945993941293221,
        "support": 20715.0
    },
    "Affected": {
        "precision": 0.07168737060041408,
        "recall": 0.38154269972451793,
        "f1-score": 0.12069716775599129,
        "support": 726.0
    },
    "accuracy": 0.8117625110769088,
    "macro avg": {
        "precision": 0.5230713123127804,
        "recall": 0.6041915767509869,
        "f1-score": 0.5076482809426567,
        "support": 21441.0
    },
    "weighted avg": {
        "precision": 0.9438872076016422,
        "recall": 0.8117625110769088,
        "f1-score": 0.8683947853728724,
        "support": 21441.0
    },
    "Accuracy": 0.8117625110769088,
    "F1 - Avg. Macro": 0.5076482809426567,
    "F1 - Positives": 0.12069716775599129
}