{
    "Not Affected": {
        "precision": 0.9763984782302382,
        "recall": 0.6690321023412986,
        "f1-score": 0.7940072760606147,
        "support": 20715.0
    },
    "Affected": {
        "precision": 0.05395336001103905,
        "recall": 0.5385674931129476,
        "f1-score": 0.09808102345415778,
        "support": 726.0
    },
    "accuracy": 0.6646145235763258,
    "macro avg": {
        "precision": 0.5151759191206386,
        "recall": 0.6037997977271231,
        "f1-score": 0.44604414975738627,
        "support": 21441.0
    },
    "weighted avg": {
        "precision": 0.945164153533296,
        "recall": 0.6646145235763258,
        "f1-score": 0.7704429619245069,
        "support": 21441.0
    },
    "Accuracy": 0.6646145235763258,
    "F1 - Avg. Macro": 0.44604414975738627,
    "F1 - Positives": 0.09808102345415778
}