{
    "Not Affected": {
        "precision": 0.971877080097626,
        "recall": 0.8458122133719527,
        "f1-score": 0.9044730661022636,
        "support": 20715.0
    },
    "Affected": {
        "precision": 0.06416642250219748,
        "recall": 0.30165289256198347,
        "f1-score": 0.10582266247885963,
        "support": 726.0
    },
    "accuracy": 0.8273867823329136,
    "macro avg": {
        "precision": 0.5180217512999117,
        "recall": 0.5737325529669681,
        "f1-score": 0.5051478642905616,
        "support": 21441.0
    },
    "weighted avg": {
        "precision": 0.9411416695564069,
        "recall": 0.8273867823329136,
        "f1-score": 0.8774304751302665,
        "support": 21441.0
    },
    "Accuracy": 0.8273867823329136,
    "F1 - Avg. Macro": 0.5051478642905616,
    "F1 - Positives": 0.10582266247885963
}