{
    "Not Affected": {
        "precision": 0.9689066225487811,
        "recall": 0.9612358194545015,
        "f1-score": 0.9650559782872098,
        "support": 20715.0
    },
    "Affected": {
        "precision": 0.09775280898876404,
        "recall": 0.11983471074380166,
        "f1-score": 0.10767326732673267,
        "support": 726.0
    },
    "accuracy": 0.9327456741756448,
    "macro avg": {
        "precision": 0.5333297157687726,
        "recall": 0.5405352650991516,
        "f1-score": 0.5363646228069713,
        "support": 21441.0
    },
    "weighted avg": {
        "precision": 0.939409039943279,
        "recall": 0.9327456741756448,
        "f1-score": 0.9360246901869669,
        "support": 21441.0
    },
    "Accuracy": 0.9327456741756448,
    "F1 - Avg. Macro": 0.5363646228069713,
    "F1 - Positives": 0.10767326732673267
}