{
    "Not Affected": {
        "precision": 0.972559397112121,
        "recall": 0.8161235819454502,
        "f1-score": 0.8875006562024254,
        "support": 20715.0
    },
    "Affected": {
        "precision": 0.06136027599802858,
        "recall": 0.34297520661157027,
        "f1-score": 0.10409698996655518,
        "support": 726.0
    },
    "accuracy": 0.8001026071545171,
    "macro avg": {
        "precision": 0.5169598365550748,
        "recall": 0.5795493942785103,
        "f1-score": 0.49579882308449025,
        "support": 21441.0
    },
    "weighted avg": {
        "precision": 0.9417058659368572,
        "recall": 0.8001026071545171,
        "f1-score": 0.8609743252622994,
        "support": 21441.0
    },
    "Accuracy": 0.8001026071545171,
    "F1 - Avg. Macro": 0.49579882308449025,
    "F1 - Positives": 0.10409698996655518
}