{
    "Not Affected": {
        "precision": 0.8181818181818182,
        "recall": 0.35294117647058826,
        "f1-score": 0.4931506849315068,
        "support": 51.0
    },
    "Affected": {
        "precision": 0.8450704225352113,
        "recall": 0.9782608695652174,
        "f1-score": 0.906801007556675,
        "support": 184.0
    },
    "accuracy": 0.8425531914893617,
    "macro avg": {
        "precision": 0.8316261203585147,
        "recall": 0.6656010230179028,
        "f1-score": 0.6999758462440909,
        "support": 235.0
    },
    "weighted avg": {
        "precision": 0.83923502329256,
        "recall": 0.8425531914893617,
        "f1-score": 0.8170300864763195,
        "support": 235.0
    },
    "Accuracy": 0.8425531914893617,
    "F1 - Avg. Macro": 0.6999758462440909,
    "F1 - Positives": 0.906801007556675
}