{
    "Not Affected": {
        "precision": 0.9709317281473479,
        "recall": 0.9110306541153753,
        "f1-score": 0.9400278940027894,
        "support": 20715.0
    },
    "Affected": {
        "precision": 0.08033932135728543,
        "recall": 0.22176308539944903,
        "f1-score": 0.11794871794871795,
        "support": 726.0
    },
    "accuracy": 0.8876918054195233,
    "macro avg": {
        "precision": 0.5256355247523167,
        "recall": 0.5663968697574122,
        "f1-score": 0.5289883059757536,
        "support": 21441.0
    },
    "weighted avg": {
        "precision": 0.9407759477579263,
        "recall": 0.8876918054195233,
        "f1-score": 0.9121919963387227,
        "support": 21441.0
    },
    "Accuracy": 0.8876918054195233,
    "F1 - Avg. Macro": 0.5289883059757536,
    "F1 - Positives": 0.11794871794871795
}