{
    "Not Affected": {
        "precision": 0.9751614178416128,
        "recall": 0.714506396331161,
        "f1-score": 0.824729055804753,
        "support": 20715.0
    },
    "Affected": {
        "precision": 0.055724093884719786,
        "recall": 0.4807162534435262,
        "f1-score": 0.09987122621261983,
        "support": 726.0
    },
    "accuracy": 0.7065901776969358,
    "macro avg": {
        "precision": 0.5154427558631663,
        "recall": 0.5976113248873436,
        "f1-score": 0.4623001410086864,
        "support": 21441.0
    },
    "weighted avg": {
        "precision": 0.9440289381441779,
        "recall": 0.7065901776969358,
        "f1-score": 0.8001851080278821,
        "support": 21441.0
    },
    "Accuracy": 0.7065901776969358,
    "F1 - Avg. Macro": 0.4623001410086864,
    "F1 - Positives": 0.09987122621261983
}