{
    "Not Affected": {
        "precision": 0.9766585728832146,
        "recall": 0.6019309678976587,
        "f1-score": 0.7448181112239413,
        "support": 20715.0
    },
    "Affected": {
        "precision": 0.04934286373068942,
        "recall": 0.5895316804407713,
        "f1-score": 0.09106382978723404,
        "support": 726.0
    },
    "accuracy": 0.6015111235483419,
    "macro avg": {
        "precision": 0.513000718306952,
        "recall": 0.595731324169215,
        "f1-score": 0.41794097050558765,
        "support": 21441.0
    },
    "weighted avg": {
        "precision": 0.9452593282190321,
        "recall": 0.6015111235483419,
        "f1-score": 0.7226817552553274,
        "support": 21441.0
    },
    "Accuracy": 0.6015111235483419,
    "F1 - Avg. Macro": 0.41794097050558765,
    "F1 - Positives": 0.09106382978723404
}