{
    "Not Affected": {
        "precision": 0.9687044416366994,
        "recall": 0.9622978517982138,
        "f1-score": 0.9654905189741603,
        "support": 20715.0
    },
    "Affected": {
        "precision": 0.09501738122827347,
        "recall": 0.11294765840220386,
        "f1-score": 0.10320956576463185,
        "support": 726.0
    },
    "accuracy": 0.9335385476423674,
    "macro avg": {
        "precision": 0.5318609114324865,
        "recall": 0.5376227551002088,
        "f1-score": 0.5343500423693961,
        "support": 21441.0
    },
    "weighted avg": {
        "precision": 0.9391210823784317,
        "recall": 0.9335385476423674,
        "f1-score": 0.936293374623145,
        "support": 21441.0
    },
    "Accuracy": 0.9335385476423674,
    "F1 - Avg. Macro": 0.5343500423693961,
    "F1 - Positives": 0.10320956576463185
}