{
    "Not Affected": {
        "precision": 0.9722295969840175,
        "recall": 0.8839005551532706,
        "f1-score": 0.9259633862647921,
        "support": 20715.0
    },
    "Affected": {
        "precision": 0.07783742331288343,
        "recall": 0.2796143250688705,
        "f1-score": 0.1217756448710258,
        "support": 726.0
    },
    "accuracy": 0.8634392052609486,
    "macro avg": {
        "precision": 0.5250335101484505,
        "recall": 0.5817574401110706,
        "f1-score": 0.523869515567909,
        "support": 21441.0
    },
    "weighted avg": {
        "precision": 0.9419451551163227,
        "recall": 0.8634392052609486,
        "f1-score": 0.8987332990369634,
        "support": 21441.0
    },
    "Accuracy": 0.8634392052609486,
    "F1 - Avg. Macro": 0.523869515567909,
    "F1 - Positives": 0.1217756448710258
}