{
    "Not Affected": {
        "precision": 0.973056243581224,
        "recall": 0.7775524981897176,
        "f1-score": 0.8643876784372652,
        "support": 20715.0
    },
    "Affected": {
        "precision": 0.057283142389525366,
        "recall": 0.3856749311294766,
        "f1-score": 0.09975062344139651,
        "support": 726.0
    },
    "accuracy": 0.7642833823049298,
    "macro avg": {
        "precision": 0.5151696929853746,
        "recall": 0.5816137146595971,
        "f1-score": 0.48206915093933084,
        "support": 21441.0
    },
    "weighted avg": {
        "precision": 0.9420478357893685,
        "recall": 0.7642833823049298,
        "f1-score": 0.8384967917282963,
        "support": 21441.0
    },
    "Accuracy": 0.7642833823049298,
    "F1 - Avg. Macro": 0.48206915093933084,
    "F1 - Positives": 0.09975062344139651
}