{
    "Not Affected": {
        "precision": 0.9729915797277975,
        "recall": 0.886941829592083,
        "f1-score": 0.927976160412142,
        "support": 20715.0
    },
    "Affected": {
        "precision": 0.08444096950742767,
        "recall": 0.2975206611570248,
        "f1-score": 0.1315468940316687,
        "support": 726.0
    },
    "accuracy": 0.8669838160533557,
    "macro avg": {
        "precision": 0.5287162746176126,
        "recall": 0.592231245374554,
        "f1-score": 0.5297615272219054,
        "support": 21441.0
    },
    "weighted avg": {
        "precision": 0.9429049353072951,
        "recall": 0.8669838160533557,
        "f1-score": 0.9010087779490003,
        "support": 21441.0
    },
    "Accuracy": 0.8669838160533557,
    "F1 - Avg. Macro": 0.5297615272219054,
    "F1 - Positives": 0.1315468940316687
}