{
    "Not Affected": {
        "precision": 0.970055397514598,
        "recall": 0.9383055756698044,
        "f1-score": 0.9539163722025913,
        "support": 20715.0
    },
    "Affected": {
        "precision": 0.08974358974358974,
        "recall": 0.17355371900826447,
        "f1-score": 0.11830985915492957,
        "support": 726.0
    },
    "accuracy": 0.9124108017349937,
    "macro avg": {
        "precision": 0.5298994936290938,
        "recall": 0.5559296473390345,
        "f1-score": 0.5361131156787604,
        "support": 21441.0
    },
    "weighted avg": {
        "precision": 0.9402477219191617,
        "recall": 0.9124108017349937,
        "f1-score": 0.9256224340246797,
        "support": 21441.0
    },
    "Accuracy": 0.9124108017349937,
    "F1 - Avg. Macro": 0.5361131156787604,
    "F1 - Positives": 0.11830985915492957
}