{
    "Not Affected": {
        "precision": 0.9719558831679875,
        "recall": 0.8465846005310161,
        "f1-score": 0.9049486557613912,
        "support": 20715.0
    },
    "Affected": {
        "precision": 0.06474396703943497,
        "recall": 0.30303030303030304,
        "f1-score": 0.1066925315227934,
        "support": 726.0
    },
    "accuracy": 0.8281796557996363,
    "macro avg": {
        "precision": 0.5183499251037113,
        "recall": 0.5748074517806596,
        "f1-score": 0.5058205936420923,
        "support": 21441.0
    },
    "weighted avg": {
        "precision": 0.9412373601928777,
        "recall": 0.8281796557996363,
        "f1-score": 0.8779194152316948,
        "support": 21441.0
    },
    "Accuracy": 0.8281796557996363,
    "F1 - Avg. Macro": 0.5058205936420923,
    "F1 - Positives": 0.1066925315227934
}