{
    "Not Affected": {
        "precision": 0.7111111111111111,
        "recall": 0.6274509803921569,
        "f1-score": 0.6666666666666666,
        "support": 51.0
    },
    "Affected": {
        "precision": 0.9,
        "recall": 0.9293478260869565,
        "f1-score": 0.9144385026737968,
        "support": 184.0
    },
    "accuracy": 0.8638297872340426,
    "macro avg": {
        "precision": 0.8055555555555556,
        "recall": 0.7783994032395567,
        "f1-score": 0.7905525846702317,
        "support": 235.0
    },
    "weighted avg": {
        "precision": 0.8590070921985816,
        "recall": 0.8638297872340426,
        "f1-score": 0.8606667425190578,
        "support": 235.0
    },
    "Accuracy": 0.8638297872340426,
    "F1 - Avg. Macro": 0.7905525846702317,
    "F1 - Positives": 0.9144385026737968
}