{
    "Not Affected": {
        "precision": 0.9706056713763462,
        "recall": 0.9484431571325127,
        "f1-score": 0.9593964401689576,
        "support": 20715.0
    },
    "Affected": {
        "precision": 0.10925771476230192,
        "recall": 0.18044077134986225,
        "f1-score": 0.13610389610389612,
        "support": 726.0
    },
    "accuracy": 0.9224383191082506,
    "macro avg": {
        "precision": 0.5399316930693241,
        "recall": 0.5644419642411875,
        "f1-score": 0.5477501681364269,
        "support": 21441.0
    },
    "weighted avg": {
        "precision": 0.9414401186268572,
        "recall": 0.9224383191082506,
        "f1-score": 0.9315194574260243,
        "support": 21441.0
    },
    "Accuracy": 0.9224383191082506,
    "F1 - Avg. Macro": 0.5477501681364269,
    "F1 - Positives": 0.13610389610389612
}