{
    "Not Affected": {
        "precision": 0.9718302387267904,
        "recall": 0.8843350229302438,
        "f1-score": 0.9260204726399596,
        "support": 20715.0
    },
    "Affected": {
        "precision": 0.07526051717483596,
        "recall": 0.26859504132231404,
        "f1-score": 0.11757612300271329,
        "support": 726.0
    },
    "accuracy": 0.8634858448766383,
    "macro avg": {
        "precision": 0.5235453779508132,
        "recall": 0.576465032126279,
        "f1-score": 0.5217982978213365,
        "support": 21441.0
    },
    "weighted avg": {
        "precision": 0.9414720643017765,
        "recall": 0.8634858448766383,
        "f1-score": 0.8986462551204111,
        "support": 21441.0
    },
    "Accuracy": 0.8634858448766383,
    "F1 - Avg. Macro": 0.5217982978213365,
    "F1 - Positives": 0.11757612300271329
}