{
    "Not Affected": {
        "precision": 0.9716617047083471,
        "recall": 0.8507844557084239,
        "f1-score": 0.907214372120557,
        "support": 20715.0
    },
    "Affected": {
        "precision": 0.06418407508325764,
        "recall": 0.29201101928374656,
        "f1-score": 0.10523703152146935,
        "support": 726.0
    },
    "accuracy": 0.831864185439112,
    "macro avg": {
        "precision": 0.5179228898958024,
        "recall": 0.5713977374960852,
        "f1-score": 0.5062257018210132,
        "support": 21441.0
    },
    "weighted avg": {
        "precision": 0.9409341845783246,
        "recall": 0.831864185439112,
        "f1-score": 0.8800591298615701,
        "support": 21441.0
    },
    "Accuracy": 0.831864185439112,
    "F1 - Avg. Macro": 0.5062257018210132,
    "F1 - Positives": 0.10523703152146935
}