{
    "Not Affected": {
        "precision": 0.9749971716257495,
        "recall": 0.8320540671011345,
        "f1-score": 0.8978720079181101,
        "support": 20715.0
    },
    "Affected": {
        "precision": 0.07547169811320754,
        "recall": 0.39118457300275483,
        "f1-score": 0.12653152149699265,
        "support": 726.0
    },
    "accuracy": 0.8171260668812089,
    "macro avg": {
        "precision": 0.5252344348694785,
        "recall": 0.6116193200519446,
        "f1-score": 0.5122017647075514,
        "support": 21441.0
    },
    "weighted avg": {
        "precision": 0.9445389143723516,
        "recall": 0.8171260668812089,
        "f1-score": 0.8717541406012064,
        "support": 21441.0
    },
    "Accuracy": 0.8171260668812089,
    "F1 - Avg. Macro": 0.5122017647075514,
    "F1 - Positives": 0.12653152149699265
}