{
    "Not Affected": {
        "precision": 0.9712742195210639,
        "recall": 0.90263094376056,
        "f1-score": 0.9356953410398839,
        "support": 20715.0
    },
    "Affected": {
        "precision": 0.07899543378995434,
        "recall": 0.23829201101928374,
        "f1-score": 0.11865569272976681,
        "support": 726.0
    },
    "accuracy": 0.8801361876778135,
    "macro avg": {
        "precision": 0.5251348266555091,
        "recall": 0.5704614773899218,
        "f1-score": 0.5271755168848253,
        "support": 21441.0
    },
    "weighted avg": {
        "precision": 0.9410613377319316,
        "recall": 0.8801361876778135,
        "f1-score": 0.9080300836044497,
        "support": 21441.0
    },
    "Accuracy": 0.8801361876778135,
    "F1 - Avg. Macro": 0.5271755168848253,
    "F1 - Positives": 0.11865569272976681
}