{
    "Not Affected": {
        "precision": 0.9744021774350333,
        "recall": 0.7258508327299059,
        "f1-score": 0.8319592762684668,
        "support": 20715.0
    },
    "Affected": {
        "precision": 0.055074875207986686,
        "recall": 0.4559228650137741,
        "f1-score": 0.09827790973871733,
        "support": 726.0
    },
    "accuracy": 0.7167109743015717,
    "macro avg": {
        "precision": 0.51473852632151,
        "recall": 0.59088684887184,
        "f1-score": 0.46511859300359204,
        "support": 21441.0
    },
    "weighted avg": {
        "precision": 0.9432734231130877,
        "recall": 0.7167109743015718,
        "f1-score": 0.8071165603456741,
        "support": 21441.0
    },
    "Accuracy": 0.7167109743015717,
    "F1 - Avg. Macro": 0.46511859300359204,
    "F1 - Positives": 0.09827790973871733
}