{
    "Not Affected": {
        "precision": 0.7391304347826086,
        "recall": 0.6666666666666666,
        "f1-score": 0.7010309278350515,
        "support": 51.0
    },
    "Affected": {
        "precision": 0.91005291005291,
        "recall": 0.9347826086956522,
        "f1-score": 0.9222520107238605,
        "support": 184.0
    },
    "accuracy": 0.8765957446808511,
    "macro avg": {
        "precision": 0.8245916724177593,
        "recall": 0.8007246376811594,
        "f1-score": 0.811641469279456,
        "support": 235.0
    },
    "weighted avg": {
        "precision": 0.8729590962708446,
        "recall": 0.8765957446808511,
        "f1-score": 0.8742423289054382,
        "support": 235.0
    },
    "Accuracy": 0.8765957446808511,
    "F1 - Avg. Macro": 0.811641469279456,
    "F1 - Positives": 0.9222520107238605
}