{
    "Not Affected": {
        "precision": 0.8055555555555556,
        "recall": 0.5686274509803921,
        "f1-score": 0.6666666666666666,
        "support": 51.0
    },
    "Affected": {
        "precision": 0.8894472361809045,
        "recall": 0.9619565217391305,
        "f1-score": 0.9242819843342036,
        "support": 184.0
    },
    "accuracy": 0.8765957446808511,
    "macro avg": {
        "precision": 0.84750139586823,
        "recall": 0.7652919863597614,
        "f1-score": 0.7954743255004351,
        "support": 235.0
    },
    "weighted avg": {
        "precision": 0.8712409565558288,
        "recall": 0.8765957446808511,
        "f1-score": 0.8683739792233764,
        "support": 235.0
    },
    "Accuracy": 0.8765957446808511,
    "F1 - Avg. Macro": 0.7954743255004351,
    "F1 - Positives": 0.9242819843342036
}