{
    "Not Affected": {
        "precision": 0.9721897118653514,
        "recall": 0.8420951001689597,
        "f1-score": 0.9024781416524393,
        "support": 20715.0
    },
    "Affected": {
        "precision": 0.06489422527158376,
        "recall": 0.31267217630853994,
        "f1-score": 0.10748106060606061,
        "support": 726.0
    },
    "accuracy": 0.8241686488503335,
    "macro avg": {
        "precision": 0.5185419685684676,
        "recall": 0.5773836382387498,
        "f1-score": 0.50497960112925,
        "support": 21441.0
    },
    "weighted avg": {
        "precision": 0.9414683591641212,
        "recall": 0.8241686488503335,
        "f1-score": 0.8755592535017155,
        "support": 21441.0
    },
    "Accuracy": 0.8241686488503335,
    "F1 - Avg. Macro": 0.50497960112925,
    "F1 - Positives": 0.10748106060606061
}