{
    "Not Affected": {
        "precision": 0.9716350892563793,
        "recall": 0.8565773594014,
        "f1-score": 0.9104856710367653,
        "support": 20715.0
    },
    "Affected": {
        "precision": 0.06542938030827304,
        "recall": 0.2865013774104683,
        "f1-score": 0.10653008962868117,
        "support": 726.0
    },
    "accuracy": 0.8372743808591018,
    "macro avg": {
        "precision": 0.5185322347823261,
        "recall": 0.5715393684059342,
        "f1-score": 0.5085078803327232,
        "support": 21441.0
    },
    "weighted avg": {
        "precision": 0.9409506368196309,
        "recall": 0.8372743808591018,
        "f1-score": 0.8832634448298594,
        "support": 21441.0
    },
    "Accuracy": 0.8372743808591018,
    "F1 - Avg. Macro": 0.5085078803327232,
    "F1 - Positives": 0.10653008962868117
}