{
    "Not Affected": {
        "precision": 0.9723272508082634,
        "recall": 0.8565773594014,
        "f1-score": 0.9107894466687199,
        "support": 20715.0
    },
    "Affected": {
        "precision": 0.06923558897243108,
        "recall": 0.3044077134986226,
        "f1-score": 0.11281265952016335,
        "support": 726.0
    },
    "accuracy": 0.8378806958630661,
    "macro avg": {
        "precision": 0.5207814198903472,
        "recall": 0.5804925364500113,
        "f1-score": 0.5118010530944416,
        "support": 21441.0
    },
    "weighted avg": {
        "precision": 0.9417482411308783,
        "recall": 0.8378806958630661,
        "f1-score": 0.8837696645937302,
        "support": 21441.0
    },
    "Accuracy": 0.8378806958630661,
    "F1 - Avg. Macro": 0.5118010530944416,
    "F1 - Positives": 0.11281265952016335
}