{
    "Not Affected": {
        "precision": 0.9726111145075503,
        "recall": 0.7679942070963071,
        "f1-score": 0.8582757876564523,
        "support": 20715.0
    },
    "Affected": {
        "precision": 0.05468135326514555,
        "recall": 0.38292011019283745,
        "f1-score": 0.09569707401032702,
        "support": 726.0
    },
    "accuracy": 0.7549554591670165,
    "macro avg": {
        "precision": 0.5136462338863479,
        "recall": 0.5754571586445723,
        "f1-score": 0.47698643083338965,
        "support": 21441.0
    },
    "weighted avg": {
        "precision": 0.9415296814278439,
        "recall": 0.7549554591670165,
        "f1-score": 0.8324545971286278,
        "support": 21441.0
    },
    "Accuracy": 0.7549554591670165,
    "F1 - Avg. Macro": 0.47698643083338965,
    "F1 - Positives": 0.09569707401032702
}