{
    "Not Affected": {
        "precision": 0.9701320214848652,
        "recall": 0.9329471397538016,
        "f1-score": 0.9511762968796141,
        "support": 20715.0
    },
    "Affected": {
        "precision": 0.0861842105263158,
        "recall": 0.18044077134986225,
        "f1-score": 0.11665182546749778,
        "support": 726.0
    },
    "accuracy": 0.9074670024718996,
    "macro avg": {
        "precision": 0.5281581160055905,
        "recall": 0.556693955551832,
        "f1-score": 0.533914061173556,
        "support": 21441.0
    },
    "weighted avg": {
        "precision": 0.9402012295089356,
        "recall": 0.9074670024718996,
        "f1-score": 0.9229189970220889,
        "support": 21441.0
    },
    "Accuracy": 0.9074670024718996,
    "F1 - Avg. Macro": 0.533914061173556,
    "F1 - Positives": 0.11665182546749778
}