{
    "Not Affected": {
        "precision": 0.9771068554675316,
        "recall": 0.7561670287231474,
        "f1-score": 0.8525553801774343,
        "support": 20715.0
    },
    "Affected": {
        "precision": 0.06635859519408503,
        "recall": 0.49449035812672176,
        "f1-score": 0.11701434159061277,
        "support": 726.0
    },
    "accuracy": 0.7473065621939275,
    "macro avg": {
        "precision": 0.5217327253308083,
        "recall": 0.6253286934249346,
        "f1-score": 0.4847848608840235,
        "support": 21441.0
    },
    "weighted avg": {
        "precision": 0.9462685906030887,
        "recall": 0.7473065621939275,
        "f1-score": 0.8276496950874649,
        "support": 21441.0
    },
    "Accuracy": 0.7473065621939275,
    "F1 - Avg. Macro": 0.4847848608840235,
    "F1 - Positives": 0.11701434159061277
}