{
    "Not Affected": {
        "precision": 0.9710476771994098,
        "recall": 0.9212647839729664,
        "f1-score": 0.9455013872374157,
        "support": 20715.0
    },
    "Affected": {
        "precision": 0.0878076062639821,
        "recall": 0.2162534435261708,
        "f1-score": 0.1249005568814638,
        "support": 726.0
    },
    "accuracy": 0.8973928454829532,
    "macro avg": {
        "precision": 0.5294276417316959,
        "recall": 0.5687591137495686,
        "f1-score": 0.5352009720594397,
        "support": 21441.0
    },
    "weighted avg": {
        "precision": 0.9411408495561505,
        "recall": 0.8973928454829532,
        "f1-score": 0.9177155468923561,
        "support": 21441.0
    },
    "Accuracy": 0.8973928454829532,
    "F1 - Avg. Macro": 0.5352009720594397,
    "F1 - Positives": 0.1249005568814638
}