{
    "Not Affected": {
        "precision": 0.9724189127455459,
        "recall": 0.8220613082307506,
        "f1-score": 0.8909409579616502,
        "support": 20715.0
    },
    "Affected": {
        "precision": 0.06184779842199033,
        "recall": 0.3347107438016529,
        "f1-score": 0.10440386680988185,
        "support": 726.0
    },
    "accuracy": 0.8055594421901964,
    "macro avg": {
        "precision": 0.5171333555837682,
        "recall": 0.5783860260162017,
        "f1-score": 0.49767241238576604,
        "support": 21441.0
    },
    "weighted avg": {
        "precision": 0.9415866461069141,
        "recall": 0.8055594421901964,
        "f1-score": 0.8643085281227348,
        "support": 21441.0
    },
    "Accuracy": 0.8055594421901964,
    "F1 - Avg. Macro": 0.49767241238576604,
    "F1 - Positives": 0.10440386680988185
}