{
    "Not Affected": {
        "precision": 0.9702129772129275,
        "recall": 0.9434226405986,
        "f1-score": 0.9566302804836262,
        "support": 20715.0
    },
    "Affected": {
        "precision": 0.0970724191063174,
        "recall": 0.17355371900826447,
        "f1-score": 0.12450592885375494,
        "support": 726.0
    },
    "accuracy": 0.9173546009980877,
    "macro avg": {
        "precision": 0.5336426981596225,
        "recall": 0.5584881798034322,
        "f1-score": 0.5405681046686905,
        "support": 21441.0
    },
    "weighted avg": {
        "precision": 0.9406481227198815,
        "recall": 0.9173546009980877,
        "f1-score": 0.9284542495483488,
        "support": 21441.0
    },
    "Accuracy": 0.9173546009980877,
    "F1 - Avg. Macro": 0.5405681046686905,
    "F1 - Positives": 0.12450592885375494
}