{
    "Not Affected": {
        "precision": 0.9734375,
        "recall": 0.6616461501327541,
        "f1-score": 0.7878143411409685,
        "support": 20715.0
    },
    "Affected": {
        "precision": 0.047819589729656296,
        "recall": 0.48484848484848486,
        "f1-score": 0.08705329541239025,
        "support": 726.0
    },
    "accuracy": 0.6556597173639289,
    "macro avg": {
        "precision": 0.5106285448648281,
        "recall": 0.5732473174906194,
        "f1-score": 0.4374338182766794,
        "support": 21441.0
    },
    "weighted avg": {
        "precision": 0.9420957434188578,
        "recall": 0.6556597173639289,
        "f1-score": 0.7640863191644307,
        "support": 21441.0
    },
    "Accuracy": 0.6556597173639289,
    "F1 - Avg. Macro": 0.4374338182766794,
    "F1 - Positives": 0.08705329541239025
}