{
    "Not Affected": {
        "precision": 0.9722760551248923,
        "recall": 0.8718802799903451,
        "f1-score": 0.9193453971647451,
        "support": 20715.0
    },
    "Affected": {
        "precision": 0.07364746945898779,
        "recall": 0.290633608815427,
        "f1-score": 0.11751601225285435,
        "support": 726.0
    },
    "accuracy": 0.852199057879763,
    "macro avg": {
        "precision": 0.52296176229194,
        "recall": 0.5812569444028861,
        "f1-score": 0.5184307047087997,
        "support": 21441.0
    },
    "weighted avg": {
        "precision": 0.9418481668177497,
        "recall": 0.852199057879763,
        "f1-score": 0.8921951647387373,
        "support": 21441.0
    },
    "Accuracy": 0.852199057879763,
    "F1 - Avg. Macro": 0.5184307047087997,
    "F1 - Positives": 0.11751601225285435
}