{
    "Not Affected": {
        "precision": 0.9738562091503268,
        "recall": 0.9062997827661116,
        "f1-score": 0.9388643012527192,
        "support": 20715.0
    },
    "Affected": {
        "precision": 0.10263522884882108,
        "recall": 0.30578512396694213,
        "f1-score": 0.1536863966770509,
        "support": 726.0
    },
    "accuracy": 0.8859661396390094,
    "macro avg": {
        "precision": 0.538245718999574,
        "recall": 0.6060424533665268,
        "f1-score": 0.546275348964885,
        "support": 21441.0
    },
    "weighted avg": {
        "precision": 0.9443563522547113,
        "recall": 0.8859661396390094,
        "f1-score": 0.9122778939619243,
        "support": 21441.0
    },
    "Accuracy": 0.8859661396390094,
    "F1 - Avg. Macro": 0.546275348964885,
    "F1 - Positives": 0.1536863966770509
}