{
    "Not Affected": {
        "precision": 0.971388918543824,
        "recall": 0.8784938450398262,
        "f1-score": 0.9226089381226393,
        "support": 20715.0
    },
    "Affected": {
        "precision": 0.07018840044329516,
        "recall": 0.26170798898071623,
        "f1-score": 0.11069035828721235,
        "support": 726.0
    },
    "accuracy": 0.8576092532997528,
    "macro avg": {
        "precision": 0.5207886594935596,
        "recall": 0.5701009170102712,
        "f1-score": 0.5166496482049259,
        "support": 21441.0
    },
    "weighted avg": {
        "precision": 0.9408739436760014,
        "recall": 0.8576092532997528,
        "f1-score": 0.8951170819144159,
        "support": 21441.0
    },
    "Accuracy": 0.8576092532997528,
    "F1 - Avg. Macro": 0.5166496482049259,
    "F1 - Positives": 0.11069035828721235
}