{
    "Not Affected": {
        "precision": 0.9717695154963815,
        "recall": 0.849143132995414,
        "f1-score": 0.9063272877164056,
        "support": 20715.0
    },
    "Affected": {
        "precision": 0.06437125748502993,
        "recall": 0.29614325068870523,
        "f1-score": 0.1057550418101328,
        "support": 726.0
    },
    "accuracy": 0.8304183573527354,
    "macro avg": {
        "precision": 0.5180703864907057,
        "recall": 0.5726431918420596,
        "f1-score": 0.5060411647632692,
        "support": 21441.0
    },
    "weighted avg": {
        "precision": 0.9410446829178525,
        "recall": 0.8304183573527354,
        "f1-score": 0.8792196224709433,
        "support": 21441.0
    },
    "Accuracy": 0.8304183573527354,
    "F1 - Avg. Macro": 0.5060411647632692,
    "F1 - Positives": 0.1057550418101328
}