{
    "Not Affected": {
        "precision": 0.9747191011235955,
        "recall": 0.8040550325850833,
        "f1-score": 0.8811999047694627,
        "support": 20715.0
    },
    "Affected": {
        "precision": 0.06753962784286699,
        "recall": 0.4049586776859504,
        "f1-score": 0.11577082102776137,
        "support": 726.0
    },
    "accuracy": 0.7905414859381559,
    "macro avg": {
        "precision": 0.5211293644832312,
        "recall": 0.6045068551355168,
        "f1-score": 0.49848536289861206,
        "support": 21441.0
    },
    "weighted avg": {
        "precision": 0.9440016766750247,
        "recall": 0.7905414859381559,
        "f1-score": 0.8552821996812451,
        "support": 21441.0
    },
    "Accuracy": 0.7905414859381559,
    "F1 - Avg. Macro": 0.49848536289861206,
    "F1 - Positives": 0.11577082102776137
}