{
    "Not Affected": {
        "precision": 0.971613907628438,
        "recall": 0.9038377986965966,
        "f1-score": 0.9365011879454795,
        "support": 20715.0
    },
    "Affected": {
        "precision": 0.08245048364808844,
        "recall": 0.2465564738292011,
        "f1-score": 0.123576113220573,
        "support": 726.0
    },
    "accuracy": 0.8815820157641902,
    "macro avg": {
        "precision": 0.5270321956382632,
        "recall": 0.5751971362628989,
        "f1-score": 0.5300386505830262,
        "support": 21441.0
    },
    "weighted avg": {
        "precision": 0.9415065131128028,
        "recall": 0.8815820157641902,
        "f1-score": 0.908975251456963,
        "support": 21441.0
    },
    "Accuracy": 0.8815820157641902,
    "F1 - Avg. Macro": 0.5300386505830262,
    "F1 - Positives": 0.123576113220573
}