{
    "Not Affected": {
        "precision": 0.9685755534167468,
        "recall": 0.9716147719044171,
        "f1-score": 0.9700927822629233,
        "support": 20715.0
    },
    "Affected": {
        "precision": 0.11043872919818457,
        "recall": 0.10055096418732783,
        "f1-score": 0.10526315789473684,
        "support": 726.0
    },
    "accuracy": 0.9421202369292477,
    "macro avg": {
        "precision": 0.5395071413074657,
        "recall": 0.5360828680458725,
        "f1-score": 0.5376779700788301,
        "support": 21441.0
    },
    "weighted avg": {
        "precision": 0.9395187307693574,
        "recall": 0.9421202369292477,
        "f1-score": 0.9408093389864295,
        "support": 21441.0
    },
    "Accuracy": 0.9421202369292477,
    "F1 - Avg. Macro": 0.5376779700788301,
    "F1 - Positives": 0.10526315789473684
}