{
    "Not Affected": {
        "precision": 0.6739130434782609,
        "recall": 0.6078431372549019,
        "f1-score": 0.6391752577319587,
        "support": 51.0
    },
    "Affected": {
        "precision": 0.8941798941798942,
        "recall": 0.9184782608695652,
        "f1-score": 0.9061662198391421,
        "support": 184.0
    },
    "accuracy": 0.851063829787234,
    "macro avg": {
        "precision": 0.7840464688290776,
        "recall": 0.7631606990622335,
        "f1-score": 0.7726707387855505,
        "support": 235.0
    },
    "weighted avg": {
        "precision": 0.8463773010489014,
        "recall": 0.851063829787234,
        "f1-score": 0.8482235004031152,
        "support": 235.0
    },
    "Accuracy": 0.851063829787234,
    "F1 - Avg. Macro": 0.7726707387855505,
    "F1 - Positives": 0.9061662198391421
}