{
    "Not Affected": {
        "precision": 0.9701985123885523,
        "recall": 0.9508085928071446,
        "f1-score": 0.9604056953384045,
        "support": 20715.0
    },
    "Affected": {
        "precision": 0.10614035087719298,
        "recall": 0.16666666666666666,
        "f1-score": 0.12968917470525188,
        "support": 726.0
    },
    "accuracy": 0.9242572641201436,
    "macro avg": {
        "precision": 0.5381694316328727,
        "recall": 0.5587376297369057,
        "f1-score": 0.5450474350218282,
        "support": 21441.0
    },
    "weighted avg": {
        "precision": 0.9409411911228815,
        "recall": 0.9242572641201436,
        "f1-score": 0.9322773340688895,
        "support": 21441.0
    },
    "Accuracy": 0.9242572641201436,
    "F1 - Avg. Macro": 0.5450474350218282,
    "F1 - Positives": 0.12968917470525188
}