{
    "Not Affected": {
        "precision": 0.7142857142857143,
        "recall": 0.5882352941176471,
        "f1-score": 0.6451612903225806,
        "support": 51.0
    },
    "Affected": {
        "precision": 0.8911917098445595,
        "recall": 0.9347826086956522,
        "f1-score": 0.9124668435013262,
        "support": 184.0
    },
    "accuracy": 0.8595744680851064,
    "macro avg": {
        "precision": 0.8027387120651369,
        "recall": 0.7615089514066496,
        "f1-score": 0.7788140669119534,
        "support": 235.0
    },
    "weighted avg": {
        "precision": 0.8527993448509378,
        "recall": 0.8595744680851064,
        "f1-score": 0.8544558511093432,
        "support": 235.0
    },
    "Accuracy": 0.8595744680851064,
    "F1 - Avg. Macro": 0.7788140669119534,
    "F1 - Positives": 0.9124668435013262
}