{
    "Not Affected": {
        "precision": 0.9696506872936888,
        "recall": 0.9500844798455226,
        "f1-score": 0.9597678728177119,
        "support": 20715.0
    },
    "Affected": {
        "precision": 0.09615384615384616,
        "recall": 0.15151515151515152,
        "f1-score": 0.11764705882352941,
        "support": 726.0
    },
    "accuracy": 0.9230446341122149,
    "macro avg": {
        "precision": 0.5329022667237675,
        "recall": 0.5507998156803371,
        "f1-score": 0.5387074658206207,
        "support": 21441.0
    },
    "weighted avg": {
        "precision": 0.9400737689285227,
        "recall": 0.9230446341122149,
        "f1-score": 0.9312533580581496,
        "support": 21441.0
    },
    "Accuracy": 0.9230446341122149,
    "F1 - Avg. Macro": 0.5387074658206207,
    "F1 - Positives": 0.11764705882352941
}