{
    "Not Affected": {
        "precision": 0.9718434763330007,
        "recall": 0.8464397779386917,
        "f1-score": 0.9048171943132853,
        "support": 20715.0
    },
    "Affected": {
        "precision": 0.06413651073845249,
        "recall": 0.3002754820936639,
        "f1-score": 0.10569696969696969,
        "support": 726.0
    },
    "accuracy": 0.8279464577211884,
    "macro avg": {
        "precision": 0.5179899935357266,
        "recall": 0.5733576300161778,
        "f1-score": 0.5052570820051275,
        "support": 21441.0
    },
    "weighted avg": {
        "precision": 0.941108190804264,
        "recall": 0.8279464577211884,
        "f1-score": 0.8777586950328673,
        "support": 21441.0
    },
    "Accuracy": 0.8279464577211884,
    "F1 - Avg. Macro": 0.5052570820051275,
    "F1 - Positives": 0.10569696969696969
}