{
    "Not Affected": {
        "precision": 0.9727038626609442,
        "recall": 0.8205648081100652,
        "f1-score": 0.8901806755695209,
        "support": 20715.0
    },
    "Affected": {
        "precision": 0.06278366111951589,
        "recall": 0.34297520661157027,
        "f1-score": 0.10613810741687979,
        "support": 726.0
    },
    "accuracy": 0.8043934517979572,
    "macro avg": {
        "precision": 0.5177437618902301,
        "recall": 0.5817700073608177,
        "f1-score": 0.4981593914932003,
        "support": 21441.0
    },
    "weighted avg": {
        "precision": 0.9418936361640887,
        "recall": 0.8043934517979572,
        "f1-score": 0.8636327111798553,
        "support": 21441.0
    },
    "Accuracy": 0.8043934517979572,
    "F1 - Avg. Macro": 0.4981593914932003,
    "F1 - Positives": 0.10613810741687979
}