{
    "Not Affected": {
        "precision": 0.97041187456994,
        "recall": 0.953125754284335,
        "f1-score": 0.9616911424466038,
        "support": 20715.0
    },
    "Affected": {
        "precision": 0.1132420091324201,
        "recall": 0.17079889807162535,
        "f1-score": 0.13618890719384955,
        "support": 726.0
    },
    "accuracy": 0.9266358845203115,
    "macro avg": {
        "precision": 0.5418269418511801,
        "recall": 0.5619623261779801,
        "f1-score": 0.5489400248202266,
        "support": 21441.0
    },
    "weighted avg": {
        "precision": 0.9413877934959397,
        "recall": 0.9266358845203115,
        "f1-score": 0.9337393387623774,
        "support": 21441.0
    },
    "Accuracy": 0.9266358845203115,
    "F1 - Avg. Macro": 0.5489400248202266,
    "F1 - Positives": 0.13618890719384955
}