{
    "Not Affected": {
        "precision": 0.9717912552891397,
        "recall": 0.8647839729664495,
        "f1-score": 0.915170247005032,
        "support": 20715.0
    },
    "Affected": {
        "precision": 0.06850681742600599,
        "recall": 0.2837465564738292,
        "f1-score": 0.11036699705330832,
        "support": 726.0
    },
    "accuracy": 0.845109836294949,
    "macro avg": {
        "precision": 0.5201490363575728,
        "recall": 0.5742652647201394,
        "f1-score": 0.5127686220291702,
        "support": 21441.0
    },
    "weighted avg": {
        "precision": 0.9412057181458799,
        "recall": 0.845109836294949,
        "f1-score": 0.8879193184352381,
        "support": 21441.0
    },
    "Accuracy": 0.845109836294949,
    "F1 - Avg. Macro": 0.5127686220291702,
    "F1 - Positives": 0.11036699705330832
}