{
    "Not Affected": {
        "precision": 0.9723707163356029,
        "recall": 0.834178131788559,
        "f1-score": 0.8979888790729096,
        "support": 20715.0
    },
    "Affected": {
        "precision": 0.06403269754768393,
        "recall": 0.3236914600550964,
        "f1-score": 0.10691537761601456,
        "support": 726.0
    },
    "accuracy": 0.816892868802761,
    "macro avg": {
        "precision": 0.5182017069416434,
        "recall": 0.5789347959218277,
        "f1-score": 0.5024521283444621,
        "support": 21441.0
    },
    "weighted avg": {
        "precision": 0.9416140631179345,
        "recall": 0.816892868802761,
        "f1-score": 0.8712028447434612,
        "support": 21441.0
    },
    "Accuracy": 0.816892868802761,
    "F1 - Avg. Macro": 0.5024521283444621,
    "F1 - Positives": 0.10691537761601456
}