{
    "Not Affected": {
        "precision": 0.9702380952380952,
        "recall": 0.9127685252232681,
        "f1-score": 0.9406263214187995,
        "support": 20715.0
    },
    "Affected": {
        "precision": 0.07475678443420379,
        "recall": 0.20110192837465565,
        "f1-score": 0.10899589399029488,
        "support": 726.0
    },
    "accuracy": 0.8886712373490042,
    "macro avg": {
        "precision": 0.5224974398361495,
        "recall": 0.5569352267989619,
        "f1-score": 0.5248111077045472,
        "support": 21441.0
    },
    "weighted avg": {
        "precision": 0.939916774793917,
        "recall": 0.8886712373490042,
        "f1-score": 0.9124670149352823,
        "support": 21441.0
    },
    "Accuracy": 0.8886712373490042,
    "F1 - Avg. Macro": 0.5248111077045472,
    "F1 - Positives": 0.10899589399029488
}