{
    "Not Affected": {
        "precision": 0.9733906174208301,
        "recall": 0.6781076514602945,
        "f1-score": 0.7993512775280259,
        "support": 20715.0
    },
    "Affected": {
        "precision": 0.048787446504992865,
        "recall": 0.47107438016528924,
        "f1-score": 0.08841778697001035,
        "support": 726.0
    },
    "accuracy": 0.6710974301571755,
    "macro avg": {
        "precision": 0.5110890319629114,
        "recall": 0.5745910158127918,
        "f1-score": 0.44388453224901814,
        "support": 21441.0
    },
    "weighted avg": {
        "precision": 0.9420832202805429,
        "recall": 0.6710974301571755,
        "f1-score": 0.7752788128974062,
        "support": 21441.0
    },
    "Accuracy": 0.6710974301571755,
    "F1 - Avg. Macro": 0.44388453224901814,
    "F1 - Positives": 0.08841778697001035
}