{
    "Not Affected": {
        "precision": 0.9705643524157531,
        "recall": 0.9231957518706252,
        "f1-score": 0.9462876370023998,
        "support": 20715.0
    },
    "Affected": {
        "precision": 0.08405296488198043,
        "recall": 0.20110192837465565,
        "f1-score": 0.11855460820138043,
        "support": 726.0
    },
    "accuracy": 0.8987453943379506,
    "macro avg": {
        "precision": 0.5273086586488668,
        "recall": 0.5621488401226404,
        "f1-score": 0.5324211226018901,
        "support": 21441.0
    },
    "weighted avg": {
        "precision": 0.9405467568115593,
        "recall": 0.8987453943379506,
        "f1-score": 0.9182602978433336,
        "support": 21441.0
    },
    "Accuracy": 0.8987453943379506,
    "F1 - Avg. Macro": 0.5324211226018901,
    "F1 - Positives": 0.11855460820138043
}