{
    "Not Affected": {
        "precision": 0.9742965194538812,
        "recall": 0.7337678011103066,
        "f1-score": 0.8370965965414693,
        "support": 20715.0
    },
    "Affected": {
        "precision": 0.05565068493150685,
        "recall": 0.4476584022038568,
        "f1-score": 0.09899482180932075,
        "support": 726.0
    },
    "accuracy": 0.7240800335805233,
    "macro avg": {
        "precision": 0.5149736021926941,
        "recall": 0.5907131016570817,
        "f1-score": 0.468045709175395,
        "support": 21441.0
    },
    "weighted avg": {
        "precision": 0.9431908398744192,
        "recall": 0.7240800335805234,
        "f1-score": 0.8121042040012174,
        "support": 21441.0
    },
    "Accuracy": 0.7240800335805233,
    "F1 - Avg. Macro": 0.468045709175395,
    "F1 - Positives": 0.09899482180932075
}