{
    "Not Affected": {
        "precision": 0.9720664186149831,
        "recall": 0.8449915520154477,
        "f1-score": 0.9040855327720676,
        "support": 20715.0
    },
    "Affected": {
        "precision": 0.06493884682585906,
        "recall": 0.3071625344352617,
        "f1-score": 0.10721153846153846,
        "support": 726.0
    },
    "accuracy": 0.8267804673289492,
    "macro avg": {
        "precision": 0.5185026327204211,
        "recall": 0.5760770432253547,
        "f1-score": 0.505648535616803,
        "support": 21441.0
    },
    "weighted avg": {
        "precision": 0.9413507515696539,
        "recall": 0.8267804673289492,
        "f1-score": 0.8771030916606715,
        "support": 21441.0
    },
    "Accuracy": 0.8267804673289492,
    "F1 - Avg. Macro": 0.505648535616803,
    "F1 - Positives": 0.10721153846153846
}