{
    "Not Affected": {
        "precision": 0.9724178403755869,
        "recall": 0.7999034516051171,
        "f1-score": 0.8777645344987419,
        "support": 20715.0
    },
    "Affected": {
        "precision": 0.05816859804589866,
        "recall": 0.3526170798898072,
        "f1-score": 0.09986346791496002,
        "support": 726.0
    },
    "accuracy": 0.7847581735926495,
    "macro avg": {
        "precision": 0.5152932192107428,
        "recall": 0.5762602657474621,
        "f1-score": 0.488814001206851,
        "support": 21441.0
    },
    "weighted avg": {
        "precision": 0.9414610309948978,
        "recall": 0.7847581735926495,
        "f1-score": 0.8514245235692226,
        "support": 21441.0
    },
    "Accuracy": 0.7847581735926495,
    "F1 - Avg. Macro": 0.488814001206851,
    "F1 - Positives": 0.09986346791496002
}