{
    "Not Affected": {
        "precision": 0.9712658555526793,
        "recall": 0.9056239440019309,
        "f1-score": 0.9372970272295779,
        "support": 20715.0
    },
    "Affected": {
        "precision": 0.08043273753527752,
        "recall": 0.23553719008264462,
        "f1-score": 0.11991584852734923,
        "support": 726.0
    },
    "accuracy": 0.8829345646191875,
    "macro avg": {
        "precision": 0.5258492965439784,
        "recall": 0.5705805670422878,
        "f1-score": 0.5286064378784635,
        "support": 21441.0
    },
    "weighted avg": {
        "precision": 0.9411019245942058,
        "recall": 0.8829345646191875,
        "f1-score": 0.9096202054517775,
        "support": 21441.0
    },
    "Accuracy": 0.8829345646191875,
    "F1 - Avg. Macro": 0.5286064378784635,
    "F1 - Positives": 0.11991584852734923
}