{
    "Not Affected": {
        "precision": 0.9726586185987542,
        "recall": 0.8517982138546947,
        "f1-score": 0.90822524191888,
        "support": 20715.0
    },
    "Affected": {
        "precision": 0.0696969696969697,
        "recall": 0.3168044077134986,
        "f1-score": 0.11425732737208147,
        "support": 726.0
    },
    "accuracy": 0.8336831304510051,
    "macro avg": {
        "precision": 0.5211777941478619,
        "recall": 0.5843013107840966,
        "f1-score": 0.5112412846454807,
        "support": 21441.0
    },
    "weighted avg": {
        "precision": 0.9420840112062494,
        "recall": 0.8336831304510051,
        "f1-score": 0.8813412017173514,
        "support": 21441.0
    },
    "Accuracy": 0.8336831304510051,
    "F1 - Avg. Macro": 0.5112412846454807,
    "F1 - Positives": 0.11425732737208147
}