{
    "Not Affected": {
        "precision": 0.9747442680776014,
        "recall": 0.6670045860487569,
        "f1-score": 0.7920321008885067,
        "support": 20715.0
    },
    "Affected": {
        "precision": 0.05064684833470961,
        "recall": 0.5068870523415978,
        "f1-score": 0.0920920920920921,
        "support": 726.0
    },
    "accuracy": 0.6615829485565039,
    "macro avg": {
        "precision": 0.5126955582061555,
        "recall": 0.5869458191951773,
        "f1-score": 0.4420620964902994,
        "support": 21441.0
    },
    "weighted avg": {
        "precision": 0.9434539958546015,
        "recall": 0.6615829485565039,
        "f1-score": 0.7683318795188785,
        "support": 21441.0
    },
    "Accuracy": 0.6615829485565039,
    "F1 - Avg. Macro": 0.4420620964902994,
    "F1 - Positives": 0.0920920920920921
}