{
    "Not Affected": {
        "precision": 0.9730643797560092,
        "recall": 0.777793869176925,
        "f1-score": 0.8645400155608618,
        "support": 20715.0
    },
    "Affected": {
        "precision": 0.057341798074953924,
        "recall": 0.3856749311294766,
        "f1-score": 0.09983954359065787,
        "support": 726.0
    },
    "accuracy": 0.7645165803833777,
    "macro avg": {
        "precision": 0.5152030889154816,
        "recall": 0.5817344001532008,
        "f1-score": 0.4821897795757598,
        "support": 21441.0
    },
    "weighted avg": {
        "precision": 0.9420576825730212,
        "recall": 0.7645165803833777,
        "f1-score": 0.8386469815302491,
        "support": 21441.0
    },
    "Accuracy": 0.7645165803833777,
    "F1 - Avg. Macro": 0.4821897795757598,
    "F1 - Positives": 0.09983954359065787
}