{
    "Not Affected": {
        "precision": 0.9731993299832495,
        "recall": 0.8133719526912865,
        "f1-score": 0.8861365309771747,
        "support": 20715.0
    },
    "Affected": {
        "precision": 0.06346899224806202,
        "recall": 0.3608815426997245,
        "f1-score": 0.10795220436753193,
        "support": 726.0
    },
    "accuracy": 0.7980504640641761,
    "macro avg": {
        "precision": 0.5183341611156558,
        "recall": 0.5871267476955055,
        "f1-score": 0.4970443676723533,
        "support": 21441.0
    },
    "weighted avg": {
        "precision": 0.9423955323434124,
        "recall": 0.7980504640641761,
        "f1-score": 0.8597869287609254,
        "support": 21441.0
    },
    "Accuracy": 0.7980504640641761,
    "F1 - Avg. Macro": 0.4970443676723533,
    "F1 - Positives": 0.10795220436753193
}