{
    "Not Affected": {
        "precision": 0.972350489920036,
        "recall": 0.83355056722182,
        "f1-score": 0.8976165102799366,
        "support": 20715.0
    },
    "Affected": {
        "precision": 0.0638066793374966,
        "recall": 0.3236914600550964,
        "f1-score": 0.10660013608528011,
        "support": 726.0
    },
    "accuracy": 0.8162865537987967,
    "macro avg": {
        "precision": 0.5180785846287663,
        "recall": 0.5786210136384582,
        "f1-score": 0.5021083231826083,
        "support": 21441.0
    },
    "weighted avg": {
        "precision": 0.9415868685179127,
        "recall": 0.8162865537987967,
        "f1-score": 0.8708324103002099,
        "support": 21441.0
    },
    "Accuracy": 0.8162865537987967,
    "F1 - Avg. Macro": 0.5021083231826083,
    "F1 - Positives": 0.10660013608528011
}