{
    "Not Affected": {
        "precision": 0.9717126222124575,
        "recall": 0.8540188269370022,
        "f1-score": 0.9090722232213971,
        "support": 20715.0
    },
    "Affected": {
        "precision": 0.06522411128284389,
        "recall": 0.290633608815427,
        "f1-score": 0.10653875284019187,
        "support": 726.0
    },
    "accuracy": 0.8349424000746234,
    "macro avg": {
        "precision": 0.5184683667476506,
        "recall": 0.5723262178762145,
        "f1-score": 0.5078054880307945,
        "support": 21441.0
    },
    "weighted avg": {
        "precision": 0.9410185939985263,
        "recall": 0.8349424000746234,
        "f1-score": 0.8818981502072302,
        "support": 21441.0
    },
    "Accuracy": 0.8349424000746234,
    "F1 - Avg. Macro": 0.5078054880307945,
    "F1 - Positives": 0.10653875284019187
}