{
    "Not Affected": {
        "precision": 0.6792452830188679,
        "recall": 0.7058823529411765,
        "f1-score": 0.6923076923076923,
        "support": 51.0
    },
    "Affected": {
        "precision": 0.9175824175824175,
        "recall": 0.907608695652174,
        "f1-score": 0.912568306010929,
        "support": 184.0
    },
    "accuracy": 0.8638297872340426,
    "macro avg": {
        "precision": 0.7984138503006427,
        "recall": 0.8067455242966752,
        "f1-score": 0.8024379991593107,
        "support": 235.0
    },
    "weighted avg": {
        "precision": 0.8658581883792641,
        "recall": 0.8638297872340426,
        "f1-score": 0.8647670664412904,
        "support": 235.0
    },
    "Accuracy": 0.8638297872340426,
    "F1 - Avg. Macro": 0.8024379991593107,
    "F1 - Positives": 0.912568306010929
}