{
    "Not Affected": {
        "precision": 0.9735540334855404,
        "recall": 0.7410572049239681,
        "f1-score": 0.8415426362963572,
        "support": 20715.0
    },
    "Affected": {
        "precision": 0.05446853516657853,
        "recall": 0.4256198347107438,
        "f1-score": 0.09657759024847633,
        "support": 726.0
    },
    "accuracy": 0.7303763816986149,
    "macro avg": {
        "precision": 0.5140112843260595,
        "recall": 0.583338519817356,
        "f1-score": 0.46906011327241676,
        "support": 21441.0
    },
    "weighted avg": {
        "precision": 0.9424334667312114,
        "recall": 0.7303763816986147,
        "f1-score": 0.8163178509117781,
        "support": 21441.0
    },
    "Accuracy": 0.7303763816986149,
    "F1 - Avg. Macro": 0.46906011327241676,
    "F1 - Positives": 0.09657759024847633
}