{
    "Not Affected": {
        "precision": 0.9731261924230036,
        "recall": 0.8617909727250784,
        "f1-score": 0.9140809011776754,
        "support": 20715.0
    },
    "Affected": {
        "precision": 0.07525839793281654,
        "recall": 0.3209366391184573,
        "f1-score": 0.12192569335426479,
        "support": 726.0
    },
    "accuracy": 0.8434774497458141,
    "macro avg": {
        "precision": 0.5241922951779101,
        "recall": 0.5913638059217678,
        "f1-score": 0.51800329726597,
        "support": 21441.0
    },
    "weighted avg": {
        "precision": 0.9427240647797092,
        "recall": 0.8434774497458141,
        "f1-score": 0.8872582398801708,
        "support": 21441.0
    },
    "Accuracy": 0.8434774497458141,
    "F1 - Avg. Macro": 0.51800329726597,
    "F1 - Positives": 0.12192569335426479
}