{
    "Not Affected": {
        "precision": 0.9743295239189111,
        "recall": 0.8190200337919382,
        "f1-score": 0.8899496433067562,
        "support": 20715.0
    },
    "Affected": {
        "precision": 0.0692651439920556,
        "recall": 0.384297520661157,
        "f1-score": 0.11737484223811527,
        "support": 726.0
    },
    "accuracy": 0.804300172566578,
    "macro avg": {
        "precision": 0.5217973339554833,
        "recall": 0.6016587772265476,
        "f1-score": 0.5036622427724358,
        "support": 21441.0
    },
    "weighted avg": {
        "precision": 0.9436837172948311,
        "recall": 0.804300172566578,
        "f1-score": 0.8637899816503114,
        "support": 21441.0
    },
    "Accuracy": 0.804300172566578,
    "F1 - Avg. Macro": 0.5036622427724358,
    "F1 - Positives": 0.11737484223811527
}