{
    "Not Affected": {
        "precision": 0.9722523303706915,
        "recall": 0.8660391020999276,
        "f1-score": 0.9160773099803406,
        "support": 20715.0
    },
    "Affected": {
        "precision": 0.07159585145533623,
        "recall": 0.29476584022038566,
        "f1-score": 0.11520861372812921,
        "support": 726.0
    },
    "accuracy": 0.8466955832283942,
    "macro avg": {
        "precision": 0.5219240909130138,
        "recall": 0.5804024711601566,
        "f1-score": 0.515642961854235,
        "support": 21441.0
    },
    "weighted avg": {
        "precision": 0.9417557768660719,
        "recall": 0.8466955832283942,
        "f1-score": 0.8889596068191493,
        "support": 21441.0
    },
    "Accuracy": 0.8466955832283942,
    "F1 - Avg. Macro": 0.515642961854235,
    "F1 - Positives": 0.11520861372812921
}