{
    "Not Affected": {
        "precision": 0.965234375,
        "recall": 0.4771421675114651,
        "f1-score": 0.6386044257793572,
        "support": 20715.0
    },
    "Affected": {
        "precision": 0.03303276493170253,
        "recall": 0.509641873278237,
        "f1-score": 0.06204410161817724,
        "support": 726.0
    },
    "accuracy": 0.4782426192808171,
    "macro avg": {
        "precision": 0.49913356996585123,
        "recall": 0.493392020394851,
        "f1-score": 0.3503242636987672,
        "support": 21441.0
    },
    "weighted avg": {
        "precision": 0.9336696919670453,
        "recall": 0.4782426192808171,
        "f1-score": 0.6190818850703875,
        "support": 21441.0
    },
    "Accuracy": 0.4782426192808171,
    "F1 - Avg. Macro": 0.3503242636987672,
    "F1 - Positives": 0.06204410161817724
}