{
    "Not Affected": {
        "precision": 0.9703685382141973,
        "recall": 0.9469466570118272,
        "f1-score": 0.9585145370144148,
        "support": 20715.0
    },
    "Affected": {
        "precision": 0.10358890701468189,
        "recall": 0.174931129476584,
        "f1-score": 0.13012295081967212,
        "support": 726.0
    },
    "accuracy": 0.9208059325591157,
    "macro avg": {
        "precision": 0.5369787226144396,
        "recall": 0.5609388932442056,
        "f1-score": 0.5443187439170435,
        "support": 21441.0
    },
    "weighted avg": {
        "precision": 0.9410190670024605,
        "recall": 0.9208059325591157,
        "f1-score": 0.9304648988642641,
        "support": 21441.0
    },
    "Accuracy": 0.9208059325591157,
    "F1 - Avg. Macro": 0.5443187439170435,
    "F1 - Positives": 0.13012295081967212
}