{
    "Not Affected": {
        "precision": 0.9726320290784691,
        "recall": 0.8783972966449433,
        "f1-score": 0.9231159475433123,
        "support": 20715.0
    },
    "Affected": {
        "precision": 0.0783022319795097,
        "recall": 0.29476584022038566,
        "f1-score": 0.1237351835790691,
        "support": 726.0
    },
    "accuracy": 0.8586353248449233,
    "macro avg": {
        "precision": 0.5254671305289894,
        "recall": 0.5865815684326645,
        "f1-score": 0.5234255655611907,
        "support": 21441.0
    },
    "weighted avg": {
        "precision": 0.9423496993040256,
        "recall": 0.8586353248449233,
        "f1-score": 0.896048626306521,
        "support": 21441.0
    },
    "Accuracy": 0.8586353248449233,
    "F1 - Avg. Macro": 0.5234255655611907,
    "F1 - Positives": 0.1237351835790691
}