{
    "Not Affected": {
        "precision": 0.6585365853658537,
        "recall": 0.5294117647058824,
        "f1-score": 0.5869565217391305,
        "support": 51.0
    },
    "Affected": {
        "precision": 0.8762886597938144,
        "recall": 0.9239130434782609,
        "f1-score": 0.8994708994708994,
        "support": 184.0
    },
    "accuracy": 0.8382978723404255,
    "macro avg": {
        "precision": 0.7674126225798341,
        "recall": 0.7266624040920716,
        "f1-score": 0.743213710605015,
        "support": 235.0
    },
    "weighted avg": {
        "precision": 0.8290318266200868,
        "recall": 0.8382978723404255,
        "f1-score": 0.8316486302610262,
        "support": 235.0
    },
    "Accuracy": 0.8382978723404255,
    "F1 - Avg. Macro": 0.743213710605015,
    "F1 - Positives": 0.8994708994708994
}