{
    "Not Affected": {
        "precision": 0.9728203934349902,
        "recall": 0.8069032102341298,
        "f1-score": 0.8821278729187007,
        "support": 20715.0
    },
    "Affected": {
        "precision": 0.06081239727635595,
        "recall": 0.35674931129476584,
        "f1-score": 0.10391173520561685,
        "support": 726.0
    },
    "accuracy": 0.7916608367147054,
    "macro avg": {
        "precision": 0.516816395355673,
        "recall": 0.5818262607644478,
        "f1-score": 0.49301980406215873,
        "support": 21441.0
    },
    "weighted avg": {
        "precision": 0.9419394734587219,
        "recall": 0.7916608367147054,
        "f1-score": 0.8557771935670054,
        "support": 21441.0
    },
    "Accuracy": 0.7916608367147054,
    "F1 - Avg. Macro": 0.49301980406215873,
    "F1 - Positives": 0.10391173520561685
}