{
    "Not Affected": {
        "precision": 0.973128481361327,
        "recall": 0.7674631909244509,
        "f1-score": 0.8581453092950448,
        "support": 20715.0
    },
    "Affected": {
        "precision": 0.056230407523510974,
        "recall": 0.3953168044077135,
        "f1-score": 0.09845626072041166,
        "support": 726.0
    },
    "accuracy": 0.7548621799356373,
    "macro avg": {
        "precision": 0.514679444442419,
        "recall": 0.5813899976660822,
        "f1-score": 0.47830078500772827,
        "support": 21441.0
    },
    "weighted avg": {
        "precision": 0.9420819815895695,
        "recall": 0.7548621799356373,
        "f1-score": 0.832421963869683,
        "support": 21441.0
    },
    "Accuracy": 0.7548621799356373,
    "F1 - Avg. Macro": 0.47830078500772827,
    "F1 - Positives": 0.09845626072041166
}