{
    "Not Affected": {
        "precision": 0.7647058823529411,
        "recall": 0.5098039215686274,
        "f1-score": 0.611764705882353,
        "support": 51.0
    },
    "Affected": {
        "precision": 0.8756218905472637,
        "recall": 0.9565217391304348,
        "f1-score": 0.9142857142857143,
        "support": 184.0
    },
    "accuracy": 0.8595744680851064,
    "macro avg": {
        "precision": 0.8201638864501024,
        "recall": 0.7331628303495311,
        "f1-score": 0.7630252100840336,
        "support": 235.0
    },
    "weighted avg": {
        "precision": 0.8515507568540277,
        "recall": 0.8595744680851064,
        "f1-score": 0.8486322188449849,
        "support": 235.0
    },
    "Accuracy": 0.8595744680851064,
    "F1 - Avg. Macro": 0.7630252100840336,
    "F1 - Positives": 0.9142857142857143
}