{
    "Not Affected": {
        "precision": 0.9708609942735519,
        "recall": 0.9248370745836351,
        "f1-score": 0.9472903481012658,
        "support": 20715.0
    },
    "Affected": {
        "precision": 0.08840749414519906,
        "recall": 0.20798898071625344,
        "f1-score": 0.12407559572719803,
        "support": 726.0
    },
    "accuracy": 0.9005643393498438,
    "macro avg": {
        "precision": 0.5296342442093754,
        "recall": 0.5664130276499443,
        "f1-score": 0.5356829719142319,
        "support": 21441.0
    },
    "weighted avg": {
        "precision": 0.940980800201765,
        "recall": 0.9005643393498438,
        "f1-score": 0.9194159994130715,
        "support": 21441.0
    },
    "Accuracy": 0.9005643393498438,
    "F1 - Avg. Macro": 0.5356829719142319,
    "F1 - Positives": 0.12407559572719803
}