{
    "Not Affected": {
        "precision": 0.9738723046429215,
        "recall": 0.7827178373159546,
        "f1-score": 0.8678942297398565,
        "support": 20715.0
    },
    "Affected": {
        "precision": 0.06072621035058431,
        "recall": 0.40082644628099173,
        "f1-score": 0.10547299746284886,
        "support": 726.0
    },
    "accuracy": 0.7697868569562987,
    "macro avg": {
        "precision": 0.5172992574967529,
        "recall": 0.5917721417984732,
        "f1-score": 0.4866836136013527,
        "support": 21441.0
    },
    "weighted avg": {
        "precision": 0.9429528482530034,
        "recall": 0.7697868569562987,
        "f1-score": 0.8420783715880397,
        "support": 21441.0
    },
    "Accuracy": 0.7697868569562987,
    "F1 - Avg. Macro": 0.4866836136013527,
    "F1 - Positives": 0.10547299746284886
}