{
    "Not Affected": {
        "precision": 0.7368421052631579,
        "recall": 0.5490196078431373,
        "f1-score": 0.6292134831460674,
        "support": 51.0
    },
    "Affected": {
        "precision": 0.883248730964467,
        "recall": 0.9456521739130435,
        "f1-score": 0.9133858267716536,
        "support": 184.0
    },
    "accuracy": 0.8595744680851064,
    "macro avg": {
        "precision": 0.8100454181138124,
        "recall": 0.7473358908780904,
        "f1-score": 0.7712996549588604,
        "support": 235.0
    },
    "weighted avg": {
        "precision": 0.8514753781526935,
        "recall": 0.8595744680851064,
        "f1-score": 0.8517143819848243,
        "support": 235.0
    },
    "Accuracy": 0.8595744680851064,
    "F1 - Avg. Macro": 0.7712996549588604,
    "F1 - Positives": 0.9133858267716536
}