{
    "Not Affected": {
        "precision": 0.7209302325581395,
        "recall": 0.6078431372549019,
        "f1-score": 0.6595744680851063,
        "support": 51.0
    },
    "Affected": {
        "precision": 0.8958333333333334,
        "recall": 0.9347826086956522,
        "f1-score": 0.9148936170212766,
        "support": 184.0
    },
    "accuracy": 0.8638297872340426,
    "macro avg": {
        "precision": 0.8083817829457365,
        "recall": 0.7713128729752771,
        "f1-score": 0.7872340425531914,
        "support": 235.0
    },
    "weighted avg": {
        "precision": 0.8578756391225466,
        "recall": 0.8638297872340426,
        "f1-score": 0.8594839293798098,
        "support": 235.0
    },
    "Accuracy": 0.8638297872340426,
    "F1 - Avg. Macro": 0.7872340425531914,
    "F1 - Positives": 0.9148936170212766
}