{
    "Not Affected": {
        "precision": 0.9710056151097499,
        "recall": 0.9182717837315955,
        "f1-score": 0.9439027415953356,
        "support": 20715.0
    },
    "Affected": {
        "precision": 0.08535926526202053,
        "recall": 0.21763085399449036,
        "f1-score": 0.1226232052774544,
        "support": 726.0
    },
    "accuracy": 0.8945478289258897,
    "macro avg": {
        "precision": 0.5281824401858852,
        "recall": 0.567951318863043,
        "f1-score": 0.533262973436395,
        "support": 21441.0
    },
    "weighted avg": {
        "precision": 0.9410173099938759,
        "recall": 0.8945478289258897,
        "f1-score": 0.9160939200213988,
        "support": 21441.0
    },
    "Accuracy": 0.8945478289258897,
    "F1 - Avg. Macro": 0.533262973436395,
    "F1 - Positives": 0.1226232052774544
}