{
    "0": {
        "precision": 0.9708909292705075,
        "recall": 0.9290369297610427,
        "f1-score": 0.9495029232552976,
        "support": 20715.0
    },
    "1": {
        "precision": 0.09203211859172329,
        "recall": 0.20523415977961432,
        "f1-score": 0.12707889125799574,
        "support": 726.0
    },
    "accuracy": 0.904528706683457,
    "macro avg": {
        "precision": 0.5314615239311153,
        "recall": 0.5671355447703285,
        "f1-score": 0.5382909072566466,
        "support": 21441.0
    },
    "weighted avg": {
        "precision": 0.941132452681132,
        "recall": 0.904528706683457,
        "f1-score": 0.9216553486445033,
        "support": 21441.0
    },
    "Accuracy": 0.904528706683457,
    "F1 - Avg. Macro": 0.5382909072566466,
    "F1 - Positives": 0.12707889125799574
}