{
    "Not Affected": {
        "precision": 0.9712979425958852,
        "recall": 0.9230026550808593,
        "f1-score": 0.9465346534653465,
        "support": 20715.0
    },
    "Affected": {
        "precision": 0.09168564920273349,
        "recall": 0.22176308539944903,
        "f1-score": 0.1297340854149879,
        "support": 726.0
    },
    "accuracy": 0.8992584301105359,
    "macro avg": {
        "precision": 0.5314917958993094,
        "recall": 0.5723828702401542,
        "f1-score": 0.5381343694401672,
        "support": 21441.0
    },
    "weighted avg": {
        "precision": 0.9415139528098012,
        "recall": 0.8992584301105359,
        "f1-score": 0.9188774913738135,
        "support": 21441.0
    },
    "Accuracy": 0.8992584301105359,
    "F1 - Avg. Macro": 0.5381343694401672,
    "F1 - Positives": 0.1297340854149879
}