{
    "Not Affected": {
        "precision": 0.9714314455286188,
        "recall": 0.932367849384504,
        "f1-score": 0.9514988792275292,
        "support": 20715.0
    },
    "Affected": {
        "precision": 0.1013470173187941,
        "recall": 0.21763085399449036,
        "f1-score": 0.13829321663019695,
        "support": 726.0
    },
    "accuracy": 0.9081665967072431,
    "macro avg": {
        "precision": 0.5363892314237064,
        "recall": 0.5749993516894972,
        "f1-score": 0.544896047928863,
        "support": 21441.0
    },
    "weighted avg": {
        "precision": 0.9419700726971122,
        "recall": 0.9081665967072431,
        "f1-score": 0.9239634419323628,
        "support": 21441.0
    },
    "Accuracy": 0.9081665967072431,
    "F1 - Avg. Macro": 0.544896047928863,
    "F1 - Positives": 0.13829321663019695
}