{
    "Not Affected": {
        "precision": 0.9723181580324437,
        "recall": 0.8969828626599082,
        "f1-score": 0.9331324544883867,
        "support": 20715.0
    },
    "Affected": {
        "precision": 0.08451308451308451,
        "recall": 0.2713498622589532,
        "f1-score": 0.12888452731436048,
        "support": 726.0
    },
    "accuracy": 0.8757987034186838,
    "macro avg": {
        "precision": 0.5284156212727641,
        "recall": 0.5841663624594307,
        "f1-score": 0.5310084909013736,
        "support": 21441.0
    },
    "weighted avg": {
        "precision": 0.9422567577537693,
        "recall": 0.8757987034186838,
        "f1-score": 0.9059003293483118,
        "support": 21441.0
    },
    "Accuracy": 0.8757987034186838,
    "F1 - Avg. Macro": 0.5310084909013736,
    "F1 - Positives": 0.12888452731436048
}