{
    "Not Affected": {
        "precision": 0.9750570026946729,
        "recall": 0.6812454742939898,
        "f1-score": 0.8020916221439127,
        "support": 20715.0
    },
    "Affected": {
        "precision": 0.05238231917336395,
        "recall": 0.5027548209366391,
        "f1-score": 0.09487912659214973,
        "support": 726.0
    },
    "accuracy": 0.6752017163378574,
    "macro avg": {
        "precision": 0.5137196609340184,
        "recall": 0.5920001476153145,
        "f1-score": 0.4484853743680312,
        "support": 21441.0
    },
    "weighted avg": {
        "precision": 0.9438149048337302,
        "recall": 0.6752017163378574,
        "f1-score": 0.7781451517474489,
        "support": 21441.0
    },
    "Accuracy": 0.6752017163378574,
    "F1 - Avg. Macro": 0.4484853743680312,
    "F1 - Positives": 0.09487912659214973
}