{
    "Not Affected": {
        "precision": 0.9721683206741698,
        "recall": 0.8464880521361332,
        "f1-score": 0.9049855491329479,
        "support": 20715.0
    },
    "Affected": {
        "precision": 0.06580493537015276,
        "recall": 0.3085399449035813,
        "f1-score": 0.10847457627118644,
        "support": 726.0
    },
    "accuracy": 0.8282729350310153,
    "macro avg": {
        "precision": 0.5189866280221613,
        "recall": 0.5775139985198572,
        "f1-score": 0.5067300627020672,
        "support": 21441.0
    },
    "weighted avg": {
        "precision": 0.9414785292590904,
        "recall": 0.8282729350310153,
        "f1-score": 0.8780154000588544,
        "support": 21441.0
    },
    "Accuracy": 0.8282729350310153,
    "F1 - Avg. Macro": 0.5067300627020672,
    "F1 - Positives": 0.10847457627118644
}