{
    "Not Affected": {
        "precision": 0.6379310344827587,
        "recall": 0.7254901960784313,
        "f1-score": 0.6788990825688074,
        "support": 51.0
    },
    "Affected": {
        "precision": 0.9209039548022598,
        "recall": 0.8858695652173914,
        "f1-score": 0.9030470914127424,
        "support": 184.0
    },
    "accuracy": 0.851063829787234,
    "macro avg": {
        "precision": 0.7794174946425092,
        "recall": 0.8056798806479113,
        "f1-score": 0.790973086990775,
        "support": 235.0
    },
    "weighted avg": {
        "precision": 0.8594928103924958,
        "recall": 0.851063829787234,
        "f1-score": 0.8544022043870374,
        "support": 235.0
    },
    "Accuracy": 0.851063829787234,
    "F1 - Avg. Macro": 0.790973086990775,
    "F1 - Positives": 0.9030470914127424
}