{
    "Not Affected": {
        "precision": 0.9710754951162917,
        "recall": 0.8686941829592083,
        "f1-score": 0.9170361310706824,
        "support": 20715.0
    },
    "Affected": {
        "precision": 0.06529209621993128,
        "recall": 0.26170798898071623,
        "f1-score": 0.10451045104510451,
        "support": 726.0
    },
    "accuracy": 0.8481414113147707,
    "macro avg": {
        "precision": 0.5181837956681115,
        "recall": 0.5652010859699623,
        "f1-score": 0.5107732910578935,
        "support": 21441.0
    },
    "weighted avg": {
        "precision": 0.9404053422503453,
        "recall": 0.8481414113147707,
        "f1-score": 0.889523718230863,
        "support": 21441.0
    },
    "Accuracy": 0.8481414113147707,
    "F1 - Avg. Macro": 0.5107732910578935,
    "F1 - Positives": 0.10451045104510451
}