{
    "0": {
        "precision": 0.9724387096774193,
        "recall": 0.9095341539946898,
        "f1-score": 0.9399351459216763,
        "support": 20715.0
    },
    "1": {
        "precision": 0.09293320425943853,
        "recall": 0.2644628099173554,
        "f1-score": 0.13753581661891118,
        "support": 726.0
    },
    "accuracy": 0.8876918054195233,
    "macro avg": {
        "precision": 0.5326859569684289,
        "recall": 0.5869984819560226,
        "f1-score": 0.5387354812702937,
        "support": 21441.0
    },
    "weighted avg": {
        "precision": 0.942658335770724,
        "recall": 0.8876918054195233,
        "f1-score": 0.9127656149728489,
        "support": 21441.0
    },
    "Accuracy": 0.8876918054195233,
    "F1 - Avg. Macro": 0.5387354812702937,
    "F1 - Positives": 0.13753581661891118
}