{
    "Not Affected": {
        "precision": 0.9679941002949852,
        "recall": 0.9504706734250543,
        "f1-score": 0.9591523565948118,
        "support": 20715.0
    },
    "Affected": {
        "precision": 0.0681198910081744,
        "recall": 0.10330578512396695,
        "f1-score": 0.08210180623973727,
        "support": 726.0
    },
    "accuracy": 0.9217853644885966,
    "macro avg": {
        "precision": 0.5180569956515798,
        "recall": 0.5268882292745106,
        "f1-score": 0.5206270814172745,
        "support": 21441.0
    },
    "weighted avg": {
        "precision": 0.9375240347223802,
        "recall": 0.9217853644885966,
        "f1-score": 0.9294551083527622,
        "support": 21441.0
    },
    "Accuracy": 0.9217853644885966,
    "F1 - Avg. Macro": 0.5206270814172745,
    "F1 - Positives": 0.08210180623973727
}