{
    "Not Affected": {
        "precision": 0.9765629682910747,
        "recall": 0.7864832247163891,
        "f1-score": 0.871276538852345,
        "support": 20715.0
    },
    "Affected": {
        "precision": 0.07040773434216058,
        "recall": 0.46143250688705234,
        "f1-score": 0.12217359591539023,
        "support": 726.0
    },
    "accuracy": 0.7754768900704259,
    "macro avg": {
        "precision": 0.5234853513166177,
        "recall": 0.6239578658017207,
        "f1-score": 0.4967250673838676,
        "support": 21441.0
    },
    "weighted avg": {
        "precision": 0.9458802249560196,
        "recall": 0.7754768900704259,
        "f1-score": 0.8459116427853598,
        "support": 21441.0
    },
    "Accuracy": 0.7754768900704259,
    "F1 - Avg. Macro": 0.4967250673838676,
    "F1 - Positives": 0.12217359591539023
}