{
    "Not Affected": {
        "precision": 0.9701222038111019,
        "recall": 0.9044170890658942,
        "f1-score": 0.9361181202688186,
        "support": 20715.0
    },
    "Affected": {
        "precision": 0.06998590887740723,
        "recall": 0.20523415977961432,
        "f1-score": 0.10437828371278458,
        "support": 726.0
    },
    "accuracy": 0.8807425026817779,
    "macro avg": {
        "precision": 0.5200540563442546,
        "recall": 0.5548256244227543,
        "f1-score": 0.5202482019908016,
        "support": 21441.0
    },
    "weighted avg": {
        "precision": 0.9396432639238829,
        "recall": 0.8807425026817779,
        "f1-score": 0.9079551091527475,
        "support": 21441.0
    },
    "Accuracy": 0.8807425026817779,
    "F1 - Avg. Macro": 0.5202482019908016,
    "F1 - Positives": 0.10437828371278458
}