{
    "Not Affected": {
        "precision": 0.9700829383886256,
        "recall": 0.9485879797248371,
        "f1-score": 0.9592150545507798,
        "support": 20715.0
    },
    "Affected": {
        "precision": 0.10126582278481013,
        "recall": 0.1652892561983471,
        "f1-score": 0.12558869701726844,
        "support": 726.0
    },
    "accuracy": 0.922065202182734,
    "macro avg": {
        "precision": 0.5356743805867179,
        "recall": 0.556938617961592,
        "f1-score": 0.5424018757840241,
        "support": 21441.0
    },
    "weighted avg": {
        "precision": 0.9406644772194465,
        "recall": 0.922065202182734,
        "f1-score": 0.9309881651533949,
        "support": 21441.0
    },
    "Accuracy": 0.922065202182734,
    "F1 - Avg. Macro": 0.5424018757840241,
    "F1 - Positives": 0.12558869701726844
}