{
    "Not Affected": {
        "precision": 0.9729060743912229,
        "recall": 0.7020516533912624,
        "f1-score": 0.8155791716905476,
        "support": 20715.0
    },
    "Affected": {
        "precision": 0.049437856152779916,
        "recall": 0.44214876033057854,
        "f1-score": 0.08893198503947915,
        "support": 726.0
    },
    "accuracy": 0.6932512476097197,
    "macro avg": {
        "precision": 0.5111719652720014,
        "recall": 0.5721002068609204,
        "f1-score": 0.4522555783650134,
        "support": 21441.0
    },
    "weighted avg": {
        "precision": 0.9416371071582995,
        "recall": 0.6932512476097197,
        "f1-score": 0.79097463563772,
        "support": 21441.0
    },
    "Accuracy": 0.6932512476097197,
    "F1 - Avg. Macro": 0.4522555783650134,
    "F1 - Positives": 0.08893198503947915
}