{
    "Not Affected": {
        "precision": 0.9738948170731707,
        "recall": 0.7401882693700217,
        "f1-score": 0.8411091911462191,
        "support": 20715.0
    },
    "Affected": {
        "precision": 0.05529225908372828,
        "recall": 0.43388429752066116,
        "f1-score": 0.09808500700607192,
        "support": 726.0
    },
    "accuracy": 0.72981670631034,
    "macro avg": {
        "precision": 0.5145935380784495,
        "recall": 0.5870362834453414,
        "f1-score": 0.4695970990761455,
        "support": 21441.0
    },
    "weighted avg": {
        "precision": 0.9427906028527363,
        "recall": 0.72981670631034,
        "f1-score": 0.8159501240464686,
        "support": 21441.0
    },
    "Accuracy": 0.72981670631034,
    "F1 - Avg. Macro": 0.4695970990761455,
    "F1 - Positives": 0.09808500700607192
}