{
    "Not Affected": {
        "precision": 0.9712523464735854,
        "recall": 0.8741974414675356,
        "f1-score": 0.9201727642276423,
        "support": 20715.0
    },
    "Affected": {
        "precision": 0.06795422031473533,
        "recall": 0.26170798898071623,
        "f1-score": 0.10789324247586599,
        "support": 726.0
    },
    "accuracy": 0.8534583275033814,
    "macro avg": {
        "precision": 0.5196032833941604,
        "recall": 0.5679527152241259,
        "f1-score": 0.5140330033517542,
        "support": 21441.0
    },
    "weighted avg": {
        "precision": 0.9406663458396911,
        "recall": 0.8534583275033814,
        "f1-score": 0.8926686863958346,
        "support": 21441.0
    },
    "Accuracy": 0.8534583275033814,
    "F1 - Avg. Macro": 0.5140330033517542,
    "F1 - Positives": 0.10789324247586599
}