{
    "Not Affected": {
        "precision": 0.9716899177270172,
        "recall": 0.9179338643495052,
        "f1-score": 0.9440472644225996,
        "support": 20715.0
    },
    "Affected": {
        "precision": 0.09188034188034189,
        "recall": 0.2369146005509642,
        "f1-score": 0.13240954580446498,
        "support": 726.0
    },
    "accuracy": 0.8948743062357166,
    "macro avg": {
        "precision": 0.5317851298036795,
        "recall": 0.5774242324502347,
        "f1-score": 0.5382284051135323,
        "support": 21441.0
    },
    "weighted avg": {
        "precision": 0.9418992478858398,
        "recall": 0.8948743062357166,
        "f1-score": 0.9165649182765817,
        "support": 21441.0
    },
    "Accuracy": 0.8948743062357166,
    "F1 - Avg. Macro": 0.5382284051135323,
    "F1 - Positives": 0.13240954580446498
}