{
    "Not Affected": {
        "precision": 0.9731041029427275,
        "recall": 0.890755491189959,
        "f1-score": 0.9301106434458251,
        "support": 20715.0
    },
    "Affected": {
        "precision": 0.08713190802743041,
        "recall": 0.2975206611570248,
        "f1-score": 0.13478939157566303,
        "support": 726.0
    },
    "accuracy": 0.8706683456928315,
    "macro avg": {
        "precision": 0.5301180054850789,
        "recall": 0.5941380761734919,
        "f1-score": 0.5324500175107441,
        "support": 21441.0
    },
    "weighted avg": {
        "precision": 0.9431047645952388,
        "recall": 0.8706683456928315,
        "f1-score": 0.9031807787539852,
        "support": 21441.0
    },
    "Accuracy": 0.8706683456928315,
    "F1 - Avg. Macro": 0.5324500175107441,
    "F1 - Positives": 0.13478939157566303
}