{
    "Not Affected": {
        "precision": 0.9699511634587762,
        "recall": 0.8149650012068549,
        "f1-score": 0.8857292759706191,
        "support": 20715.0
    },
    "Affected": {
        "precision": 0.050297324083250744,
        "recall": 0.2796143250688705,
        "f1-score": 0.08525829483410331,
        "support": 726.0
    },
    "accuracy": 0.7968378340562474,
    "macro avg": {
        "precision": 0.5101242437710135,
        "recall": 0.5472896631378628,
        "f1-score": 0.4854937854023612,
        "support": 21441.0
    },
    "weighted avg": {
        "precision": 0.9388113524711063,
        "recall": 0.7968378340562474,
        "f1-score": 0.8586250395868166,
        "support": 21441.0
    },
    "Accuracy": 0.7968378340562474,
    "F1 - Avg. Macro": 0.4854937854023612,
    "F1 - Positives": 0.08525829483410331
}