{
    "Not Affected": {
        "precision": 0.9725692558392178,
        "recall": 0.8643495051894762,
        "f1-score": 0.9152715654952077,
        "support": 20715.0
    },
    "Affected": {
        "precision": 0.07291322995710986,
        "recall": 0.3044077134986226,
        "f1-score": 0.11764705882352941,
        "support": 726.0
    },
    "accuracy": 0.8453896739890864,
    "macro avg": {
        "precision": 0.5227412428981638,
        "recall": 0.5843786093440494,
        "f1-score": 0.5164593121593686,
        "support": 21441.0
    },
    "weighted avg": {
        "precision": 0.9421065780354582,
        "recall": 0.8453896739890864,
        "f1-score": 0.888263711764335,
        "support": 21441.0
    },
    "Accuracy": 0.8453896739890864,
    "F1 - Avg. Macro": 0.5164593121593686,
    "F1 - Positives": 0.11764705882352941
}