{
    "Not Affected": {
        "precision": 0.9701931561917835,
        "recall": 0.9553463673666426,
        "f1-score": 0.9627125240191667,
        "support": 20715.0
    },
    "Affected": {
        "precision": 0.11313518696069032,
        "recall": 0.162534435261708,
        "f1-score": 0.13340870548332392,
        "support": 726.0
    },
    "accuracy": 0.9285014691478942,
    "macro avg": {
        "precision": 0.5416641715762369,
        "recall": 0.5589404013141753,
        "f1-score": 0.5480606147512453,
        "support": 21441.0
    },
    "weighted avg": {
        "precision": 0.9411728639637263,
        "recall": 0.9285014691478942,
        "f1-score": 0.934631997352639,
        "support": 21441.0
    },
    "Accuracy": 0.9285014691478942,
    "F1 - Avg. Macro": 0.5480606147512453,
    "F1 - Positives": 0.13340870548332392
}