{
    "Not Affected": {
        "precision": 0.9703064178061683,
        "recall": 0.9385952208544533,
        "f1-score": 0.9541874217848992,
        "support": 20715.0
    },
    "Affected": {
        "precision": 0.09337134711332858,
        "recall": 0.18044077134986225,
        "f1-score": 0.1230624706434946,
        "support": 726.0
    },
    "accuracy": 0.9129238375075789,
    "macro avg": {
        "precision": 0.5318388824597484,
        "recall": 0.5595179961021578,
        "f1-score": 0.5386249462141969,
        "support": 21441.0
    },
    "weighted avg": {
        "precision": 0.9406130797471692,
        "recall": 0.9129238375075789,
        "f1-score": 0.9260452309109353,
        "support": 21441.0
    },
    "Accuracy": 0.9129238375075789,
    "F1 - Avg. Macro": 0.5386249462141969,
    "F1 - Positives": 0.1230624706434946
}