{
    "Not Affected": {
        "precision": 0.66,
        "recall": 0.6470588235294118,
        "f1-score": 0.6534653465346535,
        "support": 51.0
    },
    "Affected": {
        "precision": 0.9027027027027027,
        "recall": 0.907608695652174,
        "f1-score": 0.9051490514905149,
        "support": 184.0
    },
    "accuracy": 0.851063829787234,
    "macro avg": {
        "precision": 0.7813513513513514,
        "recall": 0.7773337595907929,
        "f1-score": 0.7793071990125842,
        "support": 235.0
    },
    "weighted avg": {
        "precision": 0.8500310523289247,
        "recall": 0.851063829787234,
        "f1-score": 0.850528332542647,
        "support": 235.0
    },
    "Accuracy": 0.851063829787234,
    "F1 - Avg. Macro": 0.7793071990125842,
    "F1 - Positives": 0.9051490514905149
}