{
    "Not Affected": {
        "precision": 0.9729000690044539,
        "recall": 0.74868452811972,
        "f1-score": 0.8461916193801833,
        "support": 20715.0
    },
    "Affected": {
        "precision": 0.053454545454545456,
        "recall": 0.4049586776859504,
        "f1-score": 0.09444265981368455,
        "support": 726.0
    },
    "accuracy": 0.7370458467422228,
    "macro avg": {
        "precision": 0.5131773072294997,
        "recall": 0.5768216029028352,
        "f1-score": 0.4703171395969339,
        "support": 21441.0
    },
    "weighted avg": {
        "precision": 0.9417673116658395,
        "recall": 0.7370458467422228,
        "f1-score": 0.8207371282349345,
        "support": 21441.0
    },
    "Accuracy": 0.7370458467422228,
    "F1 - Avg. Macro": 0.4703171395969339,
    "F1 - Positives": 0.09444265981368455
}