{
    "Not Affected": {
        "precision": 0.9717625797707121,
        "recall": 0.8306541153753318,
        "f1-score": 0.8956847639373275,
        "support": 20715.0
    },
    "Affected": {
        "precision": 0.06052490626673808,
        "recall": 0.31129476584022037,
        "f1-score": 0.10134529147982063,
        "support": 726.0
    },
    "accuracy": 0.8130684203162166,
    "macro avg": {
        "precision": 0.5161437430187251,
        "recall": 0.5709744406077761,
        "f1-score": 0.4985150277085741,
        "support": 21441.0
    },
    "weighted avg": {
        "precision": 0.9409077431976098,
        "recall": 0.8130684203162166,
        "f1-score": 0.8687881426508135,
        "support": 21441.0
    },
    "Accuracy": 0.8130684203162166,
    "F1 - Avg. Macro": 0.4985150277085741,
    "F1 - Positives": 0.10134529147982063
}