{
    "Not Affected": {
        "precision": 0.9723493516399695,
        "recall": 0.7384503982621289,
        "f1-score": 0.8394106510823937,
        "support": 20715.0
    },
    "Affected": {
        "precision": 0.05097214923804519,
        "recall": 0.40082644628099173,
        "f1-score": 0.09044289044289044,
        "support": 726.0
    },
    "accuracy": 0.727018329368966,
    "macro avg": {
        "precision": 0.5116607504390074,
        "recall": 0.5696384222715603,
        "f1-score": 0.46492677076264205,
        "support": 21441.0
    },
    "weighted avg": {
        "precision": 0.9411511869581078,
        "recall": 0.727018329368966,
        "f1-score": 0.8140503323367999,
        "support": 21441.0
    },
    "Accuracy": 0.727018329368966,
    "F1 - Avg. Macro": 0.46492677076264205,
    "F1 - Positives": 0.09044289044289044
}