{
    "Not Affected": {
        "precision": 0.973037074023218,
        "recall": 0.7525947381124789,
        "f1-score": 0.8487356071535509,
        "support": 20715.0
    },
    "Affected": {
        "precision": 0.05425355231592545,
        "recall": 0.4049586776859504,
        "f1-score": 0.09568755085435313,
        "support": 726.0
    },
    "accuracy": 0.7408236556130777,
    "macro avg": {
        "precision": 0.5136453131695717,
        "recall": 0.5787767078992146,
        "f1-score": 0.472211579003952,
        "support": 21441.0
    },
    "weighted avg": {
        "precision": 0.941926732305971,
        "recall": 0.7408236556130777,
        "f1-score": 0.8232371281239712,
        "support": 21441.0
    },
    "Accuracy": 0.7408236556130777,
    "F1 - Avg. Macro": 0.472211579003952,
    "F1 - Positives": 0.09568755085435313
}