{
    "Not Affected": {
        "precision": 0.9704752880155603,
        "recall": 0.9393676080135168,
        "f1-score": 0.9546681057744199,
        "support": 20715.0
    },
    "Affected": {
        "precision": 0.09640287769784173,
        "recall": 0.18457300275482094,
        "f1-score": 0.1266540642722117,
        "support": 726.0
    },
    "accuracy": 0.9138099902056807,
    "macro avg": {
        "precision": 0.533439082856701,
        "recall": 0.5619703053841689,
        "f1-score": 0.5406610850233158,
        "support": 21441.0
    },
    "weighted avg": {
        "precision": 0.9408788806702563,
        "recall": 0.9138099902056807,
        "f1-score": 0.9266312514238484,
        "support": 21441.0
    },
    "Accuracy": 0.9138099902056807,
    "F1 - Avg. Macro": 0.5406610850233158,
    "F1 - Positives": 0.1266540642722117
}