{
    "Not Affected": {
        "precision": 0.9705537724794946,
        "recall": 0.919671735457398,
        "f1-score": 0.944427919888955,
        "support": 20715.0
    },
    "Affected": {
        "precision": 0.08167770419426049,
        "recall": 0.20385674931129477,
        "f1-score": 0.11662726556343578,
        "support": 726.0
    },
    "accuracy": 0.8954339816239915,
    "macro avg": {
        "precision": 0.5261157383368775,
        "recall": 0.5617642423843464,
        "f1-score": 0.5305275927261954,
        "support": 21441.0
    },
    "weighted avg": {
        "precision": 0.9404561079314286,
        "recall": 0.8954339816239915,
        "f1-score": 0.916398290905217,
        "support": 21441.0
    },
    "Accuracy": 0.8954339816239915,
    "F1 - Avg. Macro": 0.5305275927261954,
    "F1 - Positives": 0.11662726556343578
}