{
    "0": {
        "precision": 0.9701294879340788,
        "recall": 0.9548153511947863,
        "f1-score": 0.9624115028100139,
        "support": 20715.0
    },
    "1": {
        "precision": 0.1111111111111111,
        "recall": 0.16115702479338842,
        "f1-score": 0.1315345699831366,
        "support": 726.0
    },
    "accuracy": 0.9279417937596194,
    "macro avg": {
        "precision": 0.5406202995225949,
        "recall": 0.5579861879940874,
        "f1-score": 0.5469730363965752,
        "support": 21441.0
    },
    "weighted avg": {
        "precision": 0.941042815597272,
        "recall": 0.9279417937596194,
        "f1-score": 0.9342777099257122,
        "support": 21441.0
    },
    "Accuracy": 0.9279417937596194,
    "F1 - Avg. Macro": 0.5469730363965752,
    "F1 - Positives": 0.1315345699831366
}