{
    "Not Affected": {
        "precision": 0.9711315231654386,
        "recall": 0.9288921071687183,
        "f1-score": 0.9495423030422661,
        "support": 20715.0
    },
    "Affected": {
        "precision": 0.09465273509526737,
        "recall": 0.21212121212121213,
        "f1-score": 0.13089672758181045,
        "support": 726.0
    },
    "accuracy": 0.9046219859148361,
    "macro avg": {
        "precision": 0.532892129130353,
        "recall": 0.5705066596449652,
        "f1-score": 0.5402195153120383,
        "support": 21441.0
    },
    "weighted avg": {
        "precision": 0.9414536350007567,
        "recall": 0.9046219859148361,
        "f1-score": 0.9218226683337967,
        "support": 21441.0
    },
    "Accuracy": 0.9046219859148361,
    "F1 - Avg. Macro": 0.5402195153120383,
    "F1 - Positives": 0.13089672758181045
}