{
    "Not Affected": {
        "precision": 0.9725414708713129,
        "recall": 0.8292541636495293,
        "f1-score": 0.8952003752149669,
        "support": 20715.0
    },
    "Affected": {
        "precision": 0.06379036527263102,
        "recall": 0.3319559228650138,
        "f1-score": 0.10701598579040852,
        "support": 726.0
    },
    "accuracy": 0.8124154656965626,
    "macro avg": {
        "precision": 0.518165918071972,
        "recall": 0.5806050432572716,
        "f1-score": 0.5011081805026877,
        "support": 21441.0
    },
    "weighted avg": {
        "precision": 0.9417708303851117,
        "recall": 0.8124154656965626,
        "f1-score": 0.8685121672618755,
        "support": 21441.0
    },
    "Accuracy": 0.8124154656965626,
    "F1 - Avg. Macro": 0.5011081805026877,
    "F1 - Positives": 0.10701598579040852
}