{
    "Not Affected": {
        "precision": 0.9700246226314099,
        "recall": 0.8748250060342747,
        "f1-score": 0.9199685255222478,
        "support": 20715.0
    },
    "Affected": {
        "precision": 0.06016672707502718,
        "recall": 0.22865013774104684,
        "f1-score": 0.09526542324246771,
        "support": 726.0
    },
    "accuracy": 0.8529452917307961,
    "macro avg": {
        "precision": 0.5150956748532185,
        "recall": 0.5517375718876608,
        "f1-score": 0.5076169743823578,
        "support": 21441.0
    },
    "weighted avg": {
        "precision": 0.9392165058376999,
        "recall": 0.8529452917307961,
        "f1-score": 0.8920437807689658,
        "support": 21441.0
    },
    "Accuracy": 0.8529452917307961,
    "F1 - Avg. Macro": 0.5076169743823578,
    "F1 - Positives": 0.09526542324246771
}