{
    "Not Affected": {
        "precision": 0.9700482611075177,
        "recall": 0.9412020275162926,
        "f1-score": 0.9554074582251189,
        "support": 20715.0
    },
    "Affected": {
        "precision": 0.09239940387481371,
        "recall": 0.17079889807162535,
        "f1-score": 0.11992263056092843,
        "support": 726.0
    },
    "accuracy": 0.9151158994449886,
    "macro avg": {
        "precision": 0.5312238324911658,
        "recall": 0.556000462793959,
        "f1-score": 0.5376650443930237,
        "support": 21441.0
    },
    "weighted avg": {
        "precision": 0.9403307539786085,
        "recall": 0.9151158994449886,
        "f1-score": 0.9271176403582189,
        "support": 21441.0
    },
    "Accuracy": 0.9151158994449886,
    "F1 - Avg. Macro": 0.5376650443930237,
    "F1 - Positives": 0.11992263056092843
}