{
    "Not Affected": {
        "precision": 0.972083035075161,
        "recall": 0.8522326816316679,
        "f1-score": 0.9082210103920156,
        "support": 20715.0
    },
    "Affected": {
        "precision": 0.06676829268292683,
        "recall": 0.30165289256198347,
        "f1-score": 0.10933599600599102,
        "support": 726.0
    },
    "accuracy": 0.8335898512196259,
    "macro avg": {
        "precision": 0.519425663879044,
        "recall": 0.5769427870968257,
        "f1-score": 0.5087785031990033,
        "support": 21441.0
    },
    "weighted avg": {
        "precision": 0.9414287510876249,
        "recall": 0.8335898512196259,
        "f1-score": 0.8811704754149039,
        "support": 21441.0
    },
    "Accuracy": 0.8335898512196259,
    "F1 - Avg. Macro": 0.5087785031990033,
    "F1 - Positives": 0.10933599600599102
}