{
    "Not Affected": {
        "precision": 0.9715771974044082,
        "recall": 0.8745836350470674,
        "f1-score": 0.9205324932676185,
        "support": 20715.0
    },
    "Affected": {
        "precision": 0.07015032211882606,
        "recall": 0.2699724517906336,
        "f1-score": 0.11136363636363636,
        "support": 726.0
    },
    "accuracy": 0.8541112821230353,
    "macro avg": {
        "precision": 0.5208637597616171,
        "recall": 0.5722780434188505,
        "f1-score": 0.5159480648156275,
        "support": 21441.0
    },
    "weighted avg": {
        "precision": 0.9410545580005868,
        "recall": 0.8541112821230353,
        "f1-score": 0.8931337436704779,
        "support": 21441.0
    },
    "Accuracy": 0.8541112821230353,
    "F1 - Avg. Macro": 0.5159480648156275,
    "F1 - Positives": 0.11136363636363636
}