{
    "Not Affected": {
        "precision": 0.9711159961147181,
        "recall": 0.9170166545981173,
        "f1-score": 0.9432912900983216,
        "support": 20715.0
    },
    "Affected": {
        "precision": 0.08563829787234042,
        "recall": 0.22176308539944903,
        "f1-score": 0.12356101304681504,
        "support": 726.0
    },
    "accuracy": 0.8934751177650296,
    "macro avg": {
        "precision": 0.5283771469935292,
        "recall": 0.5693898699987832,
        "f1-score": 0.5334261515725683,
        "support": 21441.0
    },
    "weighted avg": {
        "precision": 0.9411334016030831,
        "recall": 0.8934751177650296,
        "f1-score": 0.9155349270024121,
        "support": 21441.0
    },
    "Accuracy": 0.8934751177650296,
    "F1 - Avg. Macro": 0.5334261515725683,
    "F1 - Positives": 0.12356101304681504
}