{
    "Not Affected": {
        "precision": 0.9725393397099661,
        "recall": 0.7608013516775284,
        "f1-score": 0.8537378114842904,
        "support": 20715.0
    },
    "Affected": {
        "precision": 0.05366692131398014,
        "recall": 0.38705234159779617,
        "f1-score": 0.09426366990942636,
        "support": 726.0
    },
    "accuracy": 0.7481460752763397,
    "macro avg": {
        "precision": 0.5131031305119731,
        "recall": 0.5739268466376622,
        "f1-score": 0.4740007406968584,
        "support": 21441.0
    },
    "weighted avg": {
        "precision": 0.941425987918749,
        "recall": 0.7481460752763397,
        "f1-score": 0.8280217428875201,
        "support": 21441.0
    },
    "Accuracy": 0.7481460752763397,
    "F1 - Avg. Macro": 0.4740007406968584,
    "F1 - Positives": 0.09426366990942636
}