{
    "Not Affected": {
        "precision": 0.9692892658672126,
        "recall": 0.9598841419261405,
        "f1-score": 0.9645637779233064,
        "support": 20715.0
    },
    "Affected": {
        "precision": 0.10355987055016182,
        "recall": 0.1322314049586777,
        "f1-score": 0.1161524500907441,
        "support": 726.0
    },
    "accuracy": 0.931859521477543,
    "macro avg": {
        "precision": 0.5364245682086872,
        "recall": 0.546057773442409,
        "f1-score": 0.5403581140070253,
        "support": 21441.0
    },
    "weighted avg": {
        "precision": 0.9399753560215814,
        "recall": 0.931859521477543,
        "f1-score": 0.9358362640943599,
        "support": 21441.0
    },
    "Accuracy": 0.931859521477543,
    "F1 - Avg. Macro": 0.5403581140070253,
    "F1 - Positives": 0.1161524500907441
}