{
    "Not Affected": {
        "precision": 0.974252177205604,
        "recall": 0.8694665701182718,
        "f1-score": 0.9188816897097087,
        "support": 20715.0
    },
    "Affected": {
        "precision": 0.08463100880162491,
        "recall": 0.3443526170798898,
        "f1-score": 0.1358695652173913,
        "support": 726.0
    },
    "accuracy": 0.8516860221071778,
    "macro avg": {
        "precision": 0.5294415930036145,
        "recall": 0.6069095935990808,
        "f1-score": 0.52737562746355,
        "support": 21441.0
    },
    "weighted avg": {
        "precision": 0.9441292832985434,
        "recall": 0.8516860221071778,
        "f1-score": 0.8923686165143624,
        "support": 21441.0
    },
    "Accuracy": 0.8516860221071778,
    "F1 - Avg. Macro": 0.52737562746355,
    "F1 - Positives": 0.1358695652173913
}