{
    "Not Affected": {
        "precision": 0.9730679156908665,
        "recall": 0.7622013034033309,
        "f1-score": 0.8548225548848163,
        "support": 20715.0
    },
    "Affected": {
        "precision": 0.05541706615532119,
        "recall": 0.39807162534435264,
        "f1-score": 0.09729001851540145,
        "support": 726.0
    },
    "accuracy": 0.7498717410568537,
    "macro avg": {
        "precision": 0.5142424909230938,
        "recall": 0.5801364643738418,
        "f1-score": 0.47605628670010885,
        "support": 21441.0
    },
    "weighted avg": {
        "precision": 0.9419959266622389,
        "recall": 0.7498717410568537,
        "f1-score": 0.8291722297412039,
        "support": 21441.0
    },
    "Accuracy": 0.7498717410568537,
    "F1 - Avg. Macro": 0.47605628670010885,
    "F1 - Positives": 0.09729001851540145
}