{
    "Not Affected": {
        "precision": 0.9726737592482584,
        "recall": 0.8694665701182718,
        "f1-score": 0.9181790375203915,
        "support": 20715.0
    },
    "Affected": {
        "precision": 0.07523939808481532,
        "recall": 0.30303030303030304,
        "f1-score": 0.12054794520547946,
        "support": 726.0
    },
    "accuracy": 0.8502868336364908,
    "macro avg": {
        "precision": 0.5239565786665369,
        "recall": 0.5862484365742874,
        "f1-score": 0.5193634913629355,
        "support": 21441.0
    },
    "weighted avg": {
        "precision": 0.942286307813873,
        "recall": 0.8502868336364908,
        "f1-score": 0.8911709607972617,
        "support": 21441.0
    },
    "Accuracy": 0.8502868336364908,
    "F1 - Avg. Macro": 0.5193634913629355,
    "F1 - Positives": 0.12054794520547946
}