{
    "Not Affected": {
        "precision": 0.9721375948595802,
        "recall": 0.8472121650977552,
        "f1-score": 0.9053858852661989,
        "support": 20715.0
    },
    "Affected": {
        "precision": 0.06582054309327037,
        "recall": 0.3071625344352617,
        "f1-score": 0.10841030627126884,
        "support": 726.0
    },
    "accuracy": 0.8289258896506693,
    "macro avg": {
        "precision": 0.5189790689764253,
        "recall": 0.5771873497665084,
        "f1-score": 0.5068980957687339,
        "support": 21441.0
    },
    "weighted avg": {
        "precision": 0.9414493723148136,
        "recall": 0.8289258896506693,
        "f1-score": 0.8784000044607178,
        "support": 21441.0
    },
    "Accuracy": 0.8289258896506693,
    "F1 - Avg. Macro": 0.5068980957687339,
    "F1 - Positives": 0.10841030627126884
}