{
    "Not Affected": {
        "precision": 0.9700009787608888,
        "recall": 0.956842867487328,
        "f1-score": 0.9633769957957666,
        "support": 20715.0
    },
    "Affected": {
        "precision": 0.11221449851042702,
        "recall": 0.15564738292011018,
        "f1-score": 0.13040969417195614,
        "support": 726.0
    },
    "accuracy": 0.9297140991558229,
    "macro avg": {
        "precision": 0.5411077386356579,
        "recall": 0.5562451252037192,
        "f1-score": 0.5468933449838613,
        "support": 21441.0
    },
    "weighted avg": {
        "precision": 0.9409560188867302,
        "recall": 0.9297140991558229,
        "f1-score": 0.9351724222693972,
        "support": 21441.0
    },
    "Accuracy": 0.9297140991558229,
    "F1 - Avg. Macro": 0.5468933449838613,
    "F1 - Positives": 0.13040969417195614
}