{
    "Not Affected": {
        "precision": 0.9718272635974418,
        "recall": 0.8875693941588221,
        "f1-score": 0.9277892718373114,
        "support": 20715.0
    },
    "Affected": {
        "precision": 0.07652656621728787,
        "recall": 0.26584022038567495,
        "f1-score": 0.1188423645320197,
        "support": 726.0
    },
    "accuracy": 0.86651741989646,
    "macro avg": {
        "precision": 0.5241769149073648,
        "recall": 0.5767048072722485,
        "f1-score": 0.5233158181846655,
        "support": 21441.0
    },
    "weighted avg": {
        "precision": 0.9415120587889911,
        "recall": 0.86651741989646,
        "f1-score": 0.9003980375337043,
        "support": 21441.0
    },
    "Accuracy": 0.86651741989646,
    "F1 - Avg. Macro": 0.5233158181846655,
    "F1 - Positives": 0.1188423645320197
}