{
    "Not Affected": {
        "precision": 0.9720890593373814,
        "recall": 0.8810041033067825,
        "f1-score": 0.9243080351490288,
        "support": 20715.0
    },
    "Affected": {
        "precision": 0.07574053243344582,
        "recall": 0.27823691460055094,
        "f1-score": 0.11906867079280872,
        "support": 726.0
    },
    "accuracy": 0.860594188703885,
    "macro avg": {
        "precision": 0.5239147958854137,
        "recall": 0.5796205089536667,
        "f1-score": 0.5216883529709188,
        "support": 21441.0
    },
    "weighted avg": {
        "precision": 0.9417383746429988,
        "recall": 0.860594188703885,
        "f1-score": 0.8970423395880653,
        "support": 21441.0
    },
    "Accuracy": 0.860594188703885,
    "F1 - Avg. Macro": 0.5216883529709188,
    "F1 - Positives": 0.11906867079280872
}