{
    "Not Affected": {
        "precision": 0.6607142857142857,
        "recall": 0.7254901960784313,
        "f1-score": 0.6915887850467289,
        "support": 51.0
    },
    "Affected": {
        "precision": 0.9217877094972067,
        "recall": 0.8967391304347826,
        "f1-score": 0.9090909090909091,
        "support": 184.0
    },
    "accuracy": 0.8595744680851064,
    "macro avg": {
        "precision": 0.7912509976057462,
        "recall": 0.811114663256607,
        "f1-score": 0.800339847068819,
        "support": 235.0
    },
    "weighted avg": {
        "precision": 0.8651292217826153,
        "recall": 0.8595744680851064,
        "f1-score": 0.8618883204685551,
        "support": 235.0
    },
    "Accuracy": 0.8595744680851064,
    "F1 - Avg. Macro": 0.800339847068819,
    "F1 - Positives": 0.9090909090909091
}