{
    "Not Affected": {
        "precision": 0.9714755315200678,
        "recall": 0.8845281197200097,
        "f1-score": 0.9259652314534061,
        "support": 20715.0
    },
    "Affected": {
        "precision": 0.07286821705426356,
        "recall": 0.25895316804407714,
        "f1-score": 0.11373260738052027,
        "support": 726.0
    },
    "accuracy": 0.8633459260295695,
    "macro avg": {
        "precision": 0.5221718742871657,
        "recall": 0.5717406438820434,
        "f1-score": 0.5198489194169632,
        "support": 21441.0
    },
    "weighted avg": {
        "precision": 0.9410483634634391,
        "recall": 0.8633459260295695,
        "f1-score": 0.8984627415939354,
        "support": 21441.0
    },
    "Accuracy": 0.8633459260295695,
    "F1 - Avg. Macro": 0.5198489194169632,
    "F1 - Positives": 0.11373260738052027
}