{
    "Not Affected": {
        "precision": 0.9712959965468868,
        "recall": 0.8690321023412986,
        "f1-score": 0.9173227343371806,
        "support": 20715.0
    },
    "Affected": {
        "precision": 0.06673546611627107,
        "recall": 0.26721763085399447,
        "f1-score": 0.10679878887971374,
        "support": 726.0
    },
    "accuracy": 0.848654447087356,
    "macro avg": {
        "precision": 0.519015731331579,
        "recall": 0.5681248665976465,
        "f1-score": 0.5120607616084472,
        "support": 21441.0
    },
    "weighted avg": {
        "precision": 0.9406672504486345,
        "recall": 0.848654447087356,
        "f1-score": 0.8898781009524448,
        "support": 21441.0
    },
    "Accuracy": 0.848654447087356,
    "F1 - Avg. Macro": 0.5120607616084472,
    "F1 - Positives": 0.10679878887971374
}