{
    "Not Affected": {
        "precision": 0.9690909090909091,
        "recall": 0.9520154477431813,
        "f1-score": 0.9604772920978936,
        "support": 20715.0
    },
    "Affected": {
        "precision": 0.08890925756186985,
        "recall": 0.13360881542699724,
        "f1-score": 0.10676940011007155,
        "support": 726.0
    },
    "accuracy": 0.9243039037358333,
    "macro avg": {
        "precision": 0.5290000833263895,
        "recall": 0.5428121315850892,
        "f1-score": 0.5336233461039825,
        "support": 21441.0
    },
    "weighted avg": {
        "precision": 0.939287640632811,
        "recall": 0.9243039037358333,
        "f1-score": 0.93157043469464,
        "support": 21441.0
    },
    "Accuracy": 0.9243039037358333,
    "F1 - Avg. Macro": 0.5336233461039825,
    "F1 - Positives": 0.10676940011007155
}