{
    "Not Affected": {
        "precision": 0.7441860465116279,
        "recall": 0.6274509803921569,
        "f1-score": 0.6808510638297872,
        "support": 51.0
    },
    "Affected": {
        "precision": 0.9010416666666666,
        "recall": 0.9402173913043478,
        "f1-score": 0.9202127659574468,
        "support": 184.0
    },
    "accuracy": 0.8723404255319149,
    "macro avg": {
        "precision": 0.8226138565891472,
        "recall": 0.7838341858482523,
        "f1-score": 0.800531914893617,
        "support": 235.0
    },
    "weighted avg": {
        "precision": 0.8670006597394028,
        "recall": 0.8723404255319149,
        "f1-score": 0.8682661837935718,
        "support": 235.0
    },
    "Accuracy": 0.8723404255319149,
    "F1 - Avg. Macro": 0.800531914893617,
    "F1 - Positives": 0.9202127659574468
}