{
    "Not Affected": {
        "precision": 0.7567567567567568,
        "recall": 0.5490196078431373,
        "f1-score": 0.6363636363636364,
        "support": 51.0
    },
    "Affected": {
        "precision": 0.8838383838383839,
        "recall": 0.9510869565217391,
        "f1-score": 0.9162303664921466,
        "support": 184.0
    },
    "accuracy": 0.8638297872340426,
    "macro avg": {
        "precision": 0.8202975702975703,
        "recall": 0.7500532821824382,
        "f1-score": 0.7762970014278915,
        "support": 235.0
    },
    "weighted avg": {
        "precision": 0.8562589668972648,
        "recall": 0.8638297872340426,
        "f1-score": 0.8554933314429805,
        "support": 235.0
    },
    "Accuracy": 0.8638297872340426,
    "F1 - Avg. Macro": 0.7762970014278915,
    "F1 - Positives": 0.9162303664921466
}