{
    "0": {
        "precision": 0.9719319199761123,
        "recall": 0.942795076031861,
        "f1-score": 0.9571418069543483,
        "support": 20715.0
    },
    "1": {
        "precision": 0.12026726057906459,
        "recall": 0.2231404958677686,
        "f1-score": 0.15629522431259044,
        "support": 726.0
    },
    "accuracy": 0.9184273121589478,
    "macro avg": {
        "precision": 0.5460995902775885,
        "recall": 0.5829677859498148,
        "f1-score": 0.5567185156334693,
        "support": 21441.0
    },
    "weighted avg": {
        "precision": 0.9430942471659701,
        "recall": 0.9184273121589478,
        "f1-score": 0.9300248525679897,
        "support": 21441.0
    },
    "Accuracy": 0.9184273121589478,
    "F1 - Avg. Macro": 0.5567185156334693,
    "F1 - Positives": 0.15629522431259044
}