{
    "Not Affected": {
        "precision": 0.9748558246828143,
        "recall": 0.8160270335505673,
        "f1-score": 0.8883983707791354,
        "support": 20715.0
    },
    "Affected": {
        "precision": 0.07071445988783223,
        "recall": 0.39944903581267216,
        "f1-score": 0.12015744769007665,
        "support": 726.0
    },
    "accuracy": 0.8019215521664101,
    "macro avg": {
        "precision": 0.5227851422853232,
        "recall": 0.6077380346816197,
        "f1-score": 0.504277909234606,
        "support": 21441.0
    },
    "weighted avg": {
        "precision": 0.9442412716842995,
        "recall": 0.8019215521664101,
        "f1-score": 0.8623854557955685,
        "support": 21441.0
    },
    "Accuracy": 0.8019215521664101,
    "F1 - Avg. Macro": 0.504277909234606,
    "F1 - Positives": 0.12015744769007665
}