{
    "Not Affected": {
        "precision": 0.9708957505350045,
        "recall": 0.766545981173063,
        "f1-score": 0.8567035338548692,
        "support": 20715.0
    },
    "Affected": {
        "precision": 0.04915454187966968,
        "recall": 0.3443526170798898,
        "f1-score": 0.08602890571231935,
        "support": 726.0
    },
    "accuracy": 0.7522503614570216,
    "macro avg": {
        "precision": 0.5100251462073371,
        "recall": 0.5554492991264764,
        "f1-score": 0.4713662197835943,
        "support": 21441.0
    },
    "weighted avg": {
        "precision": 0.9396852604699996,
        "recall": 0.7522503614570217,
        "f1-score": 0.8306082127396465,
        "support": 21441.0
    },
    "Accuracy": 0.7522503614570216,
    "F1 - Avg. Macro": 0.4713662197835943,
    "F1 - Positives": 0.08602890571231935
}