{
    "Not Affected": {
        "precision": 0.9686205720411246,
        "recall": 0.9596427709389331,
        "f1-score": 0.9641107716184102,
        "support": 20715.0
    },
    "Affected": {
        "precision": 0.08932461873638345,
        "recall": 0.11294765840220386,
        "f1-score": 0.09975669099756691,
        "support": 726.0
    },
    "accuracy": 0.9309733687794413,
    "macro avg": {
        "precision": 0.5289725953887541,
        "recall": 0.5362952146705685,
        "f1-score": 0.5319337313079886,
        "support": 21441.0
    },
    "weighted avg": {
        "precision": 0.9388472936446298,
        "recall": 0.9309733687794413,
        "f1-score": 0.9348434304248683,
        "support": 21441.0
    },
    "Accuracy": 0.9309733687794413,
    "F1 - Avg. Macro": 0.5319337313079886,
    "F1 - Positives": 0.09975669099756691
}