{
    "Not Affected": {
        "precision": 0.9727498381178502,
        "recall": 0.8702389572773352,
        "f1-score": 0.9186434631946391,
        "support": 20715.0
    },
    "Affected": {
        "precision": 0.07597112409762805,
        "recall": 0.3044077134986226,
        "f1-score": 0.12159559834938102,
        "support": 726.0
    },
    "accuracy": 0.8510797071032135,
    "macro avg": {
        "precision": 0.5243604811077391,
        "recall": 0.587323335387979,
        "f1-score": 0.52011953077201,
        "support": 21441.0
    },
    "weighted avg": {
        "precision": 0.9423845871324167,
        "recall": 0.8510797071032135,
        "f1-score": 0.8916551347641715,
        "support": 21441.0
    },
    "Accuracy": 0.8510797071032135,
    "F1 - Avg. Macro": 0.52011953077201,
    "F1 - Positives": 0.12159559834938102
}