{
    "Not Affected": {
        "precision": 0.9749653066888704,
        "recall": 0.8478880038619357,
        "f1-score": 0.9069971598244255,
        "support": 20715.0
    },
    "Affected": {
        "precision": 0.08026853473438413,
        "recall": 0.3787878787878788,
        "f1-score": 0.13246628131021196,
        "support": 726.0
    },
    "accuracy": 0.8320041042861807,
    "macro avg": {
        "precision": 0.5276169207116272,
        "recall": 0.6133379413249073,
        "f1-score": 0.5197317205673188,
        "support": 21441.0
    },
    "weighted avg": {
        "precision": 0.9446705510133443,
        "recall": 0.8320041042861807,
        "f1-score": 0.8807712646795481,
        "support": 21441.0
    },
    "Accuracy": 0.8320041042861807,
    "F1 - Avg. Macro": 0.5197317205673188,
    "F1 - Positives": 0.13246628131021196
}