{
    "Not Affected": {
        "precision": 0.9703129717218476,
        "recall": 0.93091962346126,
        "f1-score": 0.9502081844834808,
        "support": 20715.0
    },
    "Affected": {
        "precision": 0.08679004467134652,
        "recall": 0.18732782369146006,
        "f1-score": 0.11862189271696467,
        "support": 726.0
    },
    "accuracy": 0.9057413366913857,
    "macro avg": {
        "precision": 0.528551508196597,
        "recall": 0.55912372357636,
        "f1-score": 0.5344150386002228,
        "support": 21441.0
    },
    "weighted avg": {
        "precision": 0.9403965664684236,
        "recall": 0.9057413366913857,
        "f1-score": 0.9220503724494111,
        "support": 21441.0
    },
    "Accuracy": 0.9057413366913857,
    "F1 - Avg. Macro": 0.5344150386002228,
    "F1 - Positives": 0.11862189271696467
}