{
    "Not Affected": {
        "precision": 0.9703670501519,
        "recall": 0.9405744629495535,
        "f1-score": 0.955238515467961,
        "support": 20715.0
    },
    "Affected": {
        "precision": 0.09618208516886931,
        "recall": 0.18044077134986225,
        "f1-score": 0.12547892720306514,
        "support": 726.0
    },
    "accuracy": 0.9148360617508512,
    "macro avg": {
        "precision": 0.5332745676603846,
        "recall": 0.5605076171497079,
        "f1-score": 0.5403587213355131,
        "support": 21441.0
    },
    "weighted avg": {
        "precision": 0.9407668316649973,
        "recall": 0.9148360617508512,
        "f1-score": 0.927142556273879,
        "support": 21441.0
    },
    "Accuracy": 0.9148360617508512,
    "F1 - Avg. Macro": 0.5403587213355131,
    "F1 - Positives": 0.12547892720306514
}