{
    "Not Affected": {
        "precision": 0.9716722667355906,
        "recall": 0.9074100893072653,
        "f1-score": 0.9384423364952571,
        "support": 20715.0
    },
    "Affected": {
        "precision": 0.08492366412213741,
        "recall": 0.24517906336088155,
        "f1-score": 0.1261516654854713,
        "support": 726.0
    },
    "accuracy": 0.8849867077095285,
    "macro avg": {
        "precision": 0.528297965428864,
        "recall": 0.5762945763340734,
        "f1-score": 0.5322970009903643,
        "support": 21441.0
    },
    "weighted avg": {
        "precision": 0.9416466389431662,
        "recall": 0.8849867077095285,
        "f1-score": 0.9109378811455483,
        "support": 21441.0
    },
    "Accuracy": 0.8849867077095285,
    "F1 - Avg. Macro": 0.5322970009903643,
    "F1 - Positives": 0.1261516654854713
}