{
    "Not Affected": {
        "precision": 0.9705613178767541,
        "recall": 0.9215061549601737,
        "f1-score": 0.9453978159126365,
        "support": 20715.0
    },
    "Affected": {
        "precision": 0.0829103214890017,
        "recall": 0.2024793388429752,
        "f1-score": 0.11764705882352941,
        "support": 726.0
    },
    "accuracy": 0.8971596474045054,
    "macro avg": {
        "precision": 0.526735819682878,
        "recall": 0.5619927469015744,
        "f1-score": 0.5315224373680829,
        "support": 21441.0
    },
    "weighted avg": {
        "precision": 0.9405051347053764,
        "recall": 0.8971596474045054,
        "f1-score": 0.9173698764673357,
        "support": 21441.0
    },
    "Accuracy": 0.8971596474045054,
    "F1 - Avg. Macro": 0.5315224373680829,
    "F1 - Positives": 0.11764705882352941
}