{
    "Not Affected": {
        "precision": 0.972235443439632,
        "recall": 0.8874728457639391,
        "f1-score": 0.9279224712295578,
        "support": 20715.0
    },
    "Affected": {
        "precision": 0.07938388625592417,
        "recall": 0.2768595041322314,
        "f1-score": 0.12338858195211787,
        "support": 726.0
    },
    "accuracy": 0.8667972575905974,
    "macro avg": {
        "precision": 0.525809664847778,
        "recall": 0.5821661749480853,
        "f1-score": 0.5256555265908378,
        "support": 21441.0
    },
    "weighted avg": {
        "precision": 0.9420031674023496,
        "recall": 0.8667972575905974,
        "f1-score": 0.9006806633094319,
        "support": 21441.0
    },
    "Accuracy": 0.8667972575905974,
    "F1 - Avg. Macro": 0.5256555265908378,
    "F1 - Positives": 0.12338858195211787
}