{
    "Not Affected": {
        "precision": 0.9722073757349011,
        "recall": 0.8781076514602945,
        "f1-score": 0.9227647431832594,
        "support": 20715.0
    },
    "Affected": {
        "precision": 0.07543024533138044,
        "recall": 0.2837465564738292,
        "f1-score": 0.1191784784495227,
        "support": 726.0
    },
    "accuracy": 0.8579823702252694,
    "macro avg": {
        "precision": 0.5238188105331408,
        "recall": 0.5809271039670618,
        "f1-score": 0.5209716108163911,
        "support": 21441.0
    },
    "weighted avg": {
        "precision": 0.9418421783713008,
        "recall": 0.8579823702252694,
        "f1-score": 0.8955550221722667,
        "support": 21441.0
    },
    "Accuracy": 0.8579823702252694,
    "F1 - Avg. Macro": 0.5209716108163911,
    "F1 - Positives": 0.1191784784495227
}