{
    "Not Affected": {
        "precision": 0.7692307692307693,
        "recall": 0.5882352941176471,
        "f1-score": 0.6666666666666666,
        "support": 51.0
    },
    "Affected": {
        "precision": 0.8928571428571429,
        "recall": 0.9510869565217391,
        "f1-score": 0.9210526315789473,
        "support": 184.0
    },
    "accuracy": 0.8723404255319149,
    "macro avg": {
        "precision": 0.8310439560439561,
        "recall": 0.7696611253196931,
        "f1-score": 0.7938596491228069,
        "support": 235.0
    },
    "weighted avg": {
        "precision": 0.8660275894318448,
        "recall": 0.8723404255319149,
        "f1-score": 0.8658454647256438,
        "support": 235.0
    },
    "Accuracy": 0.8723404255319149,
    "F1 - Avg. Macro": 0.7938596491228069,
    "F1 - Positives": 0.9210526315789473
}