{
    "Not Affected": {
        "precision": 0.7741935483870968,
        "recall": 0.47058823529411764,
        "f1-score": 0.5853658536585366,
        "support": 51.0
    },
    "Affected": {
        "precision": 0.8676470588235294,
        "recall": 0.9619565217391305,
        "f1-score": 0.9123711340206185,
        "support": 184.0
    },
    "accuracy": 0.8553191489361702,
    "macro avg": {
        "precision": 0.8209203036053131,
        "recall": 0.7162723785166241,
        "f1-score": 0.7488684938395775,
        "support": 235.0
    },
    "weighted avg": {
        "precision": 0.847365658686261,
        "recall": 0.8553191489361702,
        "f1-score": 0.84140403062289,
        "support": 235.0
    },
    "Accuracy": 0.8553191489361702,
    "F1 - Avg. Macro": 0.7488684938395775,
    "F1 - Positives": 0.9123711340206185
}