{
    "Not Affected": {
        "precision": 0.9739755292289765,
        "recall": 0.7262853005068791,
        "f1-score": 0.8320889331342293,
        "support": 20715.0
    },
    "Affected": {
        "precision": 0.05405405405405406,
        "recall": 0.4462809917355372,
        "f1-score": 0.09642857142857143,
        "support": 726.0
    },
    "accuracy": 0.7168042535329509,
    "macro avg": {
        "precision": 0.5140147916415152,
        "recall": 0.5862831461212081,
        "f1-score": 0.46425875228140034,
        "support": 21441.0
    },
    "weighted avg": {
        "precision": 0.9428266559965249,
        "recall": 0.7168042535329509,
        "f1-score": 0.8071792077203815,
        "support": 21441.0
    },
    "Accuracy": 0.7168042535329509,
    "F1 - Avg. Macro": 0.46425875228140034,
    "F1 - Positives": 0.09642857142857143
}