{
    "Not Affected": {
        "precision": 0.8260869565217391,
        "recall": 0.37254901960784315,
        "f1-score": 0.5135135135135135,
        "support": 51.0
    },
    "Affected": {
        "precision": 0.8490566037735849,
        "recall": 0.9782608695652174,
        "f1-score": 0.9090909090909091,
        "support": 184.0
    },
    "accuracy": 0.8468085106382979,
    "macro avg": {
        "precision": 0.8375717801476621,
        "recall": 0.6754049445865302,
        "f1-score": 0.7113022113022113,
        "support": 235.0
    },
    "weighted avg": {
        "precision": 0.8440717016040354,
        "recall": 0.8468085106382979,
        "f1-score": 0.8232421977102828,
        "support": 235.0
    },
    "Accuracy": 0.8468085106382979,
    "F1 - Avg. Macro": 0.7113022113022113,
    "F1 - Positives": 0.9090909090909091
}