{
    "Not Affected": {
        "precision": 0.9719010757012164,
        "recall": 0.9333816075307748,
        "f1-score": 0.952251963850378,
        "support": 20715.0
    },
    "Affected": {
        "precision": 0.10795087265675501,
        "recall": 0.23002754820936638,
        "f1-score": 0.1469423669159701,
        "support": 726.0
    },
    "accuracy": 0.9095657851779302,
    "macro avg": {
        "precision": 0.5399259741789857,
        "recall": 0.5817045778700706,
        "f1-score": 0.549597165383174,
        "support": 21441.0
    },
    "weighted avg": {
        "precision": 0.9426474099482068,
        "recall": 0.9095657851779302,
        "f1-score": 0.924983890188964,
        "support": 21441.0
    },
    "Accuracy": 0.9095657851779302,
    "F1 - Avg. Macro": 0.549597165383174,
    "F1 - Positives": 0.1469423669159701
}