{
    "Not Affected": {
        "precision": 0.9748481723387189,
        "recall": 0.8213854694665701,
        "f1-score": 0.8915612145982341,
        "support": 20715.0
    },
    "Affected": {
        "precision": 0.07198394783044897,
        "recall": 0.3953168044077135,
        "f1-score": 0.1217907914279652,
        "support": 726.0
    },
    "accuracy": 0.8069586306608834,
    "macro avg": {
        "precision": 0.523416060084584,
        "recall": 0.6083511369371418,
        "f1-score": 0.5066760030130997,
        "support": 21441.0
    },
    "weighted avg": {
        "precision": 0.9442768637713477,
        "recall": 0.8069586306608834,
        "f1-score": 0.8654965101897825,
        "support": 21441.0
    },
    "Accuracy": 0.8069586306608834,
    "F1 - Avg. Macro": 0.5066760030130997,
    "F1 - Positives": 0.1217907914279652
}