{
    "Not Affected": {
        "precision": 0.9678927532083393,
        "recall": 0.9793869176924933,
        "f1-score": 0.9736059122756503,
        "support": 20715.0
    },
    "Affected": {
        "precision": 0.11041666666666666,
        "recall": 0.07300275482093664,
        "f1-score": 0.087893864013267,
        "support": 726.0
    },
    "accuracy": 0.9486964227414766,
    "macro avg": {
        "precision": 0.539154709937503,
        "recall": 0.5261948362567149,
        "f1-score": 0.5307498881444587,
        "support": 21441.0
    },
    "weighted avg": {
        "precision": 0.9388583033772093,
        "recall": 0.9486964227414766,
        "f1-score": 0.9436153825877397,
        "support": 21441.0
    },
    "Accuracy": 0.9486964227414766,
    "F1 - Avg. Macro": 0.5307498881444587,
    "F1 - Positives": 0.087893864013267
}