{
    "Not Affected": {
        "precision": 0.9717710948306778,
        "recall": 0.9156649770697562,
        "f1-score": 0.9428841278520654,
        "support": 20715.0
    },
    "Affected": {
        "precision": 0.09105098855359,
        "recall": 0.24104683195592286,
        "f1-score": 0.13217522658610273,
        "support": 726.0
    },
    "accuracy": 0.8928221631453757,
    "macro avg": {
        "precision": 0.5314110416921339,
        "recall": 0.5783559045128396,
        "f1-score": 0.5375296772190841,
        "support": 21441.0
    },
    "weighted avg": {
        "precision": 0.9419495941004337,
        "recall": 0.8928221631453757,
        "f1-score": 0.9154332317968866,
        "support": 21441.0
    },
    "Accuracy": 0.8928221631453757,
    "F1 - Avg. Macro": 0.5375296772190841,
    "F1 - Positives": 0.13217522658610273
}