{
    "Not Affected": {
        "precision": 0.9714585519412382,
        "recall": 0.8938450398262129,
        "f1-score": 0.9310370835952231,
        "support": 20715.0
    },
    "Affected": {
        "precision": 0.07643847123057539,
        "recall": 0.25068870523415976,
        "f1-score": 0.11715481171548117,
        "support": 726.0
    },
    "accuracy": 0.8720675341635185,
    "macro avg": {
        "precision": 0.5239485115859068,
        "recall": 0.5722668725301863,
        "f1-score": 0.5240959476553522,
        "support": 21441.0
    },
    "weighted avg": {
        "precision": 0.9411528489145164,
        "recall": 0.8720675341635185,
        "f1-score": 0.9034787360655048,
        "support": 21441.0
    },
    "Accuracy": 0.8720675341635185,
    "F1 - Avg. Macro": 0.5240959476553522,
    "F1 - Positives": 0.11715481171548117
}