{
    "Not Affected": {
        "precision": 0.9742028152829647,
        "recall": 0.8185372918175235,
        "f1-score": 0.8896117523609653,
        "support": 20715.0
    },
    "Affected": {
        "precision": 0.06863230921704658,
        "recall": 0.38154269972451793,
        "f1-score": 0.11633767324653507,
        "support": 726.0
    },
    "accuracy": 0.8037404971783032,
    "macro avg": {
        "precision": 0.5214175622500057,
        "recall": 0.6000399957710207,
        "f1-score": 0.5029747128037502,
        "support": 21441.0
    },
    "weighted avg": {
        "precision": 0.9435398710451093,
        "recall": 0.8037404971783032,
        "f1-score": 0.8634284128974573,
        "support": 21441.0
    },
    "Accuracy": 0.8037404971783032,
    "F1 - Avg. Macro": 0.5029747128037502,
    "F1 - Positives": 0.11633767324653507
}