{
    "Not Affected": {
        "precision": 0.9761004590872265,
        "recall": 0.6979483466087376,
        "f1-score": 0.8139161764291947,
        "support": 20715.0
    },
    "Affected": {
        "precision": 0.056117061396892445,
        "recall": 0.512396694214876,
        "f1-score": 0.10115567641060504,
        "support": 726.0
    },
    "accuracy": 0.6916655006762744,
    "macro avg": {
        "precision": 0.5161087602420595,
        "recall": 0.6051725204118068,
        "f1-score": 0.4575359264198999,
        "support": 21441.0
    },
    "weighted avg": {
        "precision": 0.9449494891360496,
        "recall": 0.6916655006762744,
        "f1-score": 0.7897818485987065,
        "support": 21441.0
    },
    "Accuracy": 0.6916655006762744,
    "F1 - Avg. Macro": 0.4575359264198999,
    "F1 - Positives": 0.10115567641060504
}