{
    "Not Affected": {
        "precision": 0.9721211442646812,
        "recall": 0.8382814385710837,
        "f1-score": 0.9002540307947535,
        "support": 20715.0
    },
    "Affected": {
        "precision": 0.06372275013974288,
        "recall": 0.3140495867768595,
        "f1-score": 0.10594795539033457,
        "support": 726.0
    },
    "accuracy": 0.8205307588265472,
    "macro avg": {
        "precision": 0.5179219472022121,
        "recall": 0.5761655126739716,
        "f1-score": 0.5031009930925441,
        "support": 21441.0
    },
    "weighted avg": {
        "precision": 0.9413624467163063,
        "recall": 0.8205307588265472,
        "f1-score": 0.873358540344513,
        "support": 21441.0
    },
    "Accuracy": 0.8205307588265472,
    "F1 - Avg. Macro": 0.5031009930925441,
    "F1 - Positives": 0.10594795539033457
}