{
    "Not Affected": {
        "precision": 0.9720790621283344,
        "recall": 0.8285783248853488,
        "f1-score": 0.8946106536015845,
        "support": 20715.0
    },
    "Affected": {
        "precision": 0.061575052854122625,
        "recall": 0.3209366391184573,
        "f1-score": 0.1033259423503326,
        "support": 726.0
    },
    "accuracy": 0.8113893941513922,
    "macro avg": {
        "precision": 0.5168270574912285,
        "recall": 0.574757482001903,
        "f1-score": 0.49896829797595854,
        "support": 21441.0
    },
    "weighted avg": {
        "precision": 0.9412490676908978,
        "recall": 0.8113893941513922,
        "f1-score": 0.8678174676322543,
        "support": 21441.0
    },
    "Accuracy": 0.8113893941513922,
    "F1 - Avg. Macro": 0.49896829797595854,
    "F1 - Positives": 0.1033259423503326
}