{
    "Not Affected": {
        "precision": 0.9737618681036695,
        "recall": 0.7327540429640357,
        "f1-score": 0.8362394292482714,
        "support": 20715.0
    },
    "Affected": {
        "precision": 0.05416025969588245,
        "recall": 0.4366391184573003,
        "f1-score": 0.0963672290621675,
        "support": 726.0
    },
    "accuracy": 0.7227274847255258,
    "macro avg": {
        "precision": 0.513961063899776,
        "recall": 0.584696580710668,
        "f1-score": 0.4663033291552195,
        "support": 21441.0
    },
    "weighted avg": {
        "precision": 0.9426238256754221,
        "recall": 0.7227274847255257,
        "f1-score": 0.8111870894630417,
        "support": 21441.0
    },
    "Accuracy": 0.7227274847255258,
    "F1 - Avg. Macro": 0.4663033291552195,
    "F1 - Positives": 0.0963672290621675
}