{
    "Not Affected": {
        "precision": 0.6888888888888889,
        "recall": 0.6078431372549019,
        "f1-score": 0.6458333333333334,
        "support": 51.0
    },
    "Affected": {
        "precision": 0.8947368421052632,
        "recall": 0.9239130434782609,
        "f1-score": 0.9090909090909091,
        "support": 184.0
    },
    "accuracy": 0.8553191489361702,
    "macro avg": {
        "precision": 0.791812865497076,
        "recall": 0.7658780903665814,
        "f1-score": 0.7774621212121212,
        "support": 235.0
    },
    "weighted avg": {
        "precision": 0.8500634565136244,
        "recall": 0.8553191489361702,
        "f1-score": 0.8519584139264991,
        "support": 235.0
    },
    "Accuracy": 0.8553191489361702,
    "F1 - Avg. Macro": 0.7774621212121212,
    "F1 - Positives": 0.9090909090909091
}