{
    "Not Affected": {
        "precision": 0.9706946818136122,
        "recall": 0.9322230267921796,
        "f1-score": 0.9510699598611145,
        "support": 20715.0
    },
    "Affected": {
        "precision": 0.09243697478991597,
        "recall": 0.19696969696969696,
        "f1-score": 0.12582490101187857,
        "support": 726.0
    },
    "accuracy": 0.9073270836248309,
    "macro avg": {
        "precision": 0.5315658283017641,
        "recall": 0.5645963618809383,
        "f1-score": 0.5384474304364966,
        "support": 21441.0
    },
    "weighted avg": {
        "precision": 0.9409565588109909,
        "recall": 0.9073270836248309,
        "f1-score": 0.9231268642627495,
        "support": 21441.0
    },
    "Accuracy": 0.9073270836248309,
    "F1 - Avg. Macro": 0.5384474304364966,
    "F1 - Positives": 0.12582490101187857
}