{
    "Not Affected": {
        "precision": 0.9779617834394905,
        "recall": 0.7412020275162925,
        "f1-score": 0.8432788685981052,
        "support": 20715.0
    },
    "Affected": {
        "precision": 0.06619055913603902,
        "recall": 0.5234159779614325,
        "f1-score": 0.11751971547858357,
        "support": 726.0
    },
    "accuracy": 0.7338277132596427,
    "macro avg": {
        "precision": 0.5220761712877647,
        "recall": 0.6323090027388625,
        "f1-score": 0.48039929203834436,
        "support": 21441.0
    },
    "weighted avg": {
        "precision": 0.9470888806437111,
        "recall": 0.7338277132596427,
        "f1-score": 0.8187044016812277,
        "support": 21441.0
    },
    "Accuracy": 0.7338277132596427,
    "F1 - Avg. Macro": 0.48039929203834436,
    "F1 - Positives": 0.11751971547858357
}