{
    "Not Affected": {
        "precision": 0.9734039200857125,
        "recall": 0.7455949794834661,
        "f1-score": 0.8444043518670384,
        "support": 20715.0
    },
    "Affected": {
        "precision": 0.0545389307499103,
        "recall": 0.418732782369146,
        "f1-score": 0.09650793650793651,
        "support": 726.0
    },
    "accuracy": 0.7345273074949863,
    "macro avg": {
        "precision": 0.5139714254178114,
        "recall": 0.5821638809263061,
        "f1-score": 0.4704561441874875,
        "support": 21441.0
    },
    "weighted avg": {
        "precision": 0.942290819845155,
        "recall": 0.7345273074949863,
        "f1-score": 0.8190803092593846,
        "support": 21441.0
    },
    "Accuracy": 0.7345273074949863,
    "F1 - Avg. Macro": 0.4704561441874875,
    "F1 - Positives": 0.09650793650793651
}