{
    "Not Affected": {
        "precision": 0.9702546756864305,
        "recall": 0.9416364952932658,
        "f1-score": 0.9557313995933266,
        "support": 20715.0
    },
    "Affected": {
        "precision": 0.09573672400897532,
        "recall": 0.1763085399449036,
        "f1-score": 0.12409112942317015,
        "support": 726.0
    },
    "accuracy": 0.915722214448953,
    "macro avg": {
        "precision": 0.5329956998477029,
        "recall": 0.5589725176190847,
        "f1-score": 0.5399112645082484,
        "support": 21441.0
    },
    "weighted avg": {
        "precision": 0.9406431821498497,
        "recall": 0.915722214448953,
        "f1-score": 0.9275717598310239,
        "support": 21441.0
    },
    "Accuracy": 0.915722214448953,
    "F1 - Avg. Macro": 0.5399112645082484,
    "F1 - Positives": 0.12409112942317015
}