{
    "Not Affected": {
        "precision": 0.9720283309382057,
        "recall": 0.9142650253439537,
        "f1-score": 0.9422622453294858,
        "support": 20715.0
    },
    "Affected": {
        "precision": 0.09248850281042412,
        "recall": 0.2493112947658402,
        "f1-score": 0.13492359299291837,
        "support": 726.0
    },
    "accuracy": 0.8917494519845156,
    "macro avg": {
        "precision": 0.532258416874315,
        "recall": 0.581788160054897,
        "f1-score": 0.5385929191612021,
        "support": 21441.0
    },
    "weighted avg": {
        "precision": 0.9422467948521663,
        "recall": 0.8917494519845156,
        "f1-score": 0.9149254671196846,
        "support": 21441.0
    },
    "Accuracy": 0.8917494519845156,
    "F1 - Avg. Macro": 0.5385929191612021,
    "F1 - Positives": 0.13492359299291837
}