{
    "Not Affected": {
        "precision": 0.9735567767560803,
        "recall": 0.8637702148201786,
        "f1-score": 0.9153834347981787,
        "support": 20715.0
    },
    "Affected": {
        "precision": 0.07838014369693011,
        "recall": 0.3305785123966942,
        "f1-score": 0.12671594508975711,
        "support": 726.0
    },
    "accuracy": 0.8457161512989133,
    "macro avg": {
        "precision": 0.5259684602265052,
        "recall": 0.5971743636084363,
        "f1-score": 0.5210496899439679,
        "support": 21441.0
    },
    "weighted avg": {
        "precision": 0.9432457728103247,
        "recall": 0.8457161512989133,
        "f1-score": 0.8886788688950812,
        "support": 21441.0
    },
    "Accuracy": 0.8457161512989133,
    "F1 - Avg. Macro": 0.5210496899439679,
    "F1 - Positives": 0.12671594508975711
}