{
    "Not Affected": {
        "precision": 0.8235294117647058,
        "recall": 0.5490196078431373,
        "f1-score": 0.6588235294117647,
        "support": 51.0
    },
    "Affected": {
        "precision": 0.8855721393034826,
        "recall": 0.967391304347826,
        "f1-score": 0.9246753246753247,
        "support": 184.0
    },
    "accuracy": 0.8765957446808511,
    "macro avg": {
        "precision": 0.8545507755340942,
        "recall": 0.7582054560954816,
        "f1-score": 0.7917494270435447,
        "support": 235.0
    },
    "weighted avg": {
        "precision": 0.8721075473695353,
        "recall": 0.8765957446808511,
        "f1-score": 0.8669798286819562,
        "support": 235.0
    },
    "Accuracy": 0.8765957446808511,
    "F1 - Avg. Macro": 0.7917494270435447,
    "F1 - Positives": 0.9246753246753247
}