{
    "Not Affected": {
        "precision": 0.9750146018560581,
        "recall": 0.7252715423606082,
        "f1-score": 0.8318015723618647,
        "support": 20715.0
    },
    "Affected": {
        "precision": 0.05653183023872679,
        "recall": 0.4696969696969697,
        "f1-score": 0.10091743119266056,
        "support": 726.0
    },
    "accuracy": 0.7166176950701926,
    "macro avg": {
        "precision": 0.5157732160473925,
        "recall": 0.597484256028789,
        "f1-score": 0.4663595017772626,
        "support": 21441.0
    },
    "weighted avg": {
        "precision": 0.943914443645425,
        "recall": 0.7166176950701926,
        "f1-score": 0.8070535714995521,
        "support": 21441.0
    },
    "Accuracy": 0.7166176950701926,
    "F1 - Avg. Macro": 0.4663595017772626,
    "F1 - Positives": 0.10091743119266056
}