{
    "Not Affected": {
        "precision": 0.6976744186046512,
        "recall": 0.5882352941176471,
        "f1-score": 0.6382978723404256,
        "support": 51.0
    },
    "Affected": {
        "precision": 0.890625,
        "recall": 0.9293478260869565,
        "f1-score": 0.9095744680851063,
        "support": 184.0
    },
    "accuracy": 0.8553191489361702,
    "macro avg": {
        "precision": 0.7941497093023255,
        "recall": 0.7587915601023019,
        "f1-score": 0.773936170212766,
        "support": 235.0
    },
    "weighted avg": {
        "precision": 0.8487506185056903,
        "recall": 0.8553191489361702,
        "f1-score": 0.8507016749660479,
        "support": 235.0
    },
    "Accuracy": 0.8553191489361702,
    "F1 - Avg. Macro": 0.773936170212766,
    "F1 - Positives": 0.9095744680851063
}