{
    "Not Affected": {
        "precision": 0.9719778429455849,
        "recall": 0.8640115858073859,
        "f1-score": 0.9148202100743694,
        "support": 20715.0
    },
    "Affected": {
        "precision": 0.06937561942517344,
        "recall": 0.2892561983471074,
        "f1-score": 0.11191047162270183,
        "support": 726.0
    },
    "accuracy": 0.8445501609066741,
    "macro avg": {
        "precision": 0.5206767311853792,
        "recall": 0.5766338920772467,
        "f1-score": 0.5133653408485356,
        "support": 21441.0
    },
    "weighted avg": {
        "precision": 0.9414154058262426,
        "recall": 0.8445501609066741,
        "f1-score": 0.8876333964875074,
        "support": 21441.0
    },
    "Accuracy": 0.8445501609066741,
    "F1 - Avg. Macro": 0.5133653408485356,
    "F1 - Positives": 0.11191047162270183
}