{
    "Not Affected": {
        "precision": 0.9739332464441548,
        "recall": 0.8296886314265025,
        "f1-score": 0.8960429591783535,
        "support": 20715.0
    },
    "Affected": {
        "precision": 0.07011070110701106,
        "recall": 0.36639118457300274,
        "f1-score": 0.11769911504424779,
        "support": 726.0
    },
    "accuracy": 0.8140012126300079,
    "macro avg": {
        "precision": 0.5220219737755829,
        "recall": 0.5980399079997526,
        "f1-score": 0.5068710371113007,
        "support": 21441.0
    },
    "weighted avg": {
        "precision": 0.9433294887875733,
        "recall": 0.8140012126300079,
        "f1-score": 0.8696879556411417,
        "support": 21441.0
    },
    "Accuracy": 0.8140012126300079,
    "F1 - Avg. Macro": 0.5068710371113007,
    "F1 - Positives": 0.11769911504424779
}