{
    "0": {
        "precision": 0.8048780487804879,
        "recall": 0.6470588235294118,
        "f1-score": 0.717391304347826,
        "support": 51.0
    },
    "1": {
        "precision": 0.9072164948453608,
        "recall": 0.9565217391304348,
        "f1-score": 0.9312169312169312,
        "support": 184.0
    },
    "accuracy": 0.8893617021276595,
    "macro avg": {
        "precision": 0.8560472718129244,
        "recall": 0.8017902813299234,
        "f1-score": 0.8243041177823787,
        "support": 235.0
    },
    "weighted avg": {
        "precision": 0.8850068746355374,
        "recall": 0.8893617021276595,
        "f1-score": 0.8848122207049126,
        "support": 235.0
    },
    "Accuracy": 0.8893617021276595,
    "F1 - Avg. Macro": 0.8243041177823787,
    "F1 - Positives": 0.9312169312169312
}