{
    "Not Affected": {
        "precision": 0.9752177254098361,
        "recall": 0.7351677528361091,
        "f1-score": 0.8383474168065839,
        "support": 20715.0
    },
    "Affected": {
        "precision": 0.05819742489270386,
        "recall": 0.4669421487603306,
        "f1-score": 0.10349564951915738,
        "support": 726.0
    },
    "accuracy": 0.7260855370551746,
    "macro avg": {
        "precision": 0.51670757515127,
        "recall": 0.6010549507982199,
        "f1-score": 0.4709215331628706,
        "support": 21441.0
    },
    "weighted avg": {
        "precision": 0.9441670869985943,
        "recall": 0.7260855370551746,
        "f1-score": 0.8134650706916325,
        "support": 21441.0
    },
    "Accuracy": 0.7260855370551746,
    "F1 - Avg. Macro": 0.4709215331628706,
    "F1 - Positives": 0.10349564951915738
}