{
    "Not Affected": {
        "precision": 0.9721051262034869,
        "recall": 0.9017137340091721,
        "f1-score": 0.9355872777360381,
        "support": 20715.0
    },
    "Affected": {
        "precision": 0.0853548966756514,
        "recall": 0.26170798898071623,
        "f1-score": 0.12872628726287264,
        "support": 726.0
    },
    "accuracy": 0.8800429084464344,
    "macro avg": {
        "precision": 0.5287300114395691,
        "recall": 0.5817108614949442,
        "f1-score": 0.5321567824994554,
        "support": 21441.0
    },
    "weighted avg": {
        "precision": 0.9420794433231543,
        "recall": 0.8800429084464344,
        "f1-score": 0.9082666733293632,
        "support": 21441.0
    },
    "Accuracy": 0.8800429084464344,
    "F1 - Avg. Macro": 0.5321567824994554,
    "F1 - Positives": 0.12872628726287264
}