{
    "Not Affected": {
        "precision": 0.9717300217073047,
        "recall": 0.9292300265508086,
        "f1-score": 0.9500049353469548,
        "support": 20715.0
    },
    "Affected": {
        "precision": 0.1017156862745098,
        "recall": 0.22865013774104684,
        "f1-score": 0.14079728583545378,
        "support": 726.0
    },
    "accuracy": 0.9055081386129378,
    "macro avg": {
        "precision": 0.5367228539909072,
        "recall": 0.5789400821459277,
        "f1-score": 0.5454011105912043,
        "support": 21441.0
    },
    "weighted avg": {
        "precision": 0.9422710222425312,
        "recall": 0.9055081386129378,
        "f1-score": 0.9226048722181199,
        "support": 21441.0
    },
    "Accuracy": 0.9055081386129378,
    "F1 - Avg. Macro": 0.5454011105912043,
    "F1 - Positives": 0.14079728583545378
}