{
    "Not Affected": {
        "precision": 0.9699431761539229,
        "recall": 0.9393676080135168,
        "f1-score": 0.9544105745886161,
        "support": 20715.0
    },
    "Affected": {
        "precision": 0.08919506889050036,
        "recall": 0.16942148760330578,
        "f1-score": 0.1168646080760095,
        "support": 726.0
    },
    "accuracy": 0.9132969544330954,
    "macro avg": {
        "precision": 0.5295691225222117,
        "recall": 0.5543945478084114,
        "f1-score": 0.5356375913323128,
        "support": 21441.0
    },
    "weighted avg": {
        "precision": 0.9401207273001733,
        "recall": 0.9132969544330954,
        "f1-score": 0.9260509658162569,
        "support": 21441.0
    },
    "Accuracy": 0.9132969544330954,
    "F1 - Avg. Macro": 0.5356375913323128,
    "F1 - Positives": 0.1168646080760095
}