{
    "Not Affected": {
        "precision": 0.9703558282208589,
        "recall": 0.9544291576152546,
        "f1-score": 0.9623266001460209,
        "support": 20715.0
    },
    "Affected": {
        "precision": 0.11444652908067542,
        "recall": 0.16804407713498623,
        "f1-score": 0.13616071428571427,
        "support": 726.0
    },
    "accuracy": 0.9278018749125507,
    "macro avg": {
        "precision": 0.5424011786507671,
        "recall": 0.5612366173751204,
        "f1-score": 0.5492436572158675,
        "support": 21441.0
    },
    "weighted avg": {
        "precision": 0.9413744303767391,
        "recall": 0.9278018749125507,
        "f1-score": 0.934352325012651,
        "support": 21441.0
    },
    "Accuracy": 0.9278018749125507,
    "F1 - Avg. Macro": 0.5492436572158675,
    "F1 - Positives": 0.13616071428571427
}