{
    "Not Affected": {
        "precision": 0.9722944172990955,
        "recall": 0.9029688631426502,
        "f1-score": 0.9363502114985107,
        "support": 20715.0
    },
    "Affected": {
        "precision": 0.0876078075351793,
        "recall": 0.26584022038567495,
        "f1-score": 0.1317855923523387,
        "support": 726.0
    },
    "accuracy": 0.8813954573014319,
    "macro avg": {
        "precision": 0.5299511124171374,
        "recall": 0.5844045417641626,
        "f1-score": 0.5340679019254247,
        "support": 21441.0
    },
    "weighted avg": {
        "precision": 0.9423386093289167,
        "recall": 0.8813954573014319,
        "f1-score": 0.9091073630539362,
        "support": 21441.0
    },
    "Accuracy": 0.8813954573014319,
    "F1 - Avg. Macro": 0.5340679019254247,
    "F1 - Positives": 0.1317855923523387
}