{
    "Not Affected": {
        "precision": 0.9766975399681435,
        "recall": 0.7992276128409366,
        "f1-score": 0.8790952052248713,
        "support": 20715.0
    },
    "Affected": {
        "precision": 0.07371937639198219,
        "recall": 0.4559228650137741,
        "f1-score": 0.12691717791411042,
        "support": 726.0
    },
    "accuracy": 0.7876031901497131,
    "macro avg": {
        "precision": 0.5252084581800628,
        "recall": 0.6275752389273553,
        "f1-score": 0.5030061915694909,
        "support": 21441.0
    },
    "weighted avg": {
        "precision": 0.9461223733828025,
        "recall": 0.7876031901497131,
        "f1-score": 0.8536261856909124,
        "support": 21441.0
    },
    "Accuracy": 0.7876031901497131,
    "F1 - Avg. Macro": 0.5030061915694909,
    "F1 - Positives": 0.12691717791411042
}