{
    "Not Affected": {
        "precision": 0.9713665943600868,
        "recall": 0.7566014965001207,
        "f1-score": 0.8506377204884668,
        "support": 20715.0
    },
    "Affected": {
        "precision": 0.049754994346023367,
        "recall": 0.36363636363636365,
        "f1-score": 0.08753315649867374,
        "support": 726.0
    },
    "accuracy": 0.7432955552446248,
    "macro avg": {
        "precision": 0.510560794353055,
        "recall": 0.5601189300682421,
        "f1-score": 0.46908543849357026,
        "support": 21441.0
    },
    "weighted avg": {
        "precision": 0.9401604928904627,
        "recall": 0.7432955552446248,
        "f1-score": 0.8247987244781785,
        "support": 21441.0
    },
    "Accuracy": 0.7432955552446248,
    "F1 - Avg. Macro": 0.46908543849357026,
    "F1 - Positives": 0.08753315649867374
}