{
    "Not Affected": {
        "precision": 0.9702267273884726,
        "recall": 0.9564566739077963,
        "f1-score": 0.96329249319331,
        "support": 20715.0
    },
    "Affected": {
        "precision": 0.11568627450980393,
        "recall": 0.162534435261708,
        "f1-score": 0.13516609392898052,
        "support": 726.0
    },
    "accuracy": 0.9295741803087543,
    "macro avg": {
        "precision": 0.5429565009491383,
        "recall": 0.5594955545847522,
        "f1-score": 0.5492292935611452,
        "support": 21441.0
    },
    "weighted avg": {
        "precision": 0.9412916791729083,
        "recall": 0.9295741803087543,
        "f1-score": 0.935251834368353,
        "support": 21441.0
    },
    "Accuracy": 0.9295741803087543,
    "F1 - Avg. Macro": 0.5492292935611452,
    "F1 - Positives": 0.13516609392898052
}