{
    "Not Affected": {
        "precision": 0.9690259011755524,
        "recall": 0.9590152063721941,
        "f1-score": 0.9639945652173914,
        "support": 20715.0
    },
    "Affected": {
        "precision": 0.09680851063829787,
        "recall": 0.12534435261707988,
        "f1-score": 0.1092436974789916,
        "support": 726.0
    },
    "accuracy": 0.930786810316683,
    "macro avg": {
        "precision": 0.5329172059069252,
        "recall": 0.542179779494637,
        "f1-score": 0.5366191313481915,
        "support": 21441.0
    },
    "weighted avg": {
        "precision": 0.9394923054696597,
        "recall": 0.930786810316683,
        "f1-score": 0.9350523922787187,
        "support": 21441.0
    },
    "Accuracy": 0.930786810316683,
    "F1 - Avg. Macro": 0.5366191313481915,
    "F1 - Positives": 0.1092436974789916
}