{
    "Not Affected": {
        "precision": 0.9753482772458866,
        "recall": 0.8212889210716872,
        "f1-score": 0.891713402169925,
        "support": 20715.0
    },
    "Affected": {
        "precision": 0.07403701850925462,
        "recall": 0.40771349862258954,
        "f1-score": 0.12531752751905165,
        "support": 726.0
    },
    "accuracy": 0.8072851079707103,
    "macro avg": {
        "precision": 0.5246926478775706,
        "recall": 0.6145012098471383,
        "f1-score": 0.5085154648444883,
        "support": 21441.0
    },
    "weighted avg": {
        "precision": 0.9448295526601492,
        "recall": 0.8072851079707103,
        "f1-score": 0.8657629611925204,
        "support": 21441.0
    },
    "Accuracy": 0.8072851079707103,
    "F1 - Avg. Macro": 0.5085154648444883,
    "F1 - Positives": 0.12531752751905165
}