{
    "Not Affected": {
        "precision": 0.9739592159520986,
        "recall": 0.8323437122857833,
        "f1-score": 0.8976000832942891,
        "support": 20715.0
    },
    "Affected": {
        "precision": 0.07089352594970573,
        "recall": 0.3650137741046832,
        "f1-score": 0.11872759856630824,
        "support": 726.0
    },
    "accuracy": 0.8165197518772446,
    "macro avg": {
        "precision": 0.5224263709509022,
        "recall": 0.5986787431952333,
        "f1-score": 0.5081638409302986,
        "support": 21441.0
    },
    "weighted avg": {
        "precision": 0.9433810856903693,
        "recall": 0.8165197518772446,
        "f1-score": 0.8712271797957342,
        "support": 21441.0
    },
    "Accuracy": 0.8165197518772446,
    "F1 - Avg. Macro": 0.5081638409302986,
    "F1 - Positives": 0.11872759856630824
}