{
    "Not Affected": {
        "precision": 0.9721505081021697,
        "recall": 0.8543567463190924,
        "f1-score": 0.9094552929085303,
        "support": 20715.0
    },
    "Affected": {
        "precision": 0.06767614338689741,
        "recall": 0.30165289256198347,
        "f1-score": 0.11055022715800102,
        "support": 726.0
    },
    "accuracy": 0.8356419943099669,
    "macro avg": {
        "precision": 0.5199133257445335,
        "recall": 0.5780048194405379,
        "f1-score": 0.5100027600332657,
        "support": 21441.0
    },
    "weighted avg": {
        "precision": 0.941524679606144,
        "recall": 0.8356419943099669,
        "f1-score": 0.882404078984978,
        "support": 21441.0
    },
    "Accuracy": 0.8356419943099669,
    "F1 - Avg. Macro": 0.5100027600332657,
    "F1 - Positives": 0.11055022715800102
}