{
    "Not Affected": {
        "precision": 0.9740605254406385,
        "recall": 0.8483707458363505,
        "f1-score": 0.906881337564827,
        "support": 20715.0
    },
    "Affected": {
        "precision": 0.07590467784642542,
        "recall": 0.35537190082644626,
        "f1-score": 0.12509090909090909,
        "support": 726.0
    },
    "accuracy": 0.8316776269763537,
    "macro avg": {
        "precision": 0.5249826016435319,
        "recall": 0.6018713233313984,
        "f1-score": 0.5159861233278681,
        "support": 21441.0
    },
    "weighted avg": {
        "precision": 0.9436486442152574,
        "recall": 0.8316776269763537,
        "f1-score": 0.8804096314376845,
        "support": 21441.0
    },
    "Accuracy": 0.8316776269763537,
    "F1 - Avg. Macro": 0.5159861233278681,
    "F1 - Positives": 0.12509090909090909
}