{
    "Not Affected": {
        "precision": 0.9691917912338485,
        "recall": 0.9233405744629496,
        "f1-score": 0.9457107540173053,
        "support": 20715.0
    },
    "Affected": {
        "precision": 0.06916764361078546,
        "recall": 0.162534435261708,
        "f1-score": 0.09703947368421052,
        "support": 726.0
    },
    "accuracy": 0.8975794039457115,
    "macro avg": {
        "precision": 0.5191797174223169,
        "recall": 0.5429375048623288,
        "f1-score": 0.521375113850758,
        "support": 21441.0
    },
    "weighted avg": {
        "precision": 0.9387166486950516,
        "recall": 0.8975794039457115,
        "f1-score": 0.9169744381028504,
        "support": 21441.0
    },
    "Accuracy": 0.8975794039457115,
    "F1 - Avg. Macro": 0.521375113850758,
    "F1 - Positives": 0.09703947368421052
}