{
    "Not Affected": {
        "precision": 0.9694540288207835,
        "recall": 0.9223268163166788,
        "f1-score": 0.9453034163718675,
        "support": 20715.0
    },
    "Affected": {
        "precision": 0.07155222158107329,
        "recall": 0.17079889807162535,
        "f1-score": 0.10085400569337129,
        "support": 726.0
    },
    "accuracy": 0.896879809710368,
    "macro avg": {
        "precision": 0.5205031252009283,
        "recall": 0.5465628571941521,
        "f1-score": 0.5230787110326194,
        "support": 21441.0
    },
    "weighted avg": {
        "precision": 0.9390507494935117,
        "recall": 0.896879809710368,
        "f1-score": 0.9167100544879728,
        "support": 21441.0
    },
    "Accuracy": 0.896879809710368,
    "F1 - Avg. Macro": 0.5230787110326194,
    "F1 - Positives": 0.10085400569337129
}