{
    "Not Affected": {
        "precision": 0.9736524665100629,
        "recall": 0.7403330919623461,
        "f1-score": 0.8411122689628695,
        "support": 20715.0
    },
    "Affected": {
        "precision": 0.0546572934973638,
        "recall": 0.4283746556473829,
        "f1-score": 0.09694513715710723,
        "support": 726.0
    },
    "accuracy": 0.7297700666946504,
    "macro avg": {
        "precision": 0.5141548800037133,
        "recall": 0.5843538738048645,
        "f1-score": 0.46902870305998834,
        "support": 21441.0
    },
    "weighted avg": {
        "precision": 0.9425349582032105,
        "recall": 0.7297700666946504,
        "f1-score": 0.815914501242568,
        "support": 21441.0
    },
    "Accuracy": 0.7297700666946504,
    "F1 - Avg. Macro": 0.46902870305998834,
    "F1 - Positives": 0.09694513715710723
}