{
    "Not Affected": {
        "precision": 0.97293929143671,
        "recall": 0.7914554670528603,
        "f1-score": 0.8728637597827823,
        "support": 20715.0
    },
    "Affected": {
        "precision": 0.058823529411764705,
        "recall": 0.371900826446281,
        "f1-score": 0.10158013544018059,
        "support": 726.0
    },
    "accuracy": 0.7772491954666294,
    "macro avg": {
        "precision": 0.5158814104242373,
        "recall": 0.5816781467495706,
        "f1-score": 0.48722194761148147,
        "support": 21441.0
    },
    "weighted avg": {
        "precision": 0.9419870017473247,
        "recall": 0.7772491954666294,
        "f1-score": 0.8467478178363839,
        "support": 21441.0
    },
    "Accuracy": 0.7772491954666294,
    "F1 - Avg. Macro": 0.48722194761148147,
    "F1 - Positives": 0.10158013544018059
}