{
    "Not Affected": {
        "precision": 0.9666009944647715,
        "recall": 0.49736905623944,
        "f1-score": 0.6567858736533435,
        "support": 20715.0
    },
    "Affected": {
        "precision": 0.03431645334817288,
        "recall": 0.509641873278237,
        "f1-score": 0.0643030935001738,
        "support": 726.0
    },
    "accuracy": 0.49778461825474557,
    "macro avg": {
        "precision": 0.5004587239064722,
        "recall": 0.5035054647588385,
        "f1-score": 0.36054448357675867,
        "support": 21441.0
    },
    "weighted avg": {
        "precision": 0.9350335033565839,
        "recall": 0.49778461825474557,
        "f1-score": 0.6367241928366278,
        "support": 21441.0
    },
    "Accuracy": 0.49778461825474557,
    "F1 - Avg. Macro": 0.36054448357675867,
    "F1 - Positives": 0.0643030935001738
}