{
    "Not Affected": {
        "precision": 0.9720413436692507,
        "recall": 0.9079893796765629,
        "f1-score": 0.9389242480968426,
        "support": 20715.0
    },
    "Affected": {
        "precision": 0.08847441415590626,
        "recall": 0.2548209366391185,
        "f1-score": 0.1313454029108981,
        "support": 726.0
    },
    "accuracy": 0.8858728604076302,
    "macro avg": {
        "precision": 0.5302578789125785,
        "recall": 0.5814051581578407,
        "f1-score": 0.5351348255038704,
        "support": 21441.0
    },
    "weighted avg": {
        "precision": 0.9421234484765505,
        "recall": 0.8858728604076302,
        "f1-score": 0.911579336870454,
        "support": 21441.0
    },
    "Accuracy": 0.8858728604076302,
    "F1 - Avg. Macro": 0.5351348255038704,
    "F1 - Positives": 0.1313454029108981
}