{
    "Not Affected": {
        "precision": 0.9721498371335505,
        "recall": 0.8644460535843591,
        "f1-score": 0.9151399003449597,
        "support": 20715.0
    },
    "Affected": {
        "precision": 0.070506454816286,
        "recall": 0.29338842975206614,
        "f1-score": 0.11369095276220977,
        "support": 726.0
    },
    "accuracy": 0.845109836294949,
    "macro avg": {
        "precision": 0.5213281459749183,
        "recall": 0.5789172416682127,
        "f1-score": 0.5144154265535847,
        "support": 21441.0
    },
    "weighted avg": {
        "precision": 0.9416198667234794,
        "recall": 0.845109836294949,
        "f1-score": 0.888002549664251,
        "support": 21441.0
    },
    "Accuracy": 0.845109836294949,
    "F1 - Avg. Macro": 0.5144154265535847,
    "F1 - Positives": 0.11369095276220977
}