{
    "Not Affected": {
        "precision": 0.9729080183526327,
        "recall": 0.8598600048274198,
        "f1-score": 0.9128975219742204,
        "support": 20715.0
    },
    "Affected": {
        "precision": 0.07341206511330993,
        "recall": 0.3168044077134986,
        "f1-score": 0.11920186576833376,
        "support": 726.0
    },
    "accuracy": 0.8414719462711627,
    "macro avg": {
        "precision": 0.5231600417329714,
        "recall": 0.5883322062704592,
        "f1-score": 0.5160496938712771,
        "support": 21441.0
    },
    "weighted avg": {
        "precision": 0.9424507606663426,
        "recall": 0.8414719462711627,
        "f1-score": 0.8860227005383977,
        "support": 21441.0
    },
    "Accuracy": 0.8414719462711627,
    "F1 - Avg. Macro": 0.5160496938712771,
    "F1 - Positives": 0.11920186576833376
}