{
    "Not Affected": {
        "precision": 0.7446808510638298,
        "recall": 0.6862745098039216,
        "f1-score": 0.7142857142857143,
        "support": 51.0
    },
    "Affected": {
        "precision": 0.9148936170212766,
        "recall": 0.9347826086956522,
        "f1-score": 0.9247311827956989,
        "support": 184.0
    },
    "accuracy": 0.8808510638297873,
    "macro avg": {
        "precision": 0.8297872340425532,
        "recall": 0.8105285592497868,
        "f1-score": 0.8195084485407066,
        "support": 235.0
    },
    "weighted avg": {
        "precision": 0.8779538252602989,
        "recall": 0.8808510638297873,
        "f1-score": 0.8790600385658724,
        "support": 235.0
    },
    "Accuracy": 0.8808510638297873,
    "F1 - Avg. Macro": 0.8195084485407066,
    "F1 - Positives": 0.9247311827956989
}