{
    "Not Affected": {
        "precision": 0.9734518894887266,
        "recall": 0.7398986241853729,
        "f1-score": 0.8407569939659901,
        "support": 20715.0
    },
    "Affected": {
        "precision": 0.05407303370786517,
        "recall": 0.42424242424242425,
        "f1-score": 0.09592027405792589,
        "support": 726.0
    },
    "accuracy": 0.7292103913063757,
    "macro avg": {
        "precision": 0.5137624615982959,
        "recall": 0.5820705242138986,
        "f1-score": 0.468338634011958,
        "support": 21441.0
    },
    "weighted avg": {
        "precision": 0.9423213895448385,
        "recall": 0.7292103913063757,
        "f1-score": 0.8155365537508297,
        "support": 21441.0
    },
    "Accuracy": 0.7292103913063757,
    "F1 - Avg. Macro": 0.468338634011958,
    "F1 - Positives": 0.09592027405792589
}