{
    "Not Affected": {
        "precision": 0.6730769230769231,
        "recall": 0.6862745098039216,
        "f1-score": 0.6796116504854369,
        "support": 51.0
    },
    "Affected": {
        "precision": 0.912568306010929,
        "recall": 0.907608695652174,
        "f1-score": 0.9100817438692098,
        "support": 184.0
    },
    "accuracy": 0.8595744680851064,
    "macro avg": {
        "precision": 0.7928226145439261,
        "recall": 0.7969416027280478,
        "f1-score": 0.7948466971773234,
        "support": 235.0
    },
    "weighted avg": {
        "precision": 0.8605935803529108,
        "recall": 0.8595744680851064,
        "f1-score": 0.860064829985923,
        "support": 235.0
    },
    "Accuracy": 0.8595744680851064,
    "F1 - Avg. Macro": 0.7948466971773234,
    "F1 - Positives": 0.9100817438692098
}