{
    "Not Affected": {
        "precision": 0.7560975609756098,
        "recall": 0.6078431372549019,
        "f1-score": 0.6739130434782609,
        "support": 51.0
    },
    "Affected": {
        "precision": 0.8969072164948454,
        "recall": 0.9456521739130435,
        "f1-score": 0.9206349206349206,
        "support": 184.0
    },
    "accuracy": 0.8723404255319149,
    "macro avg": {
        "precision": 0.8265023887352276,
        "recall": 0.7767476555839727,
        "f1-score": 0.7972739820565907,
        "support": 235.0
    },
    "weighted avg": {
        "precision": 0.8663485252970539,
        "recall": 0.8723404255319149,
        "f1-score": 0.8670910238902838,
        "support": 235.0
    },
    "Accuracy": 0.8723404255319149,
    "F1 - Avg. Macro": 0.7972739820565907,
    "F1 - Positives": 0.9206349206349206
}