{
    "Not Affected": {
        "precision": 0.9723172295852929,
        "recall": 0.8783007482500603,
        "f1-score": 0.9229208410480128,
        "support": 20715.0
    },
    "Affected": {
        "precision": 0.07621839501648955,
        "recall": 0.2865013774104683,
        "f1-score": 0.12040520984081042,
        "support": 726.0
    },
    "accuracy": 0.8582622079194068,
    "macro avg": {
        "precision": 0.5242678123008913,
        "recall": 0.5824010628302643,
        "f1-score": 0.5216630254444116,
        "support": 21441.0
    },
    "weighted avg": {
        "precision": 0.9419749995635144,
        "recall": 0.8582622079194068,
        "f1-score": 0.8957473720747173,
        "support": 21441.0
    },
    "Accuracy": 0.8582622079194068,
    "F1 - Avg. Macro": 0.5216630254444116,
    "F1 - Positives": 0.12040520984081042
}