{
    "Not Affected": {
        "precision": 0.9758582111523288,
        "recall": 0.8000482741974415,
        "f1-score": 0.8792508886413072,
        "support": 20715.0
    },
    "Affected": {
        "precision": 0.0708838043965904,
        "recall": 0.43526170798898073,
        "f1-score": 0.12191358024691358,
        "support": 726.0
    },
    "accuracy": 0.7876964693810923,
    "macro avg": {
        "precision": 0.5233710077744597,
        "recall": 0.6176549910932111,
        "f1-score": 0.5005822344441104,
        "support": 21441.0
    },
    "weighted avg": {
        "precision": 0.9452154510523025,
        "recall": 0.7876964693810923,
        "f1-score": 0.8536071739874045,
        "support": 21441.0
    },
    "Accuracy": 0.7876964693810923,
    "F1 - Avg. Macro": 0.5005822344441104,
    "F1 - Positives": 0.12191358024691358
}