{
    "Not Affected": {
        "precision": 0.9728325186519167,
        "recall": 0.9127202510258267,
        "f1-score": 0.9418181818181818,
        "support": 20715.0
    },
    "Affected": {
        "precision": 0.09870388833499502,
        "recall": 0.2727272727272727,
        "f1-score": 0.14494875549048317,
        "support": 726.0
    },
    "accuracy": 0.8910498577491721,
    "macro avg": {
        "precision": 0.5357682034934559,
        "recall": 0.5927237618765497,
        "f1-score": 0.5433834686543325,
        "support": 21441.0
    },
    "weighted avg": {
        "precision": 0.9432342076771446,
        "recall": 0.8910498577491721,
        "f1-score": 0.9148358953803333,
        "support": 21441.0
    },
    "Accuracy": 0.8910498577491721,
    "F1 - Avg. Macro": 0.5433834686543325,
    "F1 - Positives": 0.14494875549048317
}