{
    "Not Affected": {
        "precision": 0.97056813744631,
        "recall": 0.9599324161235819,
        "f1-score": 0.9652209790549232,
        "support": 20715.0
    },
    "Affected": {
        "precision": 0.12906610703043023,
        "recall": 0.16942148760330578,
        "f1-score": 0.14651578320428826,
        "support": 726.0
    },
    "accuracy": 0.9331654307168509,
    "macro avg": {
        "precision": 0.5498171222383701,
        "recall": 0.5646769518634438,
        "f1-score": 0.5558683811296057,
        "support": 21441.0
    },
    "weighted avg": {
        "precision": 0.942074574922084,
        "recall": 0.9331654307168509,
        "f1-score": 0.93749932557852,
        "support": 21441.0
    },
    "Accuracy": 0.9331654307168509,
    "F1 - Avg. Macro": 0.5558683811296057,
    "F1 - Positives": 0.14651578320428826
}