{
    "Not Affected": {
        "precision": 0.9733129770992366,
        "recall": 0.7693941588221096,
        "f1-score": 0.8594230250741439,
        "support": 20715.0
    },
    "Affected": {
        "precision": 0.05704697986577181,
        "recall": 0.39807162534435264,
        "f1-score": 0.09979281767955801,
        "support": 726.0
    },
    "accuracy": 0.7568210437945991,
    "macro avg": {
        "precision": 0.5151799784825042,
        "recall": 0.5837328920832311,
        "f1-score": 0.479607921376851,
        "support": 21441.0
    },
    "weighted avg": {
        "precision": 0.9422878796694759,
        "recall": 0.7568210437945991,
        "f1-score": 0.8337016720323797,
        "support": 21441.0
    },
    "Accuracy": 0.7568210437945991,
    "F1 - Avg. Macro": 0.479607921376851,
    "F1 - Positives": 0.09979281767955801
}