{
    "Not Affected": {
        "precision": 0.9726402188782489,
        "recall": 0.7551049963794352,
        "f1-score": 0.8501780036416012,
        "support": 20715.0
    },
    "Affected": {
        "precision": 0.053368165702556446,
        "recall": 0.3939393939393939,
        "f1-score": 0.09400164338537387,
        "support": 726.0
    },
    "accuracy": 0.7428757987034187,
    "macro avg": {
        "precision": 0.5130041922904027,
        "recall": 0.5745221951594146,
        "f1-score": 0.47208982351348755,
        "support": 21441.0
    },
    "weighted avg": {
        "precision": 0.9415133353091265,
        "recall": 0.7428757987034187,
        "f1-score": 0.8245735991107481,
        "support": 21441.0
    },
    "Accuracy": 0.7428757987034187,
    "F1 - Avg. Macro": 0.47208982351348755,
    "F1 - Positives": 0.09400164338537387
}