{
    "Not Affected": {
        "precision": 0.9707314649175114,
        "recall": 0.9430364470190683,
        "f1-score": 0.9566835622811528,
        "support": 20715.0
    },
    "Affected": {
        "precision": 0.10402429764616553,
        "recall": 0.1887052341597796,
        "f1-score": 0.13411649534997552,
        "support": 726.0
    },
    "accuracy": 0.9174945198451565,
    "macro avg": {
        "precision": 0.5373778812818385,
        "recall": 0.5658708405894239,
        "f1-score": 0.5454000288155642,
        "support": 21441.0
    },
    "weighted avg": {
        "precision": 0.9413844473605412,
        "recall": 0.9174945198451565,
        "f1-score": 0.9288311444558631,
        "support": 21441.0
    },
    "Accuracy": 0.9174945198451565,
    "F1 - Avg. Macro": 0.5454000288155642,
    "F1 - Positives": 0.13411649534997552
}