{
    "Not Affected": {
        "precision": 0.9733525612891091,
        "recall": 0.749408641081342,
        "f1-score": 0.8468252236526292,
        "support": 20715.0
    },
    "Affected": {
        "precision": 0.05480699198834669,
        "recall": 0.41460055096418735,
        "f1-score": 0.09681569636539081,
        "support": 726.0
    },
    "accuracy": 0.7380719182873933,
    "macro avg": {
        "precision": 0.5140797766387278,
        "recall": 0.5820045960227647,
        "f1-score": 0.47182046000901,
        "support": 21441.0
    },
    "weighted avg": {
        "precision": 0.9422502767262457,
        "recall": 0.7380719182873933,
        "f1-score": 0.8214296303122749,
        "support": 21441.0
    },
    "Accuracy": 0.7380719182873933,
    "F1 - Avg. Macro": 0.47182046000901,
    "F1 - Positives": 0.09681569636539081
}