{
    "Not Affected": {
        "precision": 0.9707847295864263,
        "recall": 0.8838522809558291,
        "f1-score": 0.9252811118130133,
        "support": 20715.0
    },
    "Affected": {
        "precision": 0.06780317706315382,
        "recall": 0.24104683195592286,
        "f1-score": 0.10583610523132748,
        "support": 726.0
    },
    "accuracy": 0.8620866564059512,
    "macro avg": {
        "precision": 0.51929395332479,
        "recall": 0.562449556455876,
        "f1-score": 0.5155586085221704,
        "support": 21441.0
    },
    "weighted avg": {
        "precision": 0.9402094482501128,
        "recall": 0.8620866564059512,
        "f1-score": 0.897534408078192,
        "support": 21441.0
    },
    "Accuracy": 0.8620866564059512,
    "F1 - Avg. Macro": 0.5155586085221704,
    "F1 - Positives": 0.10583610523132748
}