{
    "Not Affected": {
        "precision": 0.9718941151655769,
        "recall": 0.8897417330436882,
        "f1-score": 0.9290052672698405,
        "support": 20715.0
    },
    "Affected": {
        "precision": 0.07791683488090433,
        "recall": 0.26584022038567495,
        "f1-score": 0.12051201998126757,
        "support": 726.0
    },
    "accuracy": 0.8686162026024905,
    "macro avg": {
        "precision": 0.5249054750232406,
        "recall": 0.5777909767146816,
        "f1-score": 0.524758643625554,
        "support": 21441.0
    },
    "weighted avg": {
        "precision": 0.9416237217377204,
        "recall": 0.8686162026024905,
        "f1-score": 0.9016293940581663,
        "support": 21441.0
    },
    "Accuracy": 0.8686162026024905,
    "F1 - Avg. Macro": 0.524758643625554,
    "F1 - Positives": 0.12051201998126757
}