{
    "Not Affected": {
        "precision": 0.6956521739130435,
        "recall": 0.6274509803921569,
        "f1-score": 0.6597938144329897,
        "support": 51.0
    },
    "Affected": {
        "precision": 0.8994708994708994,
        "recall": 0.9239130434782609,
        "f1-score": 0.9115281501340483,
        "support": 184.0
    },
    "accuracy": 0.8595744680851064,
    "macro avg": {
        "precision": 0.7975615366919715,
        "recall": 0.7756820119352088,
        "f1-score": 0.785660982283519,
        "support": 235.0
    },
    "weighted avg": {
        "precision": 0.8552378994562158,
        "recall": 0.8595744680851064,
        "f1-score": 0.8568964432372228,
        "support": 235.0
    },
    "Accuracy": 0.8595744680851064,
    "F1 - Avg. Macro": 0.785660982283519,
    "F1 - Positives": 0.9115281501340483
}