{
    "Not Affected": {
        "precision": 0.7948717948717948,
        "recall": 0.6078431372549019,
        "f1-score": 0.6888888888888889,
        "support": 51.0
    },
    "Affected": {
        "precision": 0.8979591836734694,
        "recall": 0.9565217391304348,
        "f1-score": 0.9263157894736842,
        "support": 184.0
    },
    "accuracy": 0.8808510638297873,
    "macro avg": {
        "precision": 0.8464154892726321,
        "recall": 0.7821824381926683,
        "f1-score": 0.8076023391812865,
        "support": 235.0
    },
    "weighted avg": {
        "precision": 0.8755870269548082,
        "recall": 0.8808510638297873,
        "f1-score": 0.8747891004106009,
        "support": 235.0
    },
    "Accuracy": 0.8808510638297873,
    "F1 - Avg. Macro": 0.8076023391812865,
    "F1 - Positives": 0.9263157894736842
}