{
    "Not Affected": {
        "precision": 0.9730315434625572,
        "recall": 0.7803041274438812,
        "f1-score": 0.8660754949500362,
        "support": 20715.0
    },
    "Affected": {
        "precision": 0.057568854835369644,
        "recall": 0.38292011019283745,
        "f1-score": 0.1000900090009001,
        "support": 726.0
    },
    "accuracy": 0.7668485611678559,
    "macro avg": {
        "precision": 0.5153001991489634,
        "recall": 0.5816121188183594,
        "f1-score": 0.4830827519754681,
        "support": 21441.0
    },
    "weighted avg": {
        "precision": 0.9420336463521921,
        "recall": 0.7668485611678559,
        "f1-score": 0.8401389498822189,
        "support": 21441.0
    },
    "Accuracy": 0.7668485611678559,
    "F1 - Avg. Macro": 0.4830827519754681,
    "F1 - Positives": 0.1000900090009001
}