{
    "Not Affected": {
        "precision": 0.9723592700469595,
        "recall": 0.7896693217475259,
        "f1-score": 0.8715435025840481,
        "support": 20715.0
    },
    "Affected": {
        "precision": 0.05651797314854916,
        "recall": 0.359504132231405,
        "f1-score": 0.09767964071856287,
        "support": 726.0
    },
    "accuracy": 0.7751037731449093,
    "macro avg": {
        "precision": 0.5144386215977543,
        "recall": 0.5745867269894654,
        "f1-score": 0.4846115716513055,
        "support": 21441.0
    },
    "weighted avg": {
        "precision": 0.9413485531238569,
        "recall": 0.7751037731449093,
        "f1-score": 0.8453401928636832,
        "support": 21441.0
    },
    "Accuracy": 0.7751037731449093,
    "F1 - Avg. Macro": 0.4846115716513055,
    "F1 - Positives": 0.09767964071856287
}