{
    "Not Affected": {
        "precision": 0.9743956925191889,
        "recall": 0.8211923726768042,
        "f1-score": 0.8912582191601394,
        "support": 20715.0
    },
    "Affected": {
        "precision": 0.07004770273663068,
        "recall": 0.384297520661157,
        "f1-score": 0.11849649607135272,
        "support": 726.0
    },
    "accuracy": 0.8063989552726085,
    "macro avg": {
        "precision": 0.5222216976279098,
        "recall": 0.6027449466689806,
        "f1-score": 0.504877357615746,
        "support": 21441.0
    },
    "weighted avg": {
        "precision": 0.9437741431240051,
        "recall": 0.8063989552726085,
        "f1-score": 0.8650922282566155,
        "support": 21441.0
    },
    "Accuracy": 0.8063989552726085,
    "F1 - Avg. Macro": 0.504877357615746,
    "F1 - Positives": 0.11849649607135272
}