{
    "Not Affected": {
        "precision": 0.9713613582898639,
        "recall": 0.9169201062032344,
        "f1-score": 0.9433559313615932,
        "support": 20715.0
    },
    "Affected": {
        "precision": 0.08797032326444092,
        "recall": 0.22865013774104684,
        "f1-score": 0.12705702257941065,
        "support": 726.0
    },
    "accuracy": 0.8936150366120983,
    "macro avg": {
        "precision": 0.5296658407771524,
        "recall": 0.5727851219721406,
        "f1-score": 0.5352064769705019,
        "support": 21441.0
    },
    "weighted avg": {
        "precision": 0.9414494189480209,
        "recall": 0.8936150366120983,
        "f1-score": 0.915715755633975,
        "support": 21441.0
    },
    "Accuracy": 0.8936150366120983,
    "F1 - Avg. Macro": 0.5352064769705019,
    "F1 - Positives": 0.12705702257941065
}