{
    "Not Affected": {
        "precision": 0.9705774374573871,
        "recall": 0.8933622978517982,
        "f1-score": 0.9303705193303504,
        "support": 20715.0
    },
    "Affected": {
        "precision": 0.06950294860994102,
        "recall": 0.22727272727272727,
        "f1-score": 0.1064516129032258,
        "support": 726.0
    },
    "accuracy": 0.8708082645399002,
    "macro avg": {
        "precision": 0.5200401930336641,
        "recall": 0.5603175125622627,
        "f1-score": 0.5184110661167881,
        "support": 21441.0
    },
    "weighted avg": {
        "precision": 0.9400667299855693,
        "recall": 0.8708082645399002,
        "f1-score": 0.9024723277317267,
        "support": 21441.0
    },
    "Accuracy": 0.8708082645399002,
    "F1 - Avg. Macro": 0.5184110661167881,
    "F1 - Positives": 0.1064516129032258
}