{
    "Not Affected": {
        "precision": 0.9749625014422523,
        "recall": 0.8158339367608014,
        "f1-score": 0.8883282083629005,
        "support": 20715.0
    },
    "Affected": {
        "precision": 0.07109812515217921,
        "recall": 0.4022038567493113,
        "f1-score": 0.12083591971860129,
        "support": 726.0
    },
    "accuracy": 0.801828272935031,
    "macro avg": {
        "precision": 0.5230303132972157,
        "recall": 0.6090188967550564,
        "f1-score": 0.5045820640407509,
        "support": 21441.0
    },
    "weighted avg": {
        "precision": 0.944357327374504,
        "recall": 0.801828272935031,
        "f1-score": 0.8623406424118832,
        "support": 21441.0
    },
    "Accuracy": 0.801828272935031,
    "F1 - Avg. Macro": 0.5045820640407509,
    "F1 - Positives": 0.12083591971860129
}