{
    "Not Affected": {
        "precision": 0.973791425965339,
        "recall": 0.7730629978276611,
        "f1-score": 0.8618945102260496,
        "support": 20715.0
    },
    "Affected": {
        "precision": 0.05904723779023219,
        "recall": 0.40633608815426997,
        "f1-score": 0.10311080041943377,
        "support": 726.0
    },
    "accuracy": 0.7606454922811436,
    "macro avg": {
        "precision": 0.5164193318777855,
        "recall": 0.5896995429909655,
        "f1-score": 0.48250265532274167,
        "support": 21441.0
    },
    "weighted avg": {
        "precision": 0.9428178575396533,
        "recall": 0.7606454922811436,
        "f1-score": 0.8362018198981915,
        "support": 21441.0
    },
    "Accuracy": 0.7606454922811436,
    "F1 - Avg. Macro": 0.48250265532274167,
    "F1 - Positives": 0.10311080041943377
}