{
    "Not Affected": {
        "precision": 0.9723523363418256,
        "recall": 0.8217233888486604,
        "f1-score": 0.8907145286622538,
        "support": 20715.0
    },
    "Affected": {
        "precision": 0.061499364675984755,
        "recall": 0.3333333333333333,
        "f1-score": 0.1038403776013731,
        "support": 726.0
    },
    "accuracy": 0.8051863252646798,
    "macro avg": {
        "precision": 0.5169258505089052,
        "recall": 0.5775283610909968,
        "f1-score": 0.49727745313181343,
        "support": 21441.0
    },
    "weighted avg": {
        "precision": 0.9415105259118363,
        "recall": 0.8051863252646798,
        "f1-score": 0.8640706858531405,
        "support": 21441.0
    },
    "Accuracy": 0.8051863252646798,
    "F1 - Avg. Macro": 0.49727745313181343,
    "F1 - Positives": 0.1038403776013731
}