{
    "Not Affected": {
        "precision": 0.9720724883207557,
        "recall": 0.9140719285541878,
        "f1-score": 0.9421804249390456,
        "support": 20715.0
    },
    "Affected": {
        "precision": 0.09276248725790011,
        "recall": 0.25068870523415976,
        "f1-score": 0.13541666666666666,
        "support": 726.0
    },
    "accuracy": 0.891609533137447,
    "macro avg": {
        "precision": 0.5324174877893278,
        "recall": 0.5823803168941738,
        "f1-score": 0.5387985458028561,
        "support": 21441.0
    },
    "weighted avg": {
        "precision": 0.9422987342621,
        "recall": 0.891609533137447,
        "f1-score": 0.9148631128497892,
        "support": 21441.0
    },
    "Accuracy": 0.891609533137447,
    "F1 - Avg. Macro": 0.5387985458028561,
    "F1 - Positives": 0.13541666666666666
}