{
    "Not Affected": {
        "precision": 0.9706602714562711,
        "recall": 0.9183200579290369,
        "f1-score": 0.943765038573165,
        "support": 20715.0
    },
    "Affected": {
        "precision": 0.08193163320672817,
        "recall": 0.20798898071625344,
        "f1-score": 0.11755546905410666,
        "support": 726.0
    },
    "accuracy": 0.8942679912317523,
    "macro avg": {
        "precision": 0.5262959523314996,
        "recall": 0.5631545193226452,
        "f1-score": 0.5306602538136358,
        "support": 21441.0
    },
    "weighted avg": {
        "precision": 0.9405675989424346,
        "recall": 0.8942679912317523,
        "f1-score": 0.9157892842953403,
        "support": 21441.0
    },
    "Accuracy": 0.8942679912317523,
    "F1 - Avg. Macro": 0.5306602538136358,
    "F1 - Positives": 0.11755546905410666
}