{
    "Not Affected": {
        "precision": 0.9700781876503609,
        "recall": 0.9343470914796042,
        "f1-score": 0.9518774436275113,
        "support": 20715.0
    },
    "Affected": {
        "precision": 0.08663532572196105,
        "recall": 0.17768595041322313,
        "f1-score": 0.11647855530474041,
        "support": 726.0
    },
    "accuracy": 0.9087262720955179,
    "macro avg": {
        "precision": 0.528356756686161,
        "recall": 0.5560165209464136,
        "f1-score": 0.5341779994661259,
        "support": 21441.0
    },
    "weighted avg": {
        "precision": 0.9401644934308742,
        "recall": 0.9087262720955179,
        "f1-score": 0.923590535697735,
        "support": 21441.0
    },
    "Accuracy": 0.9087262720955179,
    "F1 - Avg. Macro": 0.5341779994661259,
    "F1 - Positives": 0.11647855530474041
}