{
    "Not Affected": {
        "precision": 0.9714570195818122,
        "recall": 0.8477914554670528,
        "f1-score": 0.905421081122883,
        "support": 20715.0
    },
    "Affected": {
        "precision": 0.06244424620874219,
        "recall": 0.2892561983471074,
        "f1-score": 0.10271460014673514,
        "support": 726.0
    },
    "accuracy": 0.8288792500349798,
    "macro avg": {
        "precision": 0.5169506328952772,
        "recall": 0.5685238269070801,
        "f1-score": 0.504067840634809,
        "support": 21441.0
    },
    "weighted avg": {
        "precision": 0.9406775189303105,
        "recall": 0.8288792500349798,
        "f1-score": 0.878241149907516,
        "support": 21441.0
    },
    "Accuracy": 0.8288792500349798,
    "F1 - Avg. Macro": 0.504067840634809,
    "F1 - Positives": 0.10271460014673514
}