{
    "Not Affected": {
        "precision": 0.9686790963795995,
        "recall": 0.948056963552981,
        "f1-score": 0.958257093366513,
        "support": 20715.0
    },
    "Affected": {
        "precision": 0.0779777206512425,
        "recall": 0.12534435261707988,
        "f1-score": 0.09614368726888536,
        "support": 726.0
    },
    "accuracy": 0.9201996175551513,
    "macro avg": {
        "precision": 0.523328408515421,
        "recall": 0.5367006580850304,
        "f1-score": 0.5272003903176992,
        "support": 21441.0
    },
    "weighted avg": {
        "precision": 0.9385196262625906,
        "recall": 0.9201996175551513,
        "f1-score": 0.9290656222211897,
        "support": 21441.0
    },
    "Accuracy": 0.9201996175551513,
    "F1 - Avg. Macro": 0.5272003903176992,
    "F1 - Positives": 0.09614368726888536
}