{
    "Not Affected": {
        "precision": 0.9671339708476464,
        "recall": 0.5028723147477673,
        "f1-score": 0.6616909102458235,
        "support": 20715.0
    },
    "Affected": {
        "precision": 0.03486410496719775,
        "recall": 0.512396694214876,
        "f1-score": 0.06528606528606529,
        "support": 726.0
    },
    "accuracy": 0.5031948136747353,
    "macro avg": {
        "precision": 0.5009990379074221,
        "recall": 0.5076345044813216,
        "f1-score": 0.3634884877659444,
        "support": 21441.0
    },
    "weighted avg": {
        "precision": 0.9355669766482525,
        "recall": 0.5031948136747353,
        "f1-score": 0.641496426898928,
        "support": 21441.0
    },
    "Accuracy": 0.5031948136747353,
    "F1 - Avg. Macro": 0.3634884877659444,
    "F1 - Positives": 0.06528606528606529
}