{
    "Not Affected": {
        "precision": 0.9721935557848871,
        "recall": 0.818585566014965,
        "f1-score": 0.8888015305186466,
        "support": 20715.0
    },
    "Affected": {
        "precision": 0.06026506626656664,
        "recall": 0.3319559228650138,
        "f1-score": 0.10201058201058201,
        "support": 726.0
    },
    "accuracy": 0.8021081106291684,
    "macro avg": {
        "precision": 0.5162293110257269,
        "recall": 0.5752707444399894,
        "f1-score": 0.4954060562646143,
        "support": 21441.0
    },
    "weighted avg": {
        "precision": 0.9413153279321609,
        "recall": 0.8021081106291684,
        "f1-score": 0.862160504978007,
        "support": 21441.0
    },
    "Accuracy": 0.8021081106291684,
    "F1 - Avg. Macro": 0.4954060562646143,
    "F1 - Positives": 0.10201058201058201
}