{
    "Not Affected": {
        "precision": 0.9737062037929926,
        "recall": 0.7311609944484673,
        "f1-score": 0.8351805900192997,
        "support": 20715.0
    },
    "Affected": {
        "precision": 0.05385660890248046,
        "recall": 0.4366391184573003,
        "f1-score": 0.09588626739261948,
        "support": 726.0
    },
    "accuracy": 0.7211883774077702,
    "macro avg": {
        "precision": 0.5137814063477365,
        "recall": 0.5839000564528838,
        "f1-score": 0.4655334287059596,
        "support": 21441.0
    },
    "weighted avg": {
        "precision": 0.9425597644529191,
        "recall": 0.7211883774077702,
        "f1-score": 0.8101478173768405,
        "support": 21441.0
    },
    "Accuracy": 0.7211883774077702,
    "F1 - Avg. Macro": 0.4655334287059596,
    "F1 - Positives": 0.09588626739261948
}