{
    "Not Affected": {
        "precision": 0.9735988294420764,
        "recall": 0.7387883176442192,
        "f1-score": 0.8400944173025197,
        "support": 20715.0
    },
    "Affected": {
        "precision": 0.05435162530583712,
        "recall": 0.4283746556473829,
        "f1-score": 0.09646401985111662,
        "support": 726.0
    },
    "accuracy": 0.7282775989925843,
    "macro avg": {
        "precision": 0.5139752273739567,
        "recall": 0.583581486645801,
        "f1-score": 0.46827921857681815,
        "support": 21441.0
    },
    "weighted avg": {
        "precision": 0.9424727872704002,
        "recall": 0.7282775989925843,
        "f1-score": 0.8149148236012129,
        "support": 21441.0
    },
    "Accuracy": 0.7282775989925843,
    "F1 - Avg. Macro": 0.46827921857681815,
    "F1 - Positives": 0.09646401985111662
}