{
    "Not Affected": {
        "precision": 0.9711616986525112,
        "recall": 0.9185131547188028,
        "f1-score": 0.9441040017862902,
        "support": 20715.0
    },
    "Affected": {
        "precision": 0.08707409410492158,
        "recall": 0.22176308539944903,
        "f1-score": 0.1250485436893204,
        "support": 726.0
    },
    "accuracy": 0.8949209458514061,
    "macro avg": {
        "precision": 0.5291178963787164,
        "recall": 0.5701381200591259,
        "f1-score": 0.5345762727378053,
        "support": 21441.0
    },
    "weighted avg": {
        "precision": 0.9412261732151925,
        "recall": 0.8949209458514061,
        "f1-score": 0.9163704883037849,
        "support": 21441.0
    },
    "Accuracy": 0.8949209458514061,
    "F1 - Avg. Macro": 0.5345762727378053,
    "F1 - Positives": 0.1250485436893204
}