{
    "Not Affected": {
        "precision": 0.9748471615720524,
        "recall": 0.808254887762491,
        "f1-score": 0.8837688044338876,
        "support": 20715.0
    },
    "Affected": {
        "precision": 0.06891701828410689,
        "recall": 0.4049586776859504,
        "f1-score": 0.11778846153846154,
        "support": 726.0
    },
    "accuracy": 0.7945991325031482,
    "macro avg": {
        "precision": 0.5218820899280796,
        "recall": 0.6066067827242207,
        "f1-score": 0.5007786329861745,
        "support": 21441.0
    },
    "weighted avg": {
        "precision": 0.9441720398880334,
        "recall": 0.7945991325031482,
        "f1-score": 0.8578324335117253,
        "support": 21441.0
    },
    "Accuracy": 0.7945991325031482,
    "F1 - Avg. Macro": 0.5007786329861745,
    "F1 - Positives": 0.11778846153846154
}