{
    "Not Affected": {
        "precision": 0.97330931717701,
        "recall": 0.8608254887762491,
        "f1-score": 0.9136181985859206,
        "support": 20715.0
    },
    "Affected": {
        "precision": 0.07596153846153846,
        "recall": 0.32644628099173556,
        "f1-score": 0.12324492979719189,
        "support": 726.0
    },
    "accuracy": 0.8427312158947811,
    "macro avg": {
        "precision": 0.5246354278192742,
        "recall": 0.5936358848839923,
        "f1-score": 0.5184315641915562,
        "support": 21441.0
    },
    "weighted avg": {
        "precision": 0.9429247974555681,
        "recall": 0.8427312158947811,
        "f1-score": 0.8868558743873938,
        "support": 21441.0
    },
    "Accuracy": 0.8427312158947811,
    "F1 - Avg. Macro": 0.5184315641915562,
    "F1 - Positives": 0.12324492979719189
}