{
    "Not Affected": {
        "precision": 0.9736419513815826,
        "recall": 0.8488052136133237,
        "f1-score": 0.9069479548150823,
        "support": 20715.0
    },
    "Affected": {
        "precision": 0.07392075694855116,
        "recall": 0.3443526170798898,
        "f1-score": 0.12171372930866602,
        "support": 726.0
    },
    "accuracy": 0.8317242665920432,
    "macro avg": {
        "precision": 0.5237813541650669,
        "recall": 0.5965789153466068,
        "f1-score": 0.5143308420618742,
        "support": 21441.0
    },
    "weighted avg": {
        "precision": 0.9431770669471634,
        "recall": 0.8317242665920432,
        "f1-score": 0.8803596404772409,
        "support": 21441.0
    },
    "Accuracy": 0.8317242665920432,
    "F1 - Avg. Macro": 0.5143308420618742,
    "F1 - Positives": 0.12171372930866602
}