{
    "Not Affected": {
        "precision": 0.9722490961861602,
        "recall": 0.9217475259473811,
        "f1-score": 0.9463250235416564,
        "support": 20715.0
    },
    "Affected": {
        "precision": 0.1004439511653718,
        "recall": 0.2493112947658402,
        "f1-score": 0.14319620253164558,
        "support": 726.0
    },
    "accuracy": 0.8989785924163984,
    "macro avg": {
        "precision": 0.536346523675766,
        "recall": 0.5855294103566107,
        "f1-score": 0.544760613036651,
        "support": 21441.0
    },
    "weighted avg": {
        "precision": 0.9427294592622718,
        "recall": 0.8989785924163984,
        "f1-score": 0.9191307917402819,
        "support": 21441.0
    },
    "Accuracy": 0.8989785924163984,
    "F1 - Avg. Macro": 0.544760613036651,
    "F1 - Positives": 0.14319620253164558
}