{
    "Not Affected": {
        "precision": 0.9737884111315599,
        "recall": 0.8429157615254647,
        "f1-score": 0.9036381514257621,
        "support": 20715.0
    },
    "Affected": {
        "precision": 0.07293447293447293,
        "recall": 0.3526170798898072,
        "f1-score": 0.12086874409820586,
        "support": 726.0
    },
    "accuracy": 0.8263140711720536,
    "macro avg": {
        "precision": 0.5233614420330164,
        "recall": 0.5977664207076359,
        "f1-score": 0.512253447761984,
        "support": 21441.0
    },
    "weighted avg": {
        "precision": 0.9432851715843801,
        "recall": 0.8263140711720536,
        "f1-score": 0.8771332967212331,
        "support": 21441.0
    },
    "Accuracy": 0.8263140711720536,
    "F1 - Avg. Macro": 0.512253447761984,
    "F1 - Positives": 0.12086874409820586
}