{
    "Not Affected": {
        "precision": 0.9731811537164061,
        "recall": 0.8355780835143616,
        "f1-score": 0.8991454767408639,
        "support": 20715.0
    },
    "Affected": {
        "precision": 0.06812585499316005,
        "recall": 0.34297520661157027,
        "f1-score": 0.11367267747089706,
        "support": 726.0
    },
    "accuracy": 0.8188983722774125,
    "macro avg": {
        "precision": 0.5206535043547831,
        "recall": 0.589276645062966,
        "f1-score": 0.5064090771058805,
        "support": 21441.0
    },
    "weighted avg": {
        "precision": 0.9425356545851588,
        "recall": 0.8188983722774125,
        "f1-score": 0.8725490842092657,
        "support": 21441.0
    },
    "Accuracy": 0.8188983722774125,
    "F1 - Avg. Macro": 0.5064090771058805,
    "F1 - Positives": 0.11367267747089706
}