{
    "0": {
        "precision": 0.9712571857035741,
        "recall": 0.9379676562877142,
        "f1-score": 0.9543222003929273,
        "support": 20715.0
    },
    "1": {
        "precision": 0.10515320334261838,
        "recall": 0.20798898071625344,
        "f1-score": 0.1396854764107308,
        "support": 726.0
    },
    "accuracy": 0.9132503148174059,
    "macro avg": {
        "precision": 0.5382051945230962,
        "recall": 0.5729783185019838,
        "f1-score": 0.547003838401829,
        "support": 21441.0
    },
    "weighted avg": {
        "precision": 0.9419305922054139,
        "recall": 0.9132503148174059,
        "f1-score": 0.9267383068426697,
        "support": 21441.0
    },
    "Accuracy": 0.9132503148174059,
    "F1 - Avg. Macro": 0.547003838401829,
    "F1 - Positives": 0.1396854764107308
}