{
    "Not Affected": {
        "precision": 0.972588946072947,
        "recall": 0.8392951967173545,
        "f1-score": 0.9010391023813843,
        "support": 20715.0
    },
    "Affected": {
        "precision": 0.0661991584852735,
        "recall": 0.325068870523416,
        "f1-score": 0.10999766954089955,
        "support": 726.0
    },
    "accuracy": 0.8218833076815447,
    "macro avg": {
        "precision": 0.5193940522791103,
        "recall": 0.5821820336203852,
        "f1-score": 0.505518385961142,
        "support": 21441.0
    },
    "weighted avg": {
        "precision": 0.941898260667012,
        "recall": 0.8218833076815447,
        "f1-score": 0.8742541539068638,
        "support": 21441.0
    },
    "Accuracy": 0.8218833076815447,
    "F1 - Avg. Macro": 0.505518385961142,
    "F1 - Positives": 0.10999766954089955
}