{
    "Not Affected": {
        "precision": 0.9718348674419887,
        "recall": 0.8511706492879556,
        "f1-score": 0.9075093931751506,
        "support": 20715.0
    },
    "Affected": {
        "precision": 0.06519102486355367,
        "recall": 0.29614325068870523,
        "f1-score": 0.10685884691848907,
        "support": 726.0
    },
    "accuracy": 0.8323772212116972,
    "macro avg": {
        "precision": 0.5185129461527712,
        "recall": 0.5736569499883304,
        "f1-score": 0.5071841200468198,
        "support": 21441.0
    },
    "weighted avg": {
        "precision": 0.9411355796423551,
        "recall": 0.8323772212116972,
        "f1-score": 0.8803990766515585,
        "support": 21441.0
    },
    "Accuracy": 0.8323772212116972,
    "F1 - Avg. Macro": 0.5071841200468198,
    "F1 - Positives": 0.10685884691848907
}