{
    "Not Affected": {
        "precision": 0.974153145459721,
        "recall": 0.826019792420951,
        "f1-score": 0.8939916405433647,
        "support": 20715.0
    },
    "Affected": {
        "precision": 0.07017543859649122,
        "recall": 0.3746556473829201,
        "f1-score": 0.11820947414167753,
        "support": 726.0
    },
    "accuracy": 0.8107364395317382,
    "macro avg": {
        "precision": 0.5221642920281061,
        "recall": 0.6003377199019355,
        "f1-score": 0.5061005573425211,
        "support": 21441.0
    },
    "weighted avg": {
        "precision": 0.9435441339778542,
        "recall": 0.8107364395317382,
        "f1-score": 0.8677233763389142,
        "support": 21441.0
    },
    "Accuracy": 0.8107364395317382,
    "F1 - Avg. Macro": 0.5061005573425211,
    "F1 - Positives": 0.11820947414167753
}