{
    "Not Affected": {
        "precision": 0.9721360601440513,
        "recall": 0.8926381848901762,
        "f1-score": 0.9306925709683914,
        "support": 20715.0
    },
    "Affected": {
        "precision": 0.08099173553719008,
        "recall": 0.2699724517906336,
        "f1-score": 0.12460267005721551,
        "support": 726.0
    },
    "accuracy": 0.8715544983909332,
    "macro avg": {
        "precision": 0.5265638978406206,
        "recall": 0.5813053183404049,
        "f1-score": 0.5276476205128035,
        "support": 21441.0
    },
    "weighted avg": {
        "precision": 0.9419615916181158,
        "recall": 0.8715544983909332,
        "f1-score": 0.9033980759326415,
        "support": 21441.0
    },
    "Accuracy": 0.8715544983909332,
    "F1 - Avg. Macro": 0.5276476205128035,
    "F1 - Positives": 0.12460267005721551
}