{
    "Not Affected": {
        "precision": 0.97015577231038,
        "recall": 0.965097755249819,
        "f1-score": 0.9676201539131697,
        "support": 20715.0
    },
    "Affected": {
        "precision": 0.13309352517985612,
        "recall": 0.15289256198347106,
        "f1-score": 0.1423076923076923,
        "support": 726.0
    },
    "accuracy": 0.9375961942073597,
    "macro avg": {
        "precision": 0.5516246487451181,
        "recall": 0.5589951586166451,
        "f1-score": 0.554963923110431,
        "support": 21441.0
    },
    "weighted avg": {
        "precision": 0.9418125424509162,
        "recall": 0.9375961942073597,
        "f1-score": 0.9396747760331465,
        "support": 21441.0
    },
    "Accuracy": 0.9375961942073597,
    "F1 - Avg. Macro": 0.554963923110431,
    "F1 - Positives": 0.1423076923076923
}