{
    "Not Affected": {
        "precision": 0.9751680145802483,
        "recall": 0.8265508085928072,
        "f1-score": 0.894729966294777,
        "support": 20715.0
    },
    "Affected": {
        "precision": 0.07468452227659027,
        "recall": 0.39944903581267216,
        "f1-score": 0.12584074636580603,
        "support": 726.0
    },
    "accuracy": 0.8120889883867357,
    "macro avg": {
        "precision": 0.5249262684284193,
        "recall": 0.6129999222027397,
        "f1-score": 0.5102853563302915,
        "support": 21441.0
    },
    "weighted avg": {
        "precision": 0.9446773184647473,
        "recall": 0.8120889883867357,
        "f1-score": 0.8686950997461816,
        "support": 21441.0
    },
    "Accuracy": 0.8120889883867357,
    "F1 - Avg. Macro": 0.5102853563302915,
    "F1 - Positives": 0.12584074636580603
}