{
    "Not Affected": {
        "precision": 0.7,
        "recall": 0.5490196078431373,
        "f1-score": 0.6153846153846154,
        "support": 51.0
    },
    "Affected": {
        "precision": 0.882051282051282,
        "recall": 0.9347826086956522,
        "f1-score": 0.9076517150395779,
        "support": 184.0
    },
    "accuracy": 0.851063829787234,
    "macro avg": {
        "precision": 0.791025641025641,
        "recall": 0.7419011082693947,
        "f1-score": 0.7615181652120966,
        "support": 235.0
    },
    "weighted avg": {
        "precision": 0.8425422804146208,
        "recall": 0.851063829787234,
        "f1-score": 0.8442235359655222,
        "support": 235.0
    },
    "Accuracy": 0.851063829787234,
    "F1 - Avg. Macro": 0.7615181652120966,
    "F1 - Positives": 0.9076517150395779
}