{
    "Not Affected": {
        "precision": 0.9732939279957012,
        "recall": 0.8743905382573015,
        "f1-score": 0.9211951684678957,
        "support": 20715.0
    },
    "Affected": {
        "precision": 0.08089014482515013,
        "recall": 0.3154269972451791,
        "f1-score": 0.12876019117233622,
        "support": 726.0
    },
    "accuracy": 0.8554638309780327,
    "macro avg": {
        "precision": 0.5270920364104257,
        "recall": 0.5949087677512404,
        "f1-score": 0.524977679820116,
        "support": 21441.0
    },
    "weighted avg": {
        "precision": 0.9430768137481464,
        "recall": 0.8554638309780327,
        "f1-score": 0.89436303407507,
        "support": 21441.0
    },
    "Accuracy": 0.8554638309780327,
    "F1 - Avg. Macro": 0.524977679820116,
    "F1 - Positives": 0.12876019117233622
}