{
    "Not Affected": {
        "precision": 0.9706916764361079,
        "recall": 0.8793627805937726,
        "f1-score": 0.9227729794078164,
        "support": 20715.0
    },
    "Affected": {
        "precision": 0.06579439252336448,
        "recall": 0.24242424242424243,
        "f1-score": 0.10349897089091444,
        "support": 726.0
    },
    "accuracy": 0.8577958117625111,
    "macro avg": {
        "precision": 0.5182430344797362,
        "recall": 0.5608935115090075,
        "f1-score": 0.5131359751493655,
        "support": 21441.0
    },
    "weighted avg": {
        "precision": 0.9400515277433859,
        "recall": 0.8577958117625111,
        "f1-score": 0.8950320657291974,
        "support": 21441.0
    },
    "Accuracy": 0.8577958117625111,
    "F1 - Avg. Macro": 0.5131359751493655,
    "F1 - Positives": 0.10349897089091444
}