{
    "Not Affected": {
        "precision": 0.9699717266257191,
        "recall": 0.960559980690321,
        "f1-score": 0.965242911542846,
        "support": 20715.0
    },
    "Affected": {
        "precision": 0.1186623516720604,
        "recall": 0.15151515151515152,
        "f1-score": 0.13309134906231096,
        "support": 726.0
    },
    "accuracy": 0.9331654307168509,
    "macro avg": {
        "precision": 0.5443170391488897,
        "recall": 0.5560375661027362,
        "f1-score": 0.5491671303025785,
        "support": 21441.0
    },
    "weighted avg": {
        "precision": 0.9411460838750846,
        "recall": 0.9331654307168509,
        "f1-score": 0.9370659592383422,
        "support": 21441.0
    },
    "Accuracy": 0.9331654307168509,
    "F1 - Avg. Macro": 0.5491671303025785,
    "F1 - Positives": 0.13309134906231096
}