{
    "Not Affected": {
        "precision": 0.9744685637161175,
        "recall": 0.8364952932657495,
        "f1-score": 0.9002259916357118,
        "support": 20715.0
    },
    "Affected": {
        "precision": 0.0743372506149221,
        "recall": 0.3746556473829201,
        "f1-score": 0.12405929304446979,
        "support": 726.0
    },
    "accuracy": 0.8208572361363743,
    "macro avg": {
        "precision": 0.5244029071655197,
        "recall": 0.6055754703243348,
        "f1-score": 0.5121426423400908,
        "support": 21441.0
    },
    "weighted avg": {
        "precision": 0.9439897925155453,
        "recall": 0.8208572361363743,
        "f1-score": 0.8739447070325104,
        "support": 21441.0
    },
    "Accuracy": 0.8208572361363743,
    "F1 - Avg. Macro": 0.5121426423400908,
    "F1 - Positives": 0.12405929304446979
}