{
    "Not Affected": {
        "precision": 0.970585226110088,
        "recall": 0.9159063480569636,
        "f1-score": 0.9424533690981794,
        "support": 20715.0
    },
    "Affected": {
        "precision": 0.0797675647120972,
        "recall": 0.20798898071625344,
        "f1-score": 0.11531118747613593,
        "support": 726.0
    },
    "accuracy": 0.8919360104472739,
    "macro avg": {
        "precision": 0.5251763954110926,
        "recall": 0.5619476643866085,
        "f1-score": 0.5288822782871577,
        "support": 21441.0
    },
    "weighted avg": {
        "precision": 0.9404218185183273,
        "recall": 0.8919360104472739,
        "f1-score": 0.9144460362378837,
        "support": 21441.0
    },
    "Accuracy": 0.8919360104472739,
    "F1 - Avg. Macro": 0.5288822782871577,
    "F1 - Positives": 0.11531118747613593
}