{
    "Not Affected": {
        "precision": 0.9695106958446029,
        "recall": 0.9517258025585325,
        "f1-score": 0.9605359317904993,
        "support": 20715.0
    },
    "Affected": {
        "precision": 0.09584086799276673,
        "recall": 0.14600550964187328,
        "f1-score": 0.11572052401746726,
        "support": 726.0
    },
    "accuracy": 0.9244438225829019,
    "macro avg": {
        "precision": 0.5326757819186848,
        "recall": 0.5488656561002029,
        "f1-score": 0.5381282279039833,
        "support": 21441.0
    },
    "weighted avg": {
        "precision": 0.9399279200869223,
        "recall": 0.9244438225829019,
        "f1-score": 0.931930177112862,
        "support": 21441.0
    },
    "Accuracy": 0.9244438225829019,
    "F1 - Avg. Macro": 0.5381282279039833,
    "F1 - Positives": 0.11572052401746726
}