{
    "Not Affected": {
        "precision": 0.975176673199121,
        "recall": 0.7927105961863384,
        "f1-score": 0.874527347286574,
        "support": 20715.0
    },
    "Affected": {
        "precision": 0.06692742285962625,
        "recall": 0.42424242424242425,
        "f1-score": 0.11561561561561562,
        "support": 726.0
    },
    "accuracy": 0.7802341308707617,
    "macro avg": {
        "precision": 0.5210520480293737,
        "recall": 0.6084765102143813,
        "f1-score": 0.4950714814510948,
        "support": 21441.0
    },
    "weighted avg": {
        "precision": 0.9444230257131608,
        "recall": 0.7802341308707617,
        "f1-score": 0.8488303220921747,
        "support": 21441.0
    },
    "Accuracy": 0.7802341308707617,
    "F1 - Avg. Macro": 0.4950714814510948,
    "F1 - Positives": 0.11561561561561562
}