{
    "Not Affected": {
        "precision": 0.7857142857142857,
        "recall": 0.21568627450980393,
        "f1-score": 0.3384615384615385,
        "support": 51.0
    },
    "Affected": {
        "precision": 0.8190045248868778,
        "recall": 0.9836956521739131,
        "f1-score": 0.8938271604938272,
        "support": 184.0
    },
    "accuracy": 0.8170212765957446,
    "macro avg": {
        "precision": 0.8023594053005818,
        "recall": 0.5996909633418586,
        "f1-score": 0.6161443494776828,
        "support": 235.0
    },
    "weighted avg": {
        "precision": 0.8117798346834642,
        "recall": 0.8170212765957446,
        "f1-score": 0.7733010042229901,
        "support": 235.0
    },
    "Accuracy": 0.8170212765957446,
    "F1 - Avg. Macro": 0.6161443494776828,
    "F1 - Positives": 0.8938271604938272
}