{
    "Not Affected": {
        "precision": 0.9718734304369664,
        "recall": 0.8406951484431572,
        "f1-score": 0.9015375058238857,
        "support": 20715.0
    },
    "Affected": {
        "precision": 0.06303236797274275,
        "recall": 0.30578512396694213,
        "f1-score": 0.10451977401129943,
        "support": 726.0
    },
    "accuracy": 0.8225829019168882,
    "macro avg": {
        "precision": 0.5174528992048546,
        "recall": 0.5732401362050497,
        "f1-score": 0.5030286399175926,
        "support": 21441.0
    },
    "weighted avg": {
        "precision": 0.9410997439788242,
        "recall": 0.8225829019168882,
        "f1-score": 0.8745501977087822,
        "support": 21441.0
    },
    "Accuracy": 0.8225829019168882,
    "F1 - Avg. Macro": 0.5030286399175926,
    "F1 - Positives": 0.10451977401129943
}