{
    "Not Affected": {
        "precision": 0.9724692926725964,
        "recall": 0.8867004586048757,
        "f1-score": 0.9276064944574905,
        "support": 20715.0
    },
    "Affected": {
        "precision": 0.08068938503721113,
        "recall": 0.2837465564738292,
        "f1-score": 0.12564806343397378,
        "support": 726.0
    },
    "accuracy": 0.8662842218180122,
    "macro avg": {
        "precision": 0.5265793388549038,
        "recall": 0.5852235075393524,
        "f1-score": 0.5266272789457321,
        "support": 21441.0
    },
    "weighted avg": {
        "precision": 0.9422733030758755,
        "recall": 0.8662842218180122,
        "f1-score": 0.9004518924835586,
        "support": 21441.0
    },
    "Accuracy": 0.8662842218180122,
    "F1 - Avg. Macro": 0.5266272789457321,
    "F1 - Positives": 0.12564806343397378
}