{
    "Not Affected": {
        "precision": 0.9711656115337554,
        "recall": 0.8812454742939899,
        "f1-score": 0.9240230815954646,
        "support": 20715.0
    },
    "Affected": {
        "precision": 0.06959152798789713,
        "recall": 0.2534435261707989,
        "f1-score": 0.10919881305637982,
        "support": 726.0
    },
    "accuracy": 0.8599878736999207,
    "macro avg": {
        "precision": 0.5203785697608262,
        "recall": 0.5673445002323945,
        "f1-score": 0.5166109473259223,
        "support": 21441.0
    },
    "weighted avg": {
        "precision": 0.9406379876051004,
        "recall": 0.8599878736999207,
        "f1-score": 0.8964328377188089,
        "support": 21441.0
    },
    "Accuracy": 0.8599878736999207,
    "F1 - Avg. Macro": 0.5166109473259223,
    "F1 - Positives": 0.10919881305637982
}