{
    "Not Affected": {
        "precision": 0.9725600623090288,
        "recall": 0.7836350470673425,
        "f1-score": 0.8679356253007539,
        "support": 20715.0
    },
    "Affected": {
        "precision": 0.05642105263157895,
        "recall": 0.3691460055096419,
        "f1-score": 0.09788166544923302,
        "support": 726.0
    },
    "accuracy": 0.7696002984935404,
    "macro avg": {
        "precision": 0.5144905574703039,
        "recall": 0.5763905262884922,
        "f1-score": 0.48290864537499345,
        "support": 21441.0
    },
    "weighted avg": {
        "precision": 0.9415392647237563,
        "recall": 0.7696002984935404,
        "f1-score": 0.8418613202379208,
        "support": 21441.0
    },
    "Accuracy": 0.7696002984935404,
    "F1 - Avg. Macro": 0.48290864537499345,
    "F1 - Positives": 0.09788166544923302
}