{
    "Not Affected": {
        "precision": 0.9730048205677557,
        "recall": 0.8769490707216993,
        "f1-score": 0.9224831788752063,
        "support": 20715.0
    },
    "Affected": {
        "precision": 0.0801154817755323,
        "recall": 0.30578512396694213,
        "f1-score": 0.12696597083214184,
        "support": 726.0
    },
    "accuracy": 0.8576092532997528,
    "macro avg": {
        "precision": 0.526560151171644,
        "recall": 0.5913670973443207,
        "f1-score": 0.5247245748536741,
        "support": 21441.0
    },
    "weighted avg": {
        "precision": 0.9427712652315703,
        "recall": 0.8576092532997528,
        "f1-score": 0.8955466790366136,
        "support": 21441.0
    },
    "Accuracy": 0.8576092532997528,
    "F1 - Avg. Macro": 0.5247245748536741,
    "F1 - Positives": 0.12696597083214184
}