{
    "Not Affected": {
        "precision": 0.9694414076734864,
        "recall": 0.8989621047550085,
        "f1-score": 0.9328724576695722,
        "support": 20715.0
    },
    "Affected": {
        "precision": 0.062275985663082435,
        "recall": 0.19146005509641872,
        "f1-score": 0.09398242055442867,
        "support": 726.0
    },
    "accuracy": 0.8750058299519612,
    "macro avg": {
        "precision": 0.5158586966682844,
        "recall": 0.5452110799257136,
        "f1-score": 0.5134274391120004,
        "support": 21441.0
    },
    "weighted avg": {
        "precision": 0.938724459006001,
        "recall": 0.8750058299519612,
        "f1-score": 0.9044673381814142,
        "support": 21441.0
    },
    "Accuracy": 0.8750058299519612,
    "F1 - Avg. Macro": 0.5134274391120004,
    "F1 - Positives": 0.09398242055442867
}