{
    "Not Affected": {
        "precision": 0.9687340610017342,
        "recall": 0.9168718320057929,
        "f1-score": 0.9420897299174128,
        "support": 20715.0
    },
    "Affected": {
        "precision": 0.061580381471389646,
        "recall": 0.15564738292011018,
        "f1-score": 0.08824677860210856,
        "support": 726.0
    },
    "accuracy": 0.8910964973648617,
    "macro avg": {
        "precision": 0.5151572212365619,
        "recall": 0.5362596074629515,
        "f1-score": 0.5151682542597606,
        "support": 21441.0
    },
    "weighted avg": {
        "precision": 0.9380175099388626,
        "recall": 0.8910964973648617,
        "f1-score": 0.9131782993565755,
        "support": 21441.0
    },
    "Accuracy": 0.8910964973648617,
    "F1 - Avg. Macro": 0.5151682542597606,
    "F1 - Positives": 0.08824677860210856
}