{
    "Not Affected": {
        "precision": 0.9707212931428862,
        "recall": 0.9218923485397055,
        "f1-score": 0.9456769337426959,
        "support": 20715.0
    },
    "Affected": {
        "precision": 0.08484162895927602,
        "recall": 0.2066115702479339,
        "f1-score": 0.12028869286287089,
        "support": 726.0
    },
    "accuracy": 0.8976726831770906,
    "macro avg": {
        "precision": 0.5277814610510811,
        "recall": 0.5642519593938197,
        "f1-score": 0.5329828133027834,
        "support": 21441.0
    },
    "weighted avg": {
        "precision": 0.9407250879193753,
        "recall": 0.8976726831770906,
        "f1-score": 0.9177289899490877,
        "support": 21441.0
    },
    "Accuracy": 0.8976726831770906,
    "F1 - Avg. Macro": 0.5329828133027834,
    "F1 - Positives": 0.12028869286287089
}