{
    "Not Affected": {
        "precision": 0.9735174932937618,
        "recall": 0.8234129857591117,
        "f1-score": 0.892195836384559,
        "support": 20715.0
    },
    "Affected": {
        "precision": 0.06683673469387755,
        "recall": 0.3608815426997245,
        "f1-score": 0.11278519156263453,
        "support": 726.0
    },
    "accuracy": 0.807751504127606,
    "macro avg": {
        "precision": 0.5201771139938197,
        "recall": 0.5921472642294181,
        "f1-score": 0.5024905139735968,
        "support": 21441.0
    },
    "weighted avg": {
        "precision": 0.9428169555043157,
        "recall": 0.807751504127606,
        "f1-score": 0.8658047105909525,
        "support": 21441.0
    },
    "Accuracy": 0.807751504127606,
    "F1 - Avg. Macro": 0.5024905139735968,
    "F1 - Positives": 0.11278519156263453
}