{
    "Not Affected": {
        "precision": 0.9713303358899762,
        "recall": 0.8864590876176683,
        "f1-score": 0.9269560827864715,
        "support": 20715.0
    },
    "Affected": {
        "precision": 0.07255520504731862,
        "recall": 0.2534435261707989,
        "f1-score": 0.11281422440220723,
        "support": 726.0
    },
    "accuracy": 0.8650249521943939,
    "macro avg": {
        "precision": 0.5219427704686475,
        "recall": 0.5699513068942337,
        "f1-score": 0.5198851535943394,
        "support": 21441.0
    },
    "weighted avg": {
        "precision": 0.9408974855102473,
        "recall": 0.8650249521943939,
        "f1-score": 0.8993889455640017,
        "support": 21441.0
    },
    "Accuracy": 0.8650249521943939,
    "F1 - Avg. Macro": 0.5198851535943394,
    "F1 - Positives": 0.11281422440220723
}