{
    "Not Affected": {
        "precision": 0.9726500411071527,
        "recall": 0.8566739077962829,
        "f1-score": 0.9109856262833675,
        "support": 20715.0
    },
    "Affected": {
        "precision": 0.07102628285356696,
        "recall": 0.31267217630853994,
        "f1-score": 0.11575726670066293,
        "support": 726.0
    },
    "accuracy": 0.8382538127885826,
    "macro avg": {
        "precision": 0.5218381619803598,
        "recall": 0.5846730420524114,
        "f1-score": 0.5133714464920153,
        "support": 21441.0
    },
    "weighted avg": {
        "precision": 0.942120735174962,
        "recall": 0.8382538127885826,
        "f1-score": 0.8840589069579143,
        "support": 21441.0
    },
    "Accuracy": 0.8382538127885826,
    "F1 - Avg. Macro": 0.5133714464920153,
    "F1 - Positives": 0.11575726670066293
}