{
    "Not Affected": {
        "precision": 0.9732060928610754,
        "recall": 0.7679942070963071,
        "f1-score": 0.8585073660352922,
        "support": 20715.0
    },
    "Affected": {
        "precision": 0.05653710247349823,
        "recall": 0.39669421487603307,
        "f1-score": 0.09896907216494845,
        "support": 726.0
    },
    "accuracy": 0.7554218553239122,
    "macro avg": {
        "precision": 0.5148715976672869,
        "recall": 0.5823442109861701,
        "f1-score": 0.4787382191001203,
        "support": 21441.0
    },
    "weighted avg": {
        "precision": 0.9421673499376398,
        "recall": 0.7554218553239122,
        "f1-score": 0.8327891252186387,
        "support": 21441.0
    },
    "Accuracy": 0.7554218553239122,
    "F1 - Avg. Macro": 0.4787382191001203,
    "F1 - Positives": 0.09896907216494845
}