{
    "Not Affected": {
        "precision": 0.7777777777777778,
        "recall": 0.4117647058823529,
        "f1-score": 0.5384615384615384,
        "support": 51.0
    },
    "Affected": {
        "precision": 0.8557692307692307,
        "recall": 0.967391304347826,
        "f1-score": 0.9081632653061225,
        "support": 184.0
    },
    "accuracy": 0.8468085106382979,
    "macro avg": {
        "precision": 0.8167735042735043,
        "recall": 0.6895780051150895,
        "f1-score": 0.7233124018838304,
        "support": 235.0
    },
    "weighted avg": {
        "precision": 0.8388434260774685,
        "recall": 0.8468085106382979,
        "f1-score": 0.8279301245866595,
        "support": 235.0
    },
    "Accuracy": 0.8468085106382979,
    "F1 - Avg. Macro": 0.7233124018838304,
    "F1 - Positives": 0.9081632653061225
}