{
    "Not Affected": {
        "precision": 0.6875,
        "recall": 0.6470588235294118,
        "f1-score": 0.6666666666666666,
        "support": 51.0
    },
    "Affected": {
        "precision": 0.9037433155080213,
        "recall": 0.9184782608695652,
        "f1-score": 0.9110512129380054,
        "support": 184.0
    },
    "accuracy": 0.8595744680851064,
    "macro avg": {
        "precision": 0.7956216577540107,
        "recall": 0.7827685421994885,
        "f1-score": 0.788858939802336,
        "support": 235.0
    },
    "weighted avg": {
        "precision": 0.8568139151211742,
        "recall": 0.8595744680851064,
        "f1-score": 0.8580145667259276,
        "support": 235.0
    },
    "Accuracy": 0.8595744680851064,
    "F1 - Avg. Macro": 0.788858939802336,
    "F1 - Positives": 0.9110512129380054
}