{
    "Not Affected": {
        "precision": 0.971077694235589,
        "recall": 0.9352160270335506,
        "f1-score": 0.9528095413746465,
        "support": 20715.0
    },
    "Affected": {
        "precision": 0.0999329309188464,
        "recall": 0.20523415977961432,
        "f1-score": 0.13441587731168245,
        "support": 726.0
    },
    "accuracy": 0.9104985774917215,
    "macro avg": {
        "precision": 0.5355053125772177,
        "recall": 0.5702250934065825,
        "f1-score": 0.5436127093431644,
        "support": 21441.0
    },
    "weighted avg": {
        "precision": 0.9415804180745913,
        "recall": 0.9104985774917215,
        "f1-score": 0.9250984364770339,
        "support": 21441.0
    },
    "Accuracy": 0.9104985774917215,
    "F1 - Avg. Macro": 0.5436127093431644,
    "F1 - Positives": 0.13441587731168245
}