{
    "Not Affected": {
        "precision": 0.9703580265616321,
        "recall": 0.9276369780352401,
        "f1-score": 0.9485167086233279,
        "support": 20715.0
    },
    "Affected": {
        "precision": 0.08485958485958486,
        "recall": 0.19146005509641872,
        "f1-score": 0.11759729272419628,
        "support": 726.0
    },
    "accuracy": 0.9027097616715638,
    "macro avg": {
        "precision": 0.5276088057106084,
        "recall": 0.5595485165658294,
        "f1-score": 0.533057000673762,
        "support": 21441.0
    },
    "weighted avg": {
        "precision": 0.9403747296689643,
        "recall": 0.9027097616715638,
        "f1-score": 0.9203814772468637,
        "support": 21441.0
    },
    "Accuracy": 0.9027097616715638,
    "F1 - Avg. Macro": 0.533057000673762,
    "F1 - Positives": 0.11759729272419628
}