{
    "Not Affected": {
        "precision": 0.9728989871338626,
        "recall": 0.8578324885348781,
        "f1-score": 0.9117496151872755,
        "support": 20715.0
    },
    "Affected": {
        "precision": 0.07273299748110831,
        "recall": 0.3181818181818182,
        "f1-score": 0.11840082009226038,
        "support": 726.0
    },
    "accuracy": 0.8395597220278905,
    "macro avg": {
        "precision": 0.5228159923074854,
        "recall": 0.5880071533583482,
        "f1-score": 0.5150752176397679,
        "support": 21441.0
    },
    "weighted avg": {
        "precision": 0.9424190417727368,
        "recall": 0.8395597220278905,
        "f1-score": 0.8848865385938806,
        "support": 21441.0
    },
    "Accuracy": 0.8395597220278905,
    "F1 - Avg. Macro": 0.5150752176397679,
    "F1 - Positives": 0.11840082009226038
}