{
    "Not Affected": {
        "precision": 0.97315252003953,
        "recall": 0.855660149650012,
        "f1-score": 0.910632176526497,
        "support": 20715.0
    },
    "Affected": {
        "precision": 0.0734428261543229,
        "recall": 0.32644628099173556,
        "f1-score": 0.119908929926638,
        "support": 726.0
    },
    "accuracy": 0.8377407770159974,
    "macro avg": {
        "precision": 0.5232976730969264,
        "recall": 0.5910532153208738,
        "f1-score": 0.5152705532265675,
        "support": 21441.0
    },
    "weighted avg": {
        "precision": 0.9426880250178118,
        "recall": 0.8377407770159974,
        "f1-score": 0.8838580019529465,
        "support": 21441.0
    },
    "Accuracy": 0.8377407770159974,
    "F1 - Avg. Macro": 0.5152705532265675,
    "F1 - Positives": 0.119908929926638
}