{
    "Not Affected": {
        "precision": 0.7894736842105263,
        "recall": 0.5882352941176471,
        "f1-score": 0.6741573033707865,
        "support": 51.0
    },
    "Affected": {
        "precision": 0.8934010152284264,
        "recall": 0.9565217391304348,
        "f1-score": 0.9238845144356955,
        "support": 184.0
    },
    "accuracy": 0.8765957446808511,
    "macro avg": {
        "precision": 0.8414373497194764,
        "recall": 0.7723785166240409,
        "f1-score": 0.799020908903241,
        "support": 235.0
    },
    "weighted avg": {
        "precision": 0.8708465731777332,
        "recall": 0.8765957446808511,
        "f1-score": 0.8696883962896941,
        "support": 235.0
    },
    "Accuracy": 0.8765957446808511,
    "F1 - Avg. Macro": 0.799020908903241,
    "F1 - Positives": 0.9238845144356955
}