{
    "Not Affected": {
        "precision": 0.9722043795620438,
        "recall": 0.803717113202993,
        "f1-score": 0.8799682875264271,
        "support": 20715.0
    },
    "Affected": {
        "precision": 0.05792400370713624,
        "recall": 0.3443526170798898,
        "f1-score": 0.09916699722332407,
        "support": 726.0
    },
    "accuracy": 0.788162865537988,
    "macro avg": {
        "precision": 0.5150641916345899,
        "recall": 0.5740348651414414,
        "f1-score": 0.4895676423748756,
        "support": 21441.0
    },
    "weighted avg": {
        "precision": 0.941246515988952,
        "recall": 0.788162865537988,
        "f1-score": 0.853530073974818,
        "support": 21441.0
    },
    "Accuracy": 0.788162865537988,
    "F1 - Avg. Macro": 0.4895676423748756,
    "F1 - Positives": 0.09916699722332407
}