{
    "Not Affected": {
        "precision": 0.9743844979759771,
        "recall": 0.7088100410330678,
        "f1-score": 0.8206460988151129,
        "support": 20715.0
    },
    "Affected": {
        "precision": 0.053358443188951665,
        "recall": 0.46831955922865015,
        "f1-score": 0.09580163426317273,
        "support": 726.0
    },
    "accuracy": 0.7006669465043608,
    "macro avg": {
        "precision": 0.5138714705824644,
        "recall": 0.588564800130859,
        "f1-score": 0.4582238665391428,
        "support": 21441.0
    },
    "weighted avg": {
        "precision": 0.943198223279117,
        "recall": 0.7006669465043607,
        "f1-score": 0.7961026035833275,
        "support": 21441.0
    },
    "Accuracy": 0.7006669465043608,
    "F1 - Avg. Macro": 0.4582238665391428,
    "F1 - Positives": 0.09580163426317273
}