{
    "Not Affected": {
        "precision": 0.9702479338842975,
        "recall": 0.9351194786386676,
        "f1-score": 0.9523598820058997,
        "support": 20715.0
    },
    "Affected": {
        "precision": 0.08943089430894309,
        "recall": 0.18181818181818182,
        "f1-score": 0.11989100817438691,
        "support": 726.0
    },
    "accuracy": 0.9096124247936197,
    "macro avg": {
        "precision": 0.5298394140966203,
        "recall": 0.5584688302284248,
        "f1-score": 0.5361254450901434,
        "support": 21441.0
    },
    "weighted avg": {
        "precision": 0.940423150957582,
        "recall": 0.9096124247936197,
        "f1-score": 0.9241721854245052,
        "support": 21441.0
    },
    "Accuracy": 0.9096124247936197,
    "F1 - Avg. Macro": 0.5361254450901434,
    "F1 - Positives": 0.11989100817438691
}