{
    "Not Affected": {
        "precision": 0.6296296296296297,
        "recall": 0.6666666666666666,
        "f1-score": 0.6476190476190476,
        "support": 51.0
    },
    "Affected": {
        "precision": 0.9060773480662984,
        "recall": 0.8913043478260869,
        "f1-score": 0.8986301369863013,
        "support": 184.0
    },
    "accuracy": 0.8425531914893617,
    "macro avg": {
        "precision": 0.767853488847964,
        "recall": 0.7789855072463767,
        "f1-score": 0.7731245923026745,
        "support": 235.0
    },
    "weighted avg": {
        "precision": 0.8460823112991915,
        "recall": 0.8425531914893617,
        "f1-score": 0.8441553899321315,
        "support": 235.0
    },
    "Accuracy": 0.8425531914893617,
    "F1 - Avg. Macro": 0.7731245923026745,
    "F1 - Positives": 0.8986301369863013
}