{
    "Not Affected": {
        "precision": 0.9745796074461504,
        "recall": 0.8365435674631909,
        "f1-score": 0.9003013300083126,
        "support": 20715.0
    },
    "Affected": {
        "precision": 0.07486338797814207,
        "recall": 0.3774104683195592,
        "f1-score": 0.12494300045599635,
        "support": 726.0
    },
    "accuracy": 0.820997154983443,
    "macro avg": {
        "precision": 0.5247214977121462,
        "recall": 0.606977017891375,
        "f1-score": 0.5126221652321544,
        "support": 21441.0
    },
    "weighted avg": {
        "precision": 0.9441148914658428,
        "recall": 0.820997154983443,
        "f1-score": 0.8740474170725827,
        "support": 21441.0
    },
    "Accuracy": 0.820997154983443,
    "F1 - Avg. Macro": 0.5126221652321544,
    "F1 - Positives": 0.12494300045599635
}