{
    "Not Affected": {
        "precision": 0.9738484229634672,
        "recall": 0.8287231474776732,
        "f1-score": 0.8954437576611115,
        "support": 20715.0
    },
    "Affected": {
        "precision": 0.06949908208759507,
        "recall": 0.3650137741046832,
        "f1-score": 0.11676580744657414,
        "support": 726.0
    },
    "accuracy": 0.813021780700527,
    "macro avg": {
        "precision": 0.5216737525255312,
        "recall": 0.5968684607911782,
        "f1-score": 0.5061047825538428,
        "support": 21441.0
    },
    "weighted avg": {
        "precision": 0.9432268278197761,
        "recall": 0.813021780700527,
        "f1-score": 0.869077441171407,
        "support": 21441.0
    },
    "Accuracy": 0.813021780700527,
    "F1 - Avg. Macro": 0.5061047825538428,
    "F1 - Positives": 0.11676580744657414
}