{
    "Not Affected": {
        "precision": 0.7857142857142857,
        "recall": 0.6470588235294118,
        "f1-score": 0.7096774193548387,
        "support": 51.0
    },
    "Affected": {
        "precision": 0.9067357512953368,
        "recall": 0.9510869565217391,
        "f1-score": 0.9283819628647215,
        "support": 184.0
    },
    "accuracy": 0.8851063829787233,
    "macro avg": {
        "precision": 0.8462250185048112,
        "recall": 0.7990728900255755,
        "f1-score": 0.8190296911097801,
        "support": 235.0
    },
    "weighted avg": {
        "precision": 0.880471518339449,
        "recall": 0.8851063829787233,
        "f1-score": 0.8809184236349172,
        "support": 235.0
    },
    "Accuracy": 0.8851063829787233,
    "F1 - Avg. Macro": 0.8190296911097801,
    "F1 - Positives": 0.9283819628647215
}