{
    "Not Affected": {
        "precision": 0.9717332721747606,
        "recall": 0.8181510982379918,
        "f1-score": 0.8883530768424364,
        "support": 20715.0
    },
    "Affected": {
        "precision": 0.05825,
        "recall": 0.3209366391184573,
        "f1-score": 0.09860347016504444,
        "support": 726.0
    },
    "accuracy": 0.8013152371624458,
    "macro avg": {
        "precision": 0.5149916360873803,
        "recall": 0.5695438686782246,
        "f1-score": 0.4934782735037404,
        "support": 21441.0
    },
    "weighted avg": {
        "precision": 0.9408023988200255,
        "recall": 0.8013152371624458,
        "f1-score": 0.8616118700681356,
        "support": 21441.0
    },
    "Accuracy": 0.8013152371624458,
    "F1 - Avg. Macro": 0.4934782735037404,
    "F1 - Positives": 0.09860347016504444
}