{
    "Not Affected": {
        "precision": 0.9768722466960352,
        "recall": 0.727926623219889,
        "f1-score": 0.8342231196924014,
        "support": 20715.0
    },
    "Affected": {
        "precision": 0.06144879267277269,
        "recall": 0.5082644628099173,
        "f1-score": 0.10964195513296687,
        "support": 726.0
    },
    "accuracy": 0.7204887831724267,
    "macro avg": {
        "precision": 0.5191605196844039,
        "recall": 0.6180955430149031,
        "f1-score": 0.47193253741268415,
        "support": 21441.0
    },
    "weighted avg": {
        "precision": 0.9458756780835224,
        "recall": 0.7204887831724267,
        "f1-score": 0.8096885398934113,
        "support": 21441.0
    },
    "Accuracy": 0.7204887831724267,
    "F1 - Avg. Macro": 0.47193253741268415,
    "F1 - Positives": 0.10964195513296687
}