{
    "Not Affected": {
        "precision": 0.9725736153927926,
        "recall": 0.883321264783973,
        "f1-score": 0.925801310430317,
        "support": 20715.0
    },
    "Affected": {
        "precision": 0.07993909402360107,
        "recall": 0.2892561983471074,
        "f1-score": 0.12526096033402923,
        "support": 726.0
    },
    "accuracy": 0.8632060071825008,
    "macro avg": {
        "precision": 0.5262563547081969,
        "recall": 0.5862887315655402,
        "f1-score": 0.5255311353821731,
        "support": 21441.0
    },
    "weighted avg": {
        "precision": 0.9423486882665376,
        "recall": 0.8632060071825008,
        "f1-score": 0.898694725188495,
        "support": 21441.0
    },
    "Accuracy": 0.8632060071825008,
    "F1 - Avg. Macro": 0.5255311353821731,
    "F1 - Positives": 0.12526096033402923
}