{
    "0": {
        "precision": 0.8529411764705882,
        "recall": 0.5686274509803921,
        "f1-score": 0.6823529411764706,
        "support": 51.0
    },
    "1": {
        "precision": 0.8905472636815921,
        "recall": 0.9728260869565217,
        "f1-score": 0.9298701298701298,
        "support": 184.0
    },
    "accuracy": 0.8851063829787233,
    "macro avg": {
        "precision": 0.8717442200760901,
        "recall": 0.7707267689684569,
        "f1-score": 0.8061115355233002,
        "support": 235.0
    },
    "weighted avg": {
        "precision": 0.8823859426272891,
        "recall": 0.8851063829787233,
        "f1-score": 0.8761536336004422,
        "support": 235.0
    },
    "Accuracy": 0.8851063829787233,
    "F1 - Avg. Macro": 0.8061115355233002,
    "F1 - Positives": 0.9298701298701298
}