{
    "Not Affected": {
        "precision": 0.9716839766444479,
        "recall": 0.907796282886797,
        "f1-score": 0.9386542877108914,
        "support": 20715.0
    },
    "Affected": {
        "precision": 0.08524904214559387,
        "recall": 0.24517906336088155,
        "f1-score": 0.12651030561478321,
        "support": 726.0
    },
    "accuracy": 0.885359824635045,
    "macro avg": {
        "precision": 0.5284665093950209,
        "recall": 0.5764876731238393,
        "f1-score": 0.5325822966628373,
        "support": 21441.0
    },
    "weighted avg": {
        "precision": 0.9416689697676153,
        "recall": 0.885359824635045,
        "f1-score": 0.9111547993007532,
        "support": 21441.0
    },
    "Accuracy": 0.885359824635045,
    "F1 - Avg. Macro": 0.5325822966628373,
    "F1 - Positives": 0.12651030561478321
}