{
    "Not Affected": {
        "precision": 0.9710085956970652,
        "recall": 0.9216027033550567,
        "f1-score": 0.9456607885872795,
        "support": 20715.0
    },
    "Affected": {
        "precision": 0.08764044943820225,
        "recall": 0.21487603305785125,
        "f1-score": 0.12450119712689545,
        "support": 726.0
    },
    "accuracy": 0.8976726831770906,
    "macro avg": {
        "precision": 0.5293245225676337,
        "recall": 0.5682393682064539,
        "f1-score": 0.5350809928570874,
        "support": 21441.0
    },
    "weighted avg": {
        "precision": 0.9410974313771204,
        "recall": 0.8976726831770906,
        "f1-score": 0.9178560283895164,
        "support": 21441.0
    },
    "Accuracy": 0.8976726831770906,
    "F1 - Avg. Macro": 0.5350809928570874,
    "F1 - Positives": 0.12450119712689545
}