{
    "Not Affected": {
        "precision": 0.9705736649162786,
        "recall": 0.9457880762732319,
        "f1-score": 0.9580205862937337,
        "support": 20715.0
    },
    "Affected": {
        "precision": 0.1051792828685259,
        "recall": 0.18181818181818182,
        "f1-score": 0.1332660272589601,
        "support": 726.0
    },
    "accuracy": 0.9199197798610139,
    "macro avg": {
        "precision": 0.5378764738924022,
        "recall": 0.5638031290457068,
        "f1-score": 0.5456433067763469,
        "support": 21441.0
    },
    "weighted avg": {
        "precision": 0.9412710987408824,
        "recall": 0.9199197798610139,
        "f1-score": 0.9300940991961522,
        "support": 21441.0
    },
    "Accuracy": 0.9199197798610139,
    "F1 - Avg. Macro": 0.5456433067763469,
    "F1 - Positives": 0.1332660272589601
}