{
    "Not Affected": {
        "precision": 0.9698688408365828,
        "recall": 0.9245474293989863,
        "f1-score": 0.9466660076120804,
        "support": 20715.0
    },
    "Affected": {
        "precision": 0.07733175914994096,
        "recall": 0.18044077134986225,
        "f1-score": 0.10826446280991736,
        "support": 726.0
    },
    "accuracy": 0.899351709341915,
    "macro avg": {
        "precision": 0.5236002999932619,
        "recall": 0.5524941003744243,
        "f1-score": 0.5274652352109989,
        "support": 21441.0
    },
    "weighted avg": {
        "precision": 0.9396472130531539,
        "recall": 0.899351709341915,
        "f1-score": 0.9182774286499811,
        "support": 21441.0
    },
    "Accuracy": 0.899351709341915,
    "F1 - Avg. Macro": 0.5274652352109989,
    "F1 - Positives": 0.10826446280991736
}