{
    "Not Affected": {
        "precision": 0.9706332992849847,
        "recall": 0.9174511223750905,
        "f1-score": 0.9432932125573893,
        "support": 20715.0
    },
    "Affected": {
        "precision": 0.08113917248790972,
        "recall": 0.20798898071625344,
        "f1-score": 0.11673753382296095,
        "support": 726.0
    },
    "accuracy": 0.89342847814934,
    "macro avg": {
        "precision": 0.5258862358864472,
        "recall": 0.562720051545672,
        "f1-score": 0.5300153731901751,
        "support": 21441.0
    },
    "weighted avg": {
        "precision": 0.9405147070525944,
        "recall": 0.89342847814934,
        "f1-score": 0.9153057388965901,
        "support": 21441.0
    },
    "Accuracy": 0.89342847814934,
    "F1 - Avg. Macro": 0.5300153731901751,
    "F1 - Positives": 0.11673753382296095
}