{
    "Not Affected": {
        "precision": 0.9726244343891403,
        "recall": 0.8301230992034757,
        "f1-score": 0.8957416330251334,
        "support": 20715.0
    },
    "Affected": {
        "precision": 0.06434458920499866,
        "recall": 0.3333333333333333,
        "f1-score": 0.10786717182973034,
        "support": 726.0
    },
    "accuracy": 0.8133016183946644,
    "macro avg": {
        "precision": 0.5184845117970694,
        "recall": 0.5817282162684045,
        "f1-score": 0.5018044024274319,
        "support": 21441.0
    },
    "weighted avg": {
        "precision": 0.9418697509506959,
        "recall": 0.8133016183946644,
        "f1-score": 0.8690639193537625,
        "support": 21441.0
    },
    "Accuracy": 0.8133016183946644,
    "F1 - Avg. Macro": 0.5018044024274319,
    "F1 - Positives": 0.10786717182973034
}