{
    "Not Affected": {
        "precision": 0.9692673690343254,
        "recall": 0.9637460777214579,
        "f1-score": 0.9664988381099923,
        "support": 20715.0
    },
    "Affected": {
        "precision": 0.11018957345971564,
        "recall": 0.128099173553719,
        "f1-score": 0.11847133757961784,
        "support": 726.0
    },
    "accuracy": 0.9354507718856396,
    "macro avg": {
        "precision": 0.5397284712470205,
        "recall": 0.5459226256375884,
        "f1-score": 0.5424850878448051,
        "support": 21441.0
    },
    "weighted avg": {
        "precision": 0.9401786847571383,
        "recall": 0.9354507718856396,
        "f1-score": 0.937784320812056,
        "support": 21441.0
    },
    "Accuracy": 0.9354507718856396,
    "F1 - Avg. Macro": 0.5424850878448051,
    "F1 - Positives": 0.11847133757961784
}