{
    "Not Affected": {
        "precision": 0.9687666199294106,
        "recall": 0.967270094134685,
        "f1-score": 0.9680177786366491,
        "support": 20715.0
    },
    "Affected": {
        "precision": 0.10554089709762533,
        "recall": 0.11019283746556474,
        "f1-score": 0.1078167115902965,
        "support": 726.0
    },
    "accuracy": 0.9382491488270137,
    "macro avg": {
        "precision": 0.537153758513518,
        "recall": 0.5387314658001249,
        "f1-score": 0.5379172451134728,
        "support": 21441.0
    },
    "weighted avg": {
        "precision": 0.9395374853379328,
        "recall": 0.9382491488270137,
        "f1-score": 0.9388910599819384,
        "support": 21441.0
    },
    "Accuracy": 0.9382491488270137,
    "F1 - Avg. Macro": 0.5379172451134728,
    "F1 - Positives": 0.1078167115902965
}