{
    "Not Affected": {
        "precision": 0.970413896190918,
        "recall": 0.9088583152305093,
        "f1-score": 0.9386279788613022,
        "support": 20715.0
    },
    "Affected": {
        "precision": 0.07450980392156863,
        "recall": 0.209366391184573,
        "f1-score": 0.1099060014461316,
        "support": 726.0
    },
    "accuracy": 0.8851732661722868,
    "macro avg": {
        "precision": 0.5224618500562433,
        "recall": 0.5591123532075412,
        "f1-score": 0.5242669901537169,
        "support": 21441.0
    },
    "weighted avg": {
        "precision": 0.9400782602136992,
        "recall": 0.8851732661722868,
        "f1-score": 0.9105671535451596,
        "support": 21441.0
    },
    "Accuracy": 0.8851732661722868,
    "F1 - Avg. Macro": 0.5242669901537169,
    "F1 - Positives": 0.1099060014461316
}