{
    "Not Affected": {
        "precision": 0.9690504218167549,
        "recall": 0.9537533188510741,
        "f1-score": 0.9613410213366421,
        "support": 20715.0
    },
    "Affected": {
        "precision": 0.09021842355175688,
        "recall": 0.13085399449035812,
        "f1-score": 0.10680157391793142,
        "support": 726.0
    },
    "accuracy": 0.9258896506692785,
    "macro avg": {
        "precision": 0.5296344226842559,
        "recall": 0.5423036566707161,
        "f1-score": 0.5340712976272868,
        "support": 21441.0
    },
    "weighted avg": {
        "precision": 0.9392928531053893,
        "recall": 0.9258896506692785,
        "f1-score": 0.9324060071663149,
        "support": 21441.0
    },
    "Accuracy": 0.9258896506692785,
    "F1 - Avg. Macro": 0.5340712976272868,
    "F1 - Positives": 0.10680157391793142
}