{
    "Not Affected": {
        "precision": 0.75,
        "recall": 0.4117647058823529,
        "f1-score": 0.5316455696202531,
        "support": 51.0
    },
    "Affected": {
        "precision": 0.855072463768116,
        "recall": 0.9619565217391305,
        "f1-score": 0.9053708439897699,
        "support": 184.0
    },
    "accuracy": 0.8425531914893617,
    "macro avg": {
        "precision": 0.802536231884058,
        "recall": 0.6868606138107417,
        "f1-score": 0.7185082068050115,
        "support": 235.0
    },
    "weighted avg": {
        "precision": 0.8322695035460993,
        "recall": 0.8425531914893617,
        "f1-score": 0.8242645078500024,
        "support": 235.0
    },
    "Accuracy": 0.8425531914893617,
    "F1 - Avg. Macro": 0.7185082068050115,
    "F1 - Positives": 0.9053708439897699
}