{
    "Not Affected": {
        "precision": 0.974223245109321,
        "recall": 0.8173787110789283,
        "f1-score": 0.8889355558472241,
        "support": 20715.0
    },
    "Affected": {
        "precision": 0.06845604530903718,
        "recall": 0.38292011019283745,
        "f1-score": 0.11614790056402757,
        "support": 726.0
    },
    "accuracy": 0.8026677860174433,
    "macro avg": {
        "precision": 0.5213396452091791,
        "recall": 0.6001494106358829,
        "f1-score": 0.5025417282056258,
        "support": 21441.0
    },
    "weighted avg": {
        "precision": 0.9435536407506155,
        "recall": 0.8026677860174433,
        "f1-score": 0.8627686868702359,
        "support": 21441.0
    },
    "Accuracy": 0.8026677860174433,
    "F1 - Avg. Macro": 0.5025417282056258,
    "F1 - Positives": 0.11614790056402757
}