{
    "Not Affected": {
        "precision": 0.9692452923933025,
        "recall": 0.9417330436881487,
        "f1-score": 0.9552911218843347,
        "support": 20715.0
    },
    "Affected": {
        "precision": 0.08143074581430745,
        "recall": 0.14738292011019283,
        "f1-score": 0.10490196078431373,
        "support": 726.0
    },
    "accuracy": 0.9148360617508512,
    "macro avg": {
        "precision": 0.525338019103805,
        "recall": 0.5445579818991708,
        "f1-score": 0.5300965413343243,
        "support": 21441.0
    },
    "weighted avg": {
        "precision": 0.9391835713534092,
        "recall": 0.9148360617508512,
        "f1-score": 0.9264966379069729,
        "support": 21441.0
    },
    "Accuracy": 0.9148360617508512,
    "F1 - Avg. Macro": 0.5300965413343243,
    "F1 - Positives": 0.10490196078431373
}