{
    "Not Affected": {
        "precision": 0.970442382285069,
        "recall": 0.9541395124306058,
        "f1-score": 0.9622218976680785,
        "support": 20715.0
    },
    "Affected": {
        "precision": 0.1154562383612663,
        "recall": 0.17079889807162535,
        "f1-score": 0.13777777777777778,
        "support": 726.0
    },
    "accuracy": 0.9276153164497924,
    "macro avg": {
        "precision": 0.5429493103231676,
        "recall": 0.5624692052511155,
        "f1-score": 0.5499998377229282,
        "support": 21441.0
    },
    "weighted avg": {
        "precision": 0.941492242809826,
        "recall": 0.9276153164497924,
        "f1-score": 0.9343059221519946,
        "support": 21441.0
    },
    "Accuracy": 0.9276153164497924,
    "F1 - Avg. Macro": 0.5499998377229282,
    "F1 - Positives": 0.13777777777777778
}