{
    "Not Affected": {
        "precision": 0.9720518803929017,
        "recall": 0.8646874245715664,
        "f1-score": 0.9152317204026366,
        "support": 20715.0
    },
    "Affected": {
        "precision": 0.07000663570006636,
        "recall": 0.290633608815427,
        "f1-score": 0.11283422459893049,
        "support": 726.0
    },
    "accuracy": 0.8452497551420176,
    "macro avg": {
        "precision": 0.521029258046484,
        "recall": 0.5776605166934967,
        "f1-score": 0.5140329725007835,
        "support": 21441.0
    },
    "weighted avg": {
        "precision": 0.9415083027777252,
        "recall": 0.8452497551420176,
        "f1-score": 0.8880622515367493,
        "support": 21441.0
    },
    "Accuracy": 0.8452497551420176,
    "F1 - Avg. Macro": 0.5140329725007835,
    "F1 - Positives": 0.11283422459893049
}