{
    "Not Affected": {
        "precision": 0.9722344888496357,
        "recall": 0.8502534395365677,
        "f1-score": 0.9071618037135278,
        "support": 20715.0
    },
    "Affected": {
        "precision": 0.06706766917293233,
        "recall": 0.3071625344352617,
        "f1-score": 0.1100962725253024,
        "support": 726.0
    },
    "accuracy": 0.831864185439112,
    "macro avg": {
        "precision": 0.519651079011284,
        "recall": 0.5787079869859147,
        "f1-score": 0.5086290381194151,
        "support": 21441.0
    },
    "weighted avg": {
        "precision": 0.9415852135786461,
        "recall": 0.831864185439112,
        "f1-score": 0.8801728770943099,
        "support": 21441.0
    },
    "Accuracy": 0.831864185439112,
    "F1 - Avg. Macro": 0.5086290381194151,
    "F1 - Positives": 0.1100962725253024
}