{
    "Not Affected": {
        "precision": 0.9702684246467406,
        "recall": 0.8916727009413469,
        "f1-score": 0.9293117327430066,
        "support": 20715.0
    },
    "Affected": {
        "precision": 0.06655574043261231,
        "recall": 0.22038567493112948,
        "f1-score": 0.10223642172523961,
        "support": 726.0
    },
    "accuracy": 0.8689426799123176,
    "macro avg": {
        "precision": 0.5184120825396764,
        "recall": 0.5560291879362382,
        "f1-score": 0.515774077234123,
        "support": 21441.0
    },
    "weighted avg": {
        "precision": 0.9396683869274431,
        "recall": 0.8689426799123176,
        "f1-score": 0.9013066641455113,
        "support": 21441.0
    },
    "Accuracy": 0.8689426799123176,
    "F1 - Avg. Macro": 0.515774077234123,
    "F1 - Positives": 0.10223642172523961
}