{
    "Not Affected": {
        "precision": 0.75,
        "recall": 0.35294117647058826,
        "f1-score": 0.48,
        "support": 51.0
    },
    "Affected": {
        "precision": 0.8436018957345972,
        "recall": 0.967391304347826,
        "f1-score": 0.9012658227848102,
        "support": 184.0
    },
    "accuracy": 0.8340425531914893,
    "macro avg": {
        "precision": 0.7968009478672986,
        "recall": 0.6601662404092071,
        "f1-score": 0.690632911392405,
        "support": 235.0
    },
    "weighted avg": {
        "precision": 0.8232882928304931,
        "recall": 0.8340425531914893,
        "f1-score": 0.8098421761378939,
        "support": 235.0
    },
    "Accuracy": 0.8340425531914893,
    "F1 - Avg. Macro": 0.690632911392405,
    "F1 - Positives": 0.9012658227848102
}