{
    "Not Affected": {
        "precision": 0.9717133893330635,
        "recall": 0.9270094134685011,
        "f1-score": 0.9488351409442399,
        "support": 20715.0
    },
    "Affected": {
        "precision": 0.09946396664681358,
        "recall": 0.23002754820936638,
        "f1-score": 0.13887733887733889,
        "support": 726.0
    },
    "accuracy": 0.9034093559069073,
    "macro avg": {
        "precision": 0.5355886779899386,
        "recall": 0.5785184808389338,
        "f1-score": 0.5438562399107894,
        "support": 21441.0
    },
    "weighted avg": {
        "precision": 0.9421787090070425,
        "recall": 0.9034093559069073,
        "f1-score": 0.9214096773790811,
        "support": 21441.0
    },
    "Accuracy": 0.9034093559069073,
    "F1 - Avg. Macro": 0.5438562399107894,
    "F1 - Positives": 0.13887733887733889
}