{
    "0": {
        "precision": 0.9718949759628084,
        "recall": 0.8881004103306782,
        "f1-score": 0.9281101806074059,
        "support": 20715.0
    },
    "1": {
        "precision": 0.07722929936305732,
        "recall": 0.26721763085399447,
        "f1-score": 0.11982705373687462,
        "support": 726.0
    },
    "accuracy": 0.8670770952847349,
    "macro avg": {
        "precision": 0.5245621376629328,
        "recall": 0.5776590205923363,
        "f1-score": 0.5239686171721403,
        "support": 21441.0
    },
    "weighted avg": {
        "precision": 0.9416012731872188,
        "recall": 0.8670770952847349,
        "f1-score": 0.9007414221489383,
        "support": 21441.0
    },
    "Accuracy": 0.8670770952847349,
    "F1 - Avg. Macro": 0.5239686171721403,
    "F1 - Positives": 0.11982705373687462
}