{
    "Not Affected": {
        "precision": 0.9709379128137384,
        "recall": 0.9225199131064447,
        "f1-score": 0.9461098596430428,
        "support": 20715.0
    },
    "Affected": {
        "precision": 0.08754974417282547,
        "recall": 0.21212121212121213,
        "f1-score": 0.12394366197183099,
        "support": 726.0
    },
    "accuracy": 0.8984655566438132,
    "macro avg": {
        "precision": 0.529243828493282,
        "recall": 0.5673205626138283,
        "f1-score": 0.5350267608074369,
        "support": 21441.0
    },
    "weighted avg": {
        "precision": 0.9410260705287097,
        "recall": 0.8984655566438132,
        "f1-score": 0.9182710153956057,
        "support": 21441.0
    },
    "Accuracy": 0.8984655566438132,
    "F1 - Avg. Macro": 0.5350267608074369,
    "F1 - Positives": 0.12394366197183099
}