{
    "Not Affected": {
        "precision": 0.6470588235294118,
        "recall": 0.6470588235294118,
        "f1-score": 0.6470588235294118,
        "support": 51.0
    },
    "Affected": {
        "precision": 0.9021739130434783,
        "recall": 0.9021739130434783,
        "f1-score": 0.9021739130434783,
        "support": 184.0
    },
    "accuracy": 0.8468085106382979,
    "macro avg": {
        "precision": 0.7746163682864451,
        "recall": 0.7746163682864451,
        "f1-score": 0.7746163682864451,
        "support": 235.0
    },
    "weighted avg": {
        "precision": 0.8468085106382979,
        "recall": 0.8468085106382979,
        "f1-score": 0.8468085106382979,
        "support": 235.0
    },
    "Accuracy": 0.8468085106382979,
    "F1 - Avg. Macro": 0.7746163682864451,
    "F1 - Positives": 0.9021739130434783
}