{
    "Not Affected": {
        "precision": 0.9729393468118196,
        "recall": 0.7550084479845522,
        "f1-score": 0.8502310410437619,
        "support": 20715.0
    },
    "Affected": {
        "precision": 0.05423033917256802,
        "recall": 0.40082644628099173,
        "f1-score": 0.09553512803676953,
        "support": 726.0
    },
    "accuracy": 0.7430157175504873,
    "macro avg": {
        "precision": 0.5135848429921938,
        "recall": 0.5779174471327719,
        "f1-score": 0.47288308454026573,
        "support": 21441.0
    },
    "weighted avg": {
        "precision": 0.9418315281678152,
        "recall": 0.7430157175504873,
        "f1-score": 0.8246767649911956,
        "support": 21441.0
    },
    "Accuracy": 0.7430157175504873,
    "F1 - Avg. Macro": 0.47288308454026573,
    "F1 - Positives": 0.09553512803676953
}