{
    "Not Affected": {
        "precision": 0.75,
        "recall": 0.6470588235294118,
        "f1-score": 0.6947368421052632,
        "support": 51.0
    },
    "Affected": {
        "precision": 0.9057591623036649,
        "recall": 0.9402173913043478,
        "f1-score": 0.9226666666666666,
        "support": 184.0
    },
    "accuracy": 0.8765957446808511,
    "macro avg": {
        "precision": 0.8278795811518325,
        "recall": 0.7936381074168798,
        "f1-score": 0.8087017543859649,
        "support": 235.0
    },
    "weighted avg": {
        "precision": 0.8719561100590398,
        "recall": 0.8765957446808511,
        "f1-score": 0.8732010451661067,
        "support": 235.0
    },
    "Accuracy": 0.8765957446808511,
    "F1 - Avg. Macro": 0.8087017543859649,
    "F1 - Positives": 0.9226666666666666
}