{
    "Not Affected": {
        "precision": 0.9740168985452005,
        "recall": 0.7401399951725802,
        "f1-score": 0.8411235461926706,
        "support": 20715.0
    },
    "Affected": {
        "precision": 0.055614035087719296,
        "recall": 0.4366391184573003,
        "f1-score": 0.09866168689698102,
        "support": 726.0
    },
    "accuracy": 0.7298633459260295,
    "macro avg": {
        "precision": 0.5148154668164598,
        "recall": 0.5883895568149402,
        "f1-score": 0.46989261654482584,
        "support": 21441.0
    },
    "weighted avg": {
        "precision": 0.9429194460537061,
        "recall": 0.7298633459260295,
        "f1-score": 0.8159835196151476,
        "support": 21441.0
    },
    "Accuracy": 0.7298633459260295,
    "F1 - Avg. Macro": 0.46989261654482584,
    "F1 - Positives": 0.09866168689698102
}