{
    "Not Affected": {
        "precision": 0.9710587626197256,
        "recall": 0.905430847212165,
        "f1-score": 0.9370971771171621,
        "support": 20715.0
    },
    "Affected": {
        "precision": 0.07855126999059266,
        "recall": 0.23002754820936638,
        "f1-score": 0.11711079943899018,
        "support": 726.0
    },
    "accuracy": 0.882561447693671,
    "macro avg": {
        "precision": 0.5248050163051591,
        "recall": 0.5677291977107657,
        "f1-score": 0.5271039882780761,
        "support": 21441.0
    },
    "weighted avg": {
        "precision": 0.9408381367324652,
        "recall": 0.882561447693671,
        "f1-score": 0.9093321423615838,
        "support": 21441.0
    },
    "Accuracy": 0.882561447693671,
    "F1 - Avg. Macro": 0.5271039882780761,
    "F1 - Positives": 0.11711079943899018
}