{
    "Not Affected": {
        "precision": 0.9703093192989425,
        "recall": 0.9434226405986,
        "f1-score": 0.9566771098492266,
        "support": 20715.0
    },
    "Affected": {
        "precision": 0.09846153846153846,
        "recall": 0.1763085399449036,
        "f1-score": 0.1263573543928924,
        "support": 726.0
    },
    "accuracy": 0.9174478802294669,
    "macro avg": {
        "precision": 0.5343854288802404,
        "recall": 0.5598655902717518,
        "f1-score": 0.5415172321210595,
        "support": 21441.0
    },
    "weighted avg": {
        "precision": 0.9407882387109123,
        "recall": 0.9174478802294669,
        "f1-score": 0.9285621831918274,
        "support": 21441.0
    },
    "Accuracy": 0.9174478802294669,
    "F1 - Avg. Macro": 0.5415172321210595,
    "F1 - Positives": 0.1263573543928924
}