{
    "Not Affected": {
        "precision": 0.9732781524627018,
        "recall": 0.9195751870625151,
        "f1-score": 0.9456648546677588,
        "support": 20715.0
    },
    "Affected": {
        "precision": 0.10861423220973783,
        "recall": 0.2796143250688705,
        "f1-score": 0.15645472061657031,
        "support": 726.0
    },
    "accuracy": 0.8979058812555385,
    "macro avg": {
        "precision": 0.5409461923362198,
        "recall": 0.5995947560656928,
        "f1-score": 0.5510597876421646,
        "support": 21441.0
    },
    "weighted avg": {
        "precision": 0.944000319987367,
        "recall": 0.8979058812555385,
        "f1-score": 0.9189419146313256,
        "support": 21441.0
    },
    "Accuracy": 0.8979058812555385,
    "F1 - Avg. Macro": 0.5510597876421646,
    "F1 - Positives": 0.15645472061657031
}