{
    "Not Affected": {
        "precision": 0.9723307800531499,
        "recall": 0.9007965242577842,
        "f1-score": 0.9351977146293791,
        "support": 20715.0
    },
    "Affected": {
        "precision": 0.08666666666666667,
        "recall": 0.26859504132231404,
        "f1-score": 0.1310483870967742,
        "support": 726.0
    },
    "accuracy": 0.8793899538267804,
    "macro avg": {
        "precision": 0.5294987233599082,
        "recall": 0.5846957827900492,
        "f1-score": 0.5331230508630767,
        "support": 21441.0
    },
    "weighted avg": {
        "precision": 0.9423418734574411,
        "recall": 0.8793899538267804,
        "f1-score": 0.9079689281087564,
        "support": 21441.0
    },
    "Accuracy": 0.8793899538267804,
    "F1 - Avg. Macro": 0.5331230508630767,
    "F1 - Positives": 0.1310483870967742
}