{
    "Not Affected": {
        "precision": 0.9633465417867435,
        "recall": 0.5163890900313782,
        "f1-score": 0.6723655677425437,
        "support": 20715.0
    },
    "Affected": {
        "precision": 0.03086001741317597,
        "recall": 0.4393939393939394,
        "f1-score": 0.057669709843622886,
        "support": 726.0
    },
    "accuracy": 0.5137820064362669,
    "macro avg": {
        "precision": 0.49710327959995976,
        "recall": 0.4778915147126588,
        "f1-score": 0.3650176387930833,
        "support": 21441.0
    },
    "weighted avg": {
        "precision": 0.9317722114525608,
        "recall": 0.5137820064362669,
        "f1-score": 0.6515517440946441,
        "support": 21441.0
    },
    "Accuracy": 0.5137820064362669,
    "F1 - Avg. Macro": 0.3650176387930833,
    "F1 - Positives": 0.057669709843622886
}