{
    "Not Affected": {
        "precision": 0.9729310237784814,
        "recall": 0.7565049481052377,
        "f1-score": 0.8511759274346857,
        "support": 20715.0
    },
    "Affected": {
        "precision": 0.05436820397450319,
        "recall": 0.39944903581267216,
        "f1-score": 0.09570957095709572,
        "support": 726.0
    },
    "accuracy": 0.7444149060211744,
    "macro avg": {
        "precision": 0.5136496138764923,
        "recall": 0.5779769919589549,
        "f1-score": 0.47344274919589074,
        "support": 21441.0
    },
    "weighted avg": {
        "precision": 0.9418281551073517,
        "recall": 0.7444149060211744,
        "f1-score": 0.8255955638880819,
        "support": 21441.0
    },
    "Accuracy": 0.7444149060211744,
    "F1 - Avg. Macro": 0.47344274919589074,
    "F1 - Positives": 0.09570957095709572
}