{
    "Not Affected": {
        "precision": 0.9705314248922787,
        "recall": 0.9459811730629978,
        "f1-score": 0.9580990563731482,
        "support": 20715.0
    },
    "Affected": {
        "precision": 0.1048,
        "recall": 0.18044077134986225,
        "f1-score": 0.1325910931174089,
        "support": 726.0
    },
    "accuracy": 0.9200596987080827,
    "macro avg": {
        "precision": 0.5376657124461394,
        "recall": 0.56321097220643,
        "f1-score": 0.5453450747452786,
        "support": 21441.0
    },
    "weighted avg": {
        "precision": 0.9412174463244977,
        "recall": 0.9200596987080827,
        "f1-score": 0.9301470587366729,
        "support": 21441.0
    },
    "Accuracy": 0.9200596987080827,
    "F1 - Avg. Macro": 0.5453450747452786,
    "F1 - Positives": 0.1325910931174089
}