{
    "Not Affected": {
        "precision": 0.9738919589489117,
        "recall": 0.8337436640115858,
        "f1-score": 0.8983848734687508,
        "support": 20715.0
    },
    "Affected": {
        "precision": 0.07094685729700566,
        "recall": 0.3622589531680441,
        "f1-score": 0.11865553801037672,
        "support": 726.0
    },
    "accuracy": 0.8177790215008628,
    "macro avg": {
        "precision": 0.5224194081229586,
        "recall": 0.5980013085898149,
        "f1-score": 0.5085202057395638,
        "support": 21441.0
    },
    "weighted avg": {
        "precision": 0.943317911852261,
        "recall": 0.8177790215008628,
        "f1-score": 0.8719829566951497,
        "support": 21441.0
    },
    "Accuracy": 0.8177790215008628,
    "F1 - Avg. Macro": 0.5085202057395638,
    "F1 - Positives": 0.11865553801037672
}