{
    "Not Affected": {
        "precision": 0.9729627834329725,
        "recall": 0.872073376780111,
        "f1-score": 0.9197596863703478,
        "support": 20715.0
    },
    "Affected": {
        "precision": 0.0779401530967293,
        "recall": 0.3085399449035813,
        "f1-score": 0.12444444444444444,
        "support": 726.0
    },
    "accuracy": 0.8529919313464857,
    "macro avg": {
        "precision": 0.5254514682648509,
        "recall": 0.5903066608418461,
        "f1-score": 0.5221020654073961,
        "support": 21441.0
    },
    "weighted avg": {
        "precision": 0.9426569940750081,
        "recall": 0.8529919313464857,
        "f1-score": 0.8928300251773902,
        "support": 21441.0
    },
    "Accuracy": 0.8529919313464857,
    "F1 - Avg. Macro": 0.5221020654073961,
    "F1 - Positives": 0.12444444444444444
}