{
    "Not Affected": {
        "precision": 0.9724776303609997,
        "recall": 0.7607530774800869,
        "f1-score": 0.8536836403033586,
        "support": 20715.0
    },
    "Affected": {
        "precision": 0.053475935828877004,
        "recall": 0.3856749311294766,
        "f1-score": 0.09392821200939282,
        "support": 726.0
    },
    "accuracy": 0.7480527960449606,
    "macro avg": {
        "precision": 0.5129767830949383,
        "recall": 0.5732140043047818,
        "f1-score": 0.47380592615637573,
        "support": 21441.0
    },
    "weighted avg": {
        "precision": 0.9413599012331455,
        "recall": 0.7480527960449606,
        "f1-score": 0.8279580472367377,
        "support": 21441.0
    },
    "Accuracy": 0.7480527960449606,
    "F1 - Avg. Macro": 0.47380592615637573,
    "F1 - Positives": 0.09392821200939282
}