{
    "Not Affected": {
        "precision": 0.9680757159670459,
        "recall": 0.9529809316920106,
        "f1-score": 0.9604690198749605,
        "support": 20715.0
    },
    "Affected": {
        "precision": 0.07149666348903717,
        "recall": 0.10330578512396695,
        "f1-score": 0.08450704225352113,
        "support": 726.0
    },
    "accuracy": 0.9242106245044541,
    "macro avg": {
        "precision": 0.5197861897280416,
        "recall": 0.5281433584079888,
        "f1-score": 0.5224880310642408,
        "support": 21441.0
    },
    "weighted avg": {
        "precision": 0.9377172255935075,
        "recall": 0.9242106245044541,
        "f1-score": 0.9308086310986364,
        "support": 21441.0
    },
    "Accuracy": 0.9242106245044541,
    "F1 - Avg. Macro": 0.5224880310642408,
    "F1 - Positives": 0.08450704225352113
}