{
    "Not Affected": {
        "precision": 0.9696390033352953,
        "recall": 0.9543326092203717,
        "f1-score": 0.9619249203221176,
        "support": 20715.0
    },
    "Affected": {
        "precision": 0.10161443494776828,
        "recall": 0.14738292011019283,
        "f1-score": 0.12029229904440697,
        "support": 726.0
    },
    "accuracy": 0.9270090014458281,
    "macro avg": {
        "precision": 0.5356267191415318,
        "recall": 0.5508577646652822,
        "f1-score": 0.5411086096832622,
        "support": 21441.0
    },
    "weighted avg": {
        "precision": 0.9402473781009618,
        "recall": 0.9270090014458281,
        "f1-score": 0.933426935944168,
        "support": 21441.0
    },
    "Accuracy": 0.9270090014458281,
    "F1 - Avg. Macro": 0.5411086096832622,
    "F1 - Positives": 0.12029229904440697
}