{
    "Not Affected": {
        "precision": 0.9724079320113315,
        "recall": 0.8285300506879073,
        "f1-score": 0.8947217515965072,
        "support": 20715.0
    },
    "Affected": {
        "precision": 0.06304405170139805,
        "recall": 0.32920110192837465,
        "f1-score": 0.10582244852778393,
        "support": 726.0
    },
    "accuracy": 0.81162259222984,
    "macro avg": {
        "precision": 0.5177259918563648,
        "recall": 0.578865576308141,
        "f1-score": 0.5002721000621456,
        "support": 21441.0
    },
    "weighted avg": {
        "precision": 0.9416165427522012,
        "recall": 0.81162259222984,
        "f1-score": 0.8680093364093475,
        "support": 21441.0
    },
    "Accuracy": 0.81162259222984,
    "F1 - Avg. Macro": 0.5002721000621456,
    "F1 - Positives": 0.10582244852778393
}