{
    "Not Affected": {
        "precision": 0.9762435040831478,
        "recall": 0.6982862659908279,
        "f1-score": 0.8141956546211865,
        "support": 20715.0
    },
    "Affected": {
        "precision": 0.05646135265700483,
        "recall": 0.5151515151515151,
        "f1-score": 0.1017687074829932,
        "support": 726.0
    },
    "accuracy": 0.6920852572174805,
    "macro avg": {
        "precision": 0.5163524283700763,
        "recall": 0.6067188905711716,
        "f1-score": 0.4579821810520898,
        "support": 21441.0
    },
    "weighted avg": {
        "precision": 0.9450993484031245,
        "recall": 0.6920852572174805,
        "f1-score": 0.790072621011638,
        "support": 21441.0
    },
    "Accuracy": 0.6920852572174805,
    "F1 - Avg. Macro": 0.4579821810520898,
    "F1 - Positives": 0.1017687074829932
}