{
    "Not Affected": {
        "precision": 0.9730169050715215,
        "recall": 0.866908037653874,
        "f1-score": 0.9169028107528528,
        "support": 20715.0
    },
    "Affected": {
        "precision": 0.0763819095477387,
        "recall": 0.3140495867768595,
        "f1-score": 0.12287793047696038,
        "support": 726.0
    },
    "accuracy": 0.8481880509304603,
    "macro avg": {
        "precision": 0.52469940730963,
        "recall": 0.5904788122153668,
        "f1-score": 0.5198903706149066,
        "support": 21441.0
    },
    "weighted avg": {
        "precision": 0.9426565204462583,
        "recall": 0.8481880509304603,
        "f1-score": 0.890016841671173,
        "support": 21441.0
    },
    "Accuracy": 0.8481880509304603,
    "F1 - Avg. Macro": 0.5198903706149066,
    "F1 - Positives": 0.12287793047696038
}