{
    "Not Affected": {
        "precision": 0.9712257922535211,
        "recall": 0.8521844074342264,
        "f1-score": 0.9078192898099817,
        "support": 20715.0
    },
    "Affected": {
        "precision": 0.06217457886676876,
        "recall": 0.2796143250688705,
        "f1-score": 0.10172889000250564,
        "support": 726.0
    },
    "accuracy": 0.8327969777529033,
    "macro avg": {
        "precision": 0.516700185560145,
        "recall": 0.5658993662515485,
        "f1-score": 0.5047740899062437,
        "support": 21441.0
    },
    "weighted avg": {
        "precision": 0.9404449900092795,
        "recall": 0.8327969777529033,
        "f1-score": 0.880524777881423,
        "support": 21441.0
    },
    "Accuracy": 0.8327969777529033,
    "F1 - Avg. Macro": 0.5047740899062437,
    "F1 - Positives": 0.10172889000250564
}