{
    "Not Affected": {
        "precision": 0.9715150250417363,
        "recall": 0.8989621047550085,
        "f1-score": 0.9338314570117594,
        "support": 20715.0
    },
    "Affected": {
        "precision": 0.07919049714034315,
        "recall": 0.24793388429752067,
        "f1-score": 0.12004001333777926,
        "support": 726.0
    },
    "accuracy": 0.8769180541952334,
    "macro avg": {
        "precision": 0.5253527610910397,
        "recall": 0.5734479945262646,
        "f1-score": 0.5269357351747693,
        "support": 21441.0
    },
    "weighted avg": {
        "precision": 0.9413005944062056,
        "recall": 0.8769180541952334,
        "f1-score": 0.9062761849578761,
        "support": 21441.0
    },
    "Accuracy": 0.8769180541952334,
    "F1 - Avg. Macro": 0.5269357351747693,
    "F1 - Positives": 0.12004001333777926
}