{
    "Not Affected": {
        "precision": 0.9717953902143146,
        "recall": 0.9281197200096548,
        "f1-score": 0.9494555421121509,
        "support": 20715.0
    },
    "Affected": {
        "precision": 0.10138805069402534,
        "recall": 0.23140495867768596,
        "f1-score": 0.1409987410826689,
        "support": 726.0
    },
    "accuracy": 0.904528706683457,
    "macro avg": {
        "precision": 0.5365917204541699,
        "recall": 0.5797623393436704,
        "f1-score": 0.5452271415974099,
        "support": 21441.0
    },
    "weighted avg": {
        "precision": 0.9423230834892679,
        "recall": 0.904528706683457,
        "f1-score": 0.9220809029839663,
        "support": 21441.0
    },
    "Accuracy": 0.904528706683457,
    "F1 - Avg. Macro": 0.5452271415974099,
    "F1 - Positives": 0.1409987410826689
}