{
    "Not Affected": {
        "precision": 0.9697731755424063,
        "recall": 0.949408641081342,
        "f1-score": 0.9594828637638736,
        "support": 20715.0
    },
    "Affected": {
        "precision": 0.09732988802756244,
        "recall": 0.15564738292011018,
        "f1-score": 0.1197668256491786,
        "support": 726.0
    },
    "accuracy": 0.9225315983396297,
    "macro avg": {
        "precision": 0.5335515317849844,
        "recall": 0.5525280120007261,
        "f1-score": 0.539624844706526,
        "support": 21441.0
    },
    "weighted avg": {
        "precision": 0.9402319308833057,
        "recall": 0.9225315983396297,
        "f1-score": 0.9310497755836922,
        "support": 21441.0
    },
    "Accuracy": 0.9225315983396297,
    "F1 - Avg. Macro": 0.539624844706526,
    "F1 - Positives": 0.1197668256491786
}