{
    "Not Affected": {
        "precision": 0.9723187268855766,
        "recall": 0.8376538740043447,
        "f1-score": 0.8999766603563185,
        "support": 20715.0
    },
    "Affected": {
        "precision": 0.06453407510431154,
        "recall": 0.31955922865013775,
        "f1-score": 0.10738255033557047,
        "support": 726.0
    },
    "accuracy": 0.8201110022853412,
    "macro avg": {
        "precision": 0.5184264009949441,
        "recall": 0.5786065513272411,
        "f1-score": 0.5036796053459445,
        "support": 21441.0
    },
    "weighted avg": {
        "precision": 0.9415808108745138,
        "recall": 0.8201110022853412,
        "f1-score": 0.8731391376719725,
        "support": 21441.0
    },
    "Accuracy": 0.8201110022853412,
    "F1 - Avg. Macro": 0.5036796053459445,
    "F1 - Positives": 0.10738255033557047
}