{
    "Not Affected": {
        "precision": 0.9721660195767485,
        "recall": 0.8582186821144099,
        "f1-score": 0.9116455566381211,
        "support": 20715.0
    },
    "Affected": {
        "precision": 0.06880152187698162,
        "recall": 0.2988980716253444,
        "f1-score": 0.11185567010309279,
        "support": 726.0
    },
    "accuracy": 0.8392798843337531,
    "macro avg": {
        "precision": 0.520483770726865,
        "recall": 0.5785583768698771,
        "f1-score": 0.5117506133706069,
        "support": 21441.0
    },
    "weighted avg": {
        "precision": 0.9415777715785194,
        "recall": 0.8392798843337531,
        "f1-score": 0.8845643823633936,
        "support": 21441.0
    },
    "Accuracy": 0.8392798843337531,
    "F1 - Avg. Macro": 0.5117506133706069,
    "F1 - Positives": 0.11185567010309279
}