{
    "0": {
        "precision": 0.9709661354581673,
        "recall": 0.9412020275162926,
        "f1-score": 0.9558524328961883,
        "support": 20715.0
    },
    "1": {
        "precision": 0.10506980161645849,
        "recall": 0.19696969696969696,
        "f1-score": 0.1370388116914231,
        "support": 726.0
    },
    "accuracy": 0.9160020521430904,
    "macro avg": {
        "precision": 0.5380179685373129,
        "recall": 0.5690858622429947,
        "f1-score": 0.5464456222938057,
        "support": 21441.0
    },
    "weighted avg": {
        "precision": 0.941646573013828,
        "recall": 0.9160020521430904,
        "f1-score": 0.9281271080981537,
        "support": 21441.0
    },
    "Accuracy": 0.9160020521430904,
    "F1 - Avg. Macro": 0.5464456222938057,
    "F1 - Positives": 0.1370388116914231
}