{
    "Not Affected": {
        "precision": 0.9714974551299224,
        "recall": 0.8753560222061308,
        "f1-score": 0.9209243270695785,
        "support": 20715.0
    },
    "Affected": {
        "precision": 0.06988472622478387,
        "recall": 0.26721763085399447,
        "f1-score": 0.11079383209594518,
        "support": 726.0
    },
    "accuracy": 0.8547642367426892,
    "macro avg": {
        "precision": 0.5206910906773531,
        "recall": 0.5712868265300627,
        "f1-score": 0.5158590795827618,
        "support": 21441.0
    },
    "weighted avg": {
        "precision": 0.9409685226554515,
        "recall": 0.8547642367426892,
        "f1-score": 0.8934930160602572,
        "support": 21441.0
    },
    "Accuracy": 0.8547642367426892,
    "F1 - Avg. Macro": 0.5158590795827618,
    "F1 - Positives": 0.11079383209594518
}