{
    "Not Affected": {
        "precision": 0.9709061521365795,
        "recall": 0.927926623219889,
        "f1-score": 0.9489299730950559,
        "support": 20715.0
    },
    "Affected": {
        "precision": 0.09129640900791236,
        "recall": 0.2066115702479339,
        "f1-score": 0.1266357112705783,
        "support": 726.0
    },
    "accuracy": 0.9035026351382864,
    "macro avg": {
        "precision": 0.5311012805722459,
        "recall": 0.5672690967339115,
        "f1-score": 0.5377828421828171,
        "support": 21441.0
    },
    "weighted avg": {
        "precision": 0.9411222487033714,
        "recall": 0.9035026351382864,
        "f1-score": 0.9210867925491592,
        "support": 21441.0
    },
    "Accuracy": 0.9035026351382864,
    "F1 - Avg. Macro": 0.5377828421828171,
    "F1 - Positives": 0.1266357112705783
}