{
    "Not Affected": {
        "precision": 0.9724115369936208,
        "recall": 0.8609703113685735,
        "f1-score": 0.9133039737812372,
        "support": 20715.0
    },
    "Affected": {
        "precision": 0.07096774193548387,
        "recall": 0.30303030303030304,
        "f1-score": 0.11500261369576581,
        "support": 726.0
    },
    "accuracy": 0.8420782612751271,
    "macro avg": {
        "precision": 0.5216896394645524,
        "recall": 0.5820003071994383,
        "f1-score": 0.5141532937385015,
        "support": 21441.0
    },
    "weighted avg": {
        "precision": 0.9418883246801929,
        "recall": 0.8420782612751271,
        "f1-score": 0.8862732015494358,
        "support": 21441.0
    },
    "Accuracy": 0.8420782612751271,
    "F1 - Avg. Macro": 0.5141532937385015,
    "F1 - Positives": 0.11500261369576581
}