{
    "Not Affected": {
        "precision": 0.9712711733511816,
        "recall": 0.910692734733285,
        "f1-score": 0.9400069759330311,
        "support": 20715.0
    },
    "Affected": {
        "precision": 0.08325074331020813,
        "recall": 0.23140495867768596,
        "f1-score": 0.12244897959183673,
        "support": 726.0
    },
    "accuracy": 0.8876918054195233,
    "macro avg": {
        "precision": 0.5272609583306949,
        "recall": 0.5710488467054855,
        "f1-score": 0.5312279777624339,
        "support": 21441.0
    },
    "weighted avg": {
        "precision": 0.9412024810229438,
        "recall": 0.8876918054195233,
        "f1-score": 0.9123241670461457,
        "support": 21441.0
    },
    "Accuracy": 0.8876918054195233,
    "F1 - Avg. Macro": 0.5312279777624339,
    "F1 - Positives": 0.12244897959183673
}