{
    "Not Affected": {
        "precision": 0.9737468813789975,
        "recall": 0.829012792662322,
        "f1-score": 0.8955698678000573,
        "support": 20715.0
    },
    "Affected": {
        "precision": 0.06911957950065703,
        "recall": 0.3622589531680441,
        "f1-score": 0.11608916354005738,
        "support": 726.0
    },
    "accuracy": 0.8132083391632853,
    "macro avg": {
        "precision": 0.5214332304398273,
        "recall": 0.595635872915183,
        "f1-score": 0.5058295156700574,
        "support": 21441.0
    },
    "weighted avg": {
        "precision": 0.9431158743754213,
        "recall": 0.8132083391632853,
        "f1-score": 0.8691763697685869,
        "support": 21441.0
    },
    "Accuracy": 0.8132083391632853,
    "F1 - Avg. Macro": 0.5058295156700574,
    "F1 - Positives": 0.11608916354005738
}