{
    "Not Affected": {
        "precision": 0.97269212179797,
        "recall": 0.7772145788076273,
        "f1-score": 0.8640352054096118,
        "support": 20715.0
    },
    "Affected": {
        "precision": 0.056044180814072406,
        "recall": 0.3774104683195592,
        "f1-score": 0.09759572573463936,
        "support": 726.0
    },
    "accuracy": 0.7636770673009654,
    "macro avg": {
        "precision": 0.5143681513060212,
        "recall": 0.5773125235635933,
        "f1-score": 0.48081546557212557,
        "support": 21441.0
    },
    "weighted avg": {
        "precision": 0.9416540916149418,
        "recall": 0.7636770673009654,
        "f1-score": 0.8380832879503501,
        "support": 21441.0
    },
    "Accuracy": 0.7636770673009654,
    "F1 - Avg. Macro": 0.48081546557212557,
    "F1 - Positives": 0.09759572573463936
}