{
    "Not Affected": {
        "precision": 0.9697125520645858,
        "recall": 0.9103548153511948,
        "f1-score": 0.9390966585329416,
        "support": 20715.0
    },
    "Affected": {
        "precision": 0.0687061183550652,
        "recall": 0.1887052341597796,
        "f1-score": 0.10073529411764706,
        "support": 726.0
    },
    "accuracy": 0.8859195000233198,
    "macro avg": {
        "precision": 0.5192093352098255,
        "recall": 0.5495300247554872,
        "f1-score": 0.5199159763252943,
        "support": 21441.0
    },
    "weighted avg": {
        "precision": 0.9392041489643055,
        "recall": 0.8859195000233198,
        "f1-score": 0.9107094400932465,
        "support": 21441.0
    },
    "Accuracy": 0.8859195000233198,
    "F1 - Avg. Macro": 0.5199159763252943,
    "F1 - Positives": 0.10073529411764706
}