{
    "Not Affected": {
        "precision": 0.9770639295444465,
        "recall": 0.7444363987448709,
        "f1-score": 0.8450326045262754,
        "support": 20715.0
    },
    "Affected": {
        "precision": 0.06433368681512902,
        "recall": 0.5013774104683195,
        "f1-score": 0.11403508771929824,
        "support": 726.0
    },
    "accuracy": 0.7362063336598107,
    "macro avg": {
        "precision": 0.5206988081797878,
        "recall": 0.6229069046065951,
        "f1-score": 0.4795338461227868,
        "support": 21441.0
    },
    "weighted avg": {
        "precision": 0.9461585540385707,
        "recall": 0.7362063336598107,
        "f1-score": 0.8202807647239403,
        "support": 21441.0
    },
    "Accuracy": 0.7362063336598107,
    "F1 - Avg. Macro": 0.4795338461227868,
    "F1 - Positives": 0.11403508771929824
}