{
    "Not Affected": {
        "precision": 0.9721507661335421,
        "recall": 0.8391986483224716,
        "f1-score": 0.9007953986061092,
        "support": 20715.0
    },
    "Affected": {
        "precision": 0.0640629390278168,
        "recall": 0.3140495867768595,
        "f1-score": 0.10641773628938156,
        "support": 726.0
    },
    "accuracy": 0.821416911524649,
    "macro avg": {
        "precision": 0.5181068525806795,
        "recall": 0.5766241175496656,
        "f1-score": 0.5036065674477455,
        "support": 21441.0
    },
    "weighted avg": {
        "precision": 0.9414025844965497,
        "recall": 0.821416911524649,
        "f1-score": 0.8738974841971757,
        "support": 21441.0
    },
    "Accuracy": 0.821416911524649,
    "F1 - Avg. Macro": 0.5036065674477455,
    "F1 - Positives": 0.10641773628938156
}