{
    "Not Affected": {
        "precision": 0.9742802072039514,
        "recall": 0.7808351436157374,
        "f1-score": 0.8668971246348849,
        "support": 20715.0
    },
    "Affected": {
        "precision": 0.06178962595577599,
        "recall": 0.4118457300275482,
        "f1-score": 0.10745732255166217,
        "support": 726.0
    },
    "accuracy": 0.7683410288699221,
    "macro avg": {
        "precision": 0.5180349165798637,
        "recall": 0.5963404368216427,
        "f1-score": 0.48717722359327353,
        "support": 21441.0
    },
    "weighted avg": {
        "precision": 0.9433829467223425,
        "recall": 0.7683410288699221,
        "f1-score": 0.8411822187856979,
        "support": 21441.0
    },
    "Accuracy": 0.7683410288699221,
    "F1 - Avg. Macro": 0.48717722359327353,
    "F1 - Positives": 0.10745732255166217
}