{
    "Not Affected": {
        "precision": 0.9726019815132562,
        "recall": 0.8482741974414675,
        "f1-score": 0.9061935949667371,
        "support": 20715.0
    },
    "Affected": {
        "precision": 0.06846473029045644,
        "recall": 0.3181818181818182,
        "f1-score": 0.1126829268292683,
        "support": 726.0
    },
    "accuracy": 0.8303250781213563,
    "macro avg": {
        "precision": 0.5205333559018563,
        "recall": 0.5832280078116429,
        "f1-score": 0.5094382608980027,
        "support": 21441.0
    },
    "weighted avg": {
        "precision": 0.9419875678017804,
        "recall": 0.8303250781213563,
        "f1-score": 0.87932503729369,
        "support": 21441.0
    },
    "Accuracy": 0.8303250781213563,
    "F1 - Avg. Macro": 0.5094382608980027,
    "F1 - Positives": 0.1126829268292683
}