{
    "Not Affected": {
        "precision": 0.9728859060402685,
        "recall": 0.8747284576393918,
        "f1-score": 0.9211997966446365,
        "support": 20715.0
    },
    "Affected": {
        "precision": 0.07848011363636363,
        "recall": 0.3044077134986226,
        "f1-score": 0.12478825522303783,
        "support": 726.0
    },
    "accuracy": 0.8554171913623432,
    "macro avg": {
        "precision": 0.5256830098383161,
        "recall": 0.5895680855690072,
        "f1-score": 0.5229940259338371,
        "support": 21441.0
    },
    "weighted avg": {
        "precision": 0.9426010030373658,
        "recall": 0.8554171913623432,
        "f1-score": 0.8942330143550007,
        "support": 21441.0
    },
    "Accuracy": 0.8554171913623432,
    "F1 - Avg. Macro": 0.5229940259338371,
    "F1 - Positives": 0.12478825522303783
}