{
    "Not Affected": {
        "precision": 0.9726209003400772,
        "recall": 0.8145788076273232,
        "f1-score": 0.8866120218579235,
        "support": 20715.0
    },
    "Affected": {
        "precision": 0.06133919843597263,
        "recall": 0.34573002754820936,
        "f1-score": 0.1041926110419261,
        "support": 726.0
    },
    "accuracy": 0.79870341868383,
    "macro avg": {
        "precision": 0.5169800493880249,
        "recall": 0.5801544175877662,
        "f1-score": 0.49540231644992483,
        "support": 21441.0
    },
    "weighted avg": {
        "precision": 0.9417645729494526,
        "recall": 0.79870341868383,
        "f1-score": 0.8601190181616214,
        "support": 21441.0
    },
    "Accuracy": 0.79870341868383,
    "F1 - Avg. Macro": 0.49540231644992483,
    "F1 - Positives": 0.1041926110419261
}