{
    "Not Affected": {
        "precision": 0.9720817885630828,
        "recall": 0.8353849867245957,
        "f1-score": 0.8985642703221954,
        "support": 20715.0
    },
    "Affected": {
        "precision": 0.06292937620225336,
        "recall": 0.3154269972451791,
        "f1-score": 0.10492554410080183,
        "support": 726.0
    },
    "accuracy": 0.8177790215008628,
    "macro avg": {
        "precision": 0.5175055823826681,
        "recall": 0.5754059919848874,
        "f1-score": 0.5017449072114987,
        "support": 21441.0
    },
    "weighted avg": {
        "precision": 0.9412975596850471,
        "recall": 0.8177790215008628,
        "f1-score": 0.8716913765561989,
        "support": 21441.0
    },
    "Accuracy": 0.8177790215008628,
    "F1 - Avg. Macro": 0.5017449072114987,
    "F1 - Positives": 0.10492554410080183
}