{
    "Not Affected": {
        "precision": 0.9763533435546644,
        "recall": 0.799275887038378,
        "f1-score": 0.8789849494332811,
        "support": 20715.0
    },
    "Affected": {
        "precision": 0.07249609636404193,
        "recall": 0.4476584022038568,
        "f1-score": 0.1247840276444615,
        "support": 726.0
    },
    "accuracy": 0.7873699920712653,
    "macro avg": {
        "precision": 0.5244247199593531,
        "recall": 0.6234671446211174,
        "f1-score": 0.5018844885388714,
        "support": 21441.0
    },
    "weighted avg": {
        "precision": 0.945748410880797,
        "recall": 0.7873699920712653,
        "f1-score": 0.8534474339620493,
        "support": 21441.0
    },
    "Accuracy": 0.7873699920712653,
    "F1 - Avg. Macro": 0.5018844885388714,
    "F1 - Positives": 0.1247840276444615
}