{
    "Not Affected": {
        "precision": 0.972610523923173,
        "recall": 0.8262611634081584,
        "f1-score": 0.8934826299167384,
        "support": 20715.0
    },
    "Affected": {
        "precision": 0.06349206349206349,
        "recall": 0.33608815426997246,
        "f1-score": 0.10680674108119939,
        "support": 726.0
    },
    "accuracy": 0.8096637283708782,
    "macro avg": {
        "precision": 0.5180512937076183,
        "recall": 0.5811746588390654,
        "f1-score": 0.500144685498969,
        "support": 21441.0
    },
    "weighted avg": {
        "precision": 0.941827444669734,
        "recall": 0.8096637283708782,
        "f1-score": 0.866845500338146,
        "support": 21441.0
    },
    "Accuracy": 0.8096637283708782,
    "F1 - Avg. Macro": 0.500144685498969,
    "F1 - Positives": 0.10680674108119939
}