{
    "Not Affected": {
        "precision": 0.9698295834834989,
        "recall": 0.909341057204924,
        "f1-score": 0.9386117893268224,
        "support": 20715.0
    },
    "Affected": {
        "precision": 0.06937561942517344,
        "recall": 0.1928374655647383,
        "f1-score": 0.10204081632653061,
        "support": 726.0
    },
    "accuracy": 0.8850799869409076,
    "macro avg": {
        "precision": 0.5196026014543361,
        "recall": 0.5510892613848312,
        "f1-score": 0.5203263028266765,
        "support": 21441.0
    },
    "weighted avg": {
        "precision": 0.9393398872050444,
        "recall": 0.8850799869409076,
        "f1-score": 0.9102851941867538,
        "support": 21441.0
    },
    "Accuracy": 0.8850799869409076,
    "F1 - Avg. Macro": 0.5203263028266765,
    "F1 - Positives": 0.10204081632653061
}