{
    "Not Affected": {
        "precision": 0.6666666666666666,
        "recall": 0.7058823529411765,
        "f1-score": 0.6857142857142857,
        "support": 51.0
    },
    "Affected": {
        "precision": 0.9171270718232044,
        "recall": 0.9021739130434783,
        "f1-score": 0.9095890410958904,
        "support": 184.0
    },
    "accuracy": 0.8595744680851064,
    "macro avg": {
        "precision": 0.7918968692449355,
        "recall": 0.8040281329923273,
        "f1-score": 0.7976516634050881,
        "support": 235.0
    },
    "weighted avg": {
        "precision": 0.8627718349594452,
        "recall": 0.8595744680851064,
        "f1-score": 0.8610034558854145,
        "support": 235.0
    },
    "Accuracy": 0.8595744680851064,
    "F1 - Avg. Macro": 0.7976516634050881,
    "F1 - Positives": 0.9095890410958904
}