{
    "Not Affected": {
        "precision": 0.9712881125464149,
        "recall": 0.896548394882935,
        "f1-score": 0.932422934029521,
        "support": 20715.0
    },
    "Affected": {
        "precision": 0.07629310344827586,
        "recall": 0.24380165289256198,
        "f1-score": 0.11621799080761655,
        "support": 726.0
    },
    "accuracy": 0.8744461545636864,
    "macro avg": {
        "precision": 0.5237906079973453,
        "recall": 0.5701750238877485,
        "f1-score": 0.5243204624185688,
        "support": 21441.0
    },
    "weighted avg": {
        "precision": 0.9409832584535438,
        "recall": 0.8744461545636864,
        "f1-score": 0.9047859400096946,
        "support": 21441.0
    },
    "Accuracy": 0.8744461545636864,
    "F1 - Avg. Macro": 0.5243204624185688,
    "F1 - Positives": 0.11621799080761655
}