{
    "Not Affected": {
        "precision": 0.8285714285714286,
        "recall": 0.5686274509803921,
        "f1-score": 0.6744186046511628,
        "support": 51.0
    },
    "Affected": {
        "precision": 0.89,
        "recall": 0.967391304347826,
        "f1-score": 0.9270833333333334,
        "support": 184.0
    },
    "accuracy": 0.8808510638297873,
    "macro avg": {
        "precision": 0.8592857142857143,
        "recall": 0.768009377664109,
        "f1-score": 0.8007509689922481,
        "support": 235.0
    },
    "weighted avg": {
        "precision": 0.8766686930091185,
        "recall": 0.8808510638297873,
        "f1-score": 0.8722497113640112,
        "support": 235.0
    },
    "Accuracy": 0.8808510638297873,
    "F1 - Avg. Macro": 0.8007509689922481,
    "F1 - Positives": 0.9270833333333334
}