{
    "Not Affected": {
        "precision": 0.969644016176544,
        "recall": 0.937533188510741,
        "f1-score": 0.9533182799921461,
        "support": 20715.0
    },
    "Affected": {
        "precision": 0.08356940509915015,
        "recall": 0.162534435261708,
        "f1-score": 0.11038353601496725,
        "support": 726.0
    },
    "accuracy": 0.9112914509584441,
    "macro avg": {
        "precision": 0.5266067106378471,
        "recall": 0.5500338118862245,
        "f1-score": 0.5318509080035567,
        "support": 21441.0
    },
    "weighted avg": {
        "precision": 0.9396412099808354,
        "recall": 0.9112914509584441,
        "f1-score": 0.9247762052695385,
        "support": 21441.0
    },
    "Accuracy": 0.9112914509584441,
    "F1 - Avg. Macro": 0.5318509080035567,
    "F1 - Positives": 0.11038353601496725
}