{
    "Not Affected": {
        "precision": 0.9711375212224108,
        "recall": 0.9388365918416607,
        "f1-score": 0.9547139245477528,
        "support": 20715.0
    },
    "Affected": {
        "precision": 0.10459363957597173,
        "recall": 0.20385674931129477,
        "f1-score": 0.13825315273236805,
        "support": 726.0
    },
    "accuracy": 0.9139499090527494,
    "macro avg": {
        "precision": 0.5378655803991913,
        "recall": 0.5713466705764777,
        "f1-score": 0.5464835386400604,
        "support": 21441.0
    },
    "weighted avg": {
        "precision": 0.9417960325756447,
        "recall": 0.9139499090527494,
        "f1-score": 0.9270682680793991,
        "support": 21441.0
    },
    "Accuracy": 0.9139499090527494,
    "F1 - Avg. Macro": 0.5464835386400604,
    "F1 - Positives": 0.13825315273236805
}