{
    "Not Affected": {
        "precision": 0.972952086553323,
        "recall": 0.8508810041033068,
        "f1-score": 0.907831371842085,
        "support": 20715.0
    },
    "Affected": {
        "precision": 0.07097744360902256,
        "recall": 0.325068870523416,
        "f1-score": 0.11651444087879535,
        "support": 726.0
    },
    "accuracy": 0.8330768154470407,
    "macro avg": {
        "precision": 0.5219647650811727,
        "recall": 0.5879749373133614,
        "f1-score": 0.5121729063604401,
        "support": 21441.0
    },
    "weighted avg": {
        "precision": 0.9424108995388384,
        "recall": 0.8330768154470407,
        "f1-score": 0.8810370949016741,
        "support": 21441.0
    },
    "Accuracy": 0.8330768154470407,
    "F1 - Avg. Macro": 0.5121729063604401,
    "F1 - Positives": 0.11651444087879535
}