{
    "Not Affected": {
        "precision": 0.9703246365265883,
        "recall": 0.9407675597393194,
        "f1-score": 0.9553175322924582,
        "support": 20715.0
    },
    "Affected": {
        "precision": 0.09579955784819455,
        "recall": 0.1790633608815427,
        "f1-score": 0.12481997119539126,
        "support": 726.0
    },
    "accuracy": 0.9149759805979198,
    "macro avg": {
        "precision": 0.5330620971873914,
        "recall": 0.559915460310431,
        "f1-score": 0.5400687517439248,
        "support": 21441.0
    },
    "weighted avg": {
        "precision": 0.9407129016671828,
        "recall": 0.9149759805979198,
        "f1-score": 0.9271965850718775,
        "support": 21441.0
    },
    "Accuracy": 0.9149759805979198,
    "F1 - Avg. Macro": 0.5400687517439248,
    "F1 - Positives": 0.12481997119539126
}