{
    "Not Affected": {
        "precision": 0.9717413972888426,
        "recall": 0.899734491914072,
        "f1-score": 0.9343526757739065,
        "support": 20715.0
    },
    "Affected": {
        "precision": 0.08137992038920831,
        "recall": 0.2534435261707989,
        "f1-score": 0.12320053565450284,
        "support": 726.0
    },
    "accuracy": 0.8778508465090248,
    "macro avg": {
        "precision": 0.5265606588390255,
        "recall": 0.5765890090424355,
        "f1-score": 0.5287766057142047,
        "support": 21441.0
    },
    "weighted avg": {
        "precision": 0.9415934362688745,
        "recall": 0.8778508465090248,
        "f1-score": 0.906886771491145,
        "support": 21441.0
    },
    "Accuracy": 0.8778508465090248,
    "F1 - Avg. Macro": 0.5287766057142047,
    "F1 - Positives": 0.12320053565450284
}