{
    "Not Affected": {
        "precision": 0.9747659747659748,
        "recall": 0.8093169201062033,
        "f1-score": 0.8843698897504879,
        "support": 20715.0
    },
    "Affected": {
        "precision": 0.06883545497406883,
        "recall": 0.4022038567493113,
        "f1-score": 0.11755233494363929,
        "support": 726.0
    },
    "accuracy": 0.7955319248169395,
    "macro avg": {
        "precision": 0.5218007148700218,
        "recall": 0.6057603884277573,
        "f1-score": 0.5009611123470636,
        "support": 21441.0
    },
    "weighted avg": {
        "precision": 0.9440908403333959,
        "recall": 0.7955319248169395,
        "f1-score": 0.8584051705307792,
        "support": 21441.0
    },
    "Accuracy": 0.7955319248169395,
    "F1 - Avg. Macro": 0.5009611123470636,
    "F1 - Positives": 0.11755233494363929
}