{
    "Not Affected": {
        "precision": 0.9713392391870767,
        "recall": 0.8998310403089549,
        "f1-score": 0.9342187695777472,
        "support": 20715.0
    },
    "Affected": {
        "precision": 0.07818747223456242,
        "recall": 0.24242424242424243,
        "f1-score": 0.11823983876385623,
        "support": 726.0
    },
    "accuracy": 0.8775710088148874,
    "macro avg": {
        "precision": 0.5247633557108196,
        "recall": 0.5711276413665987,
        "f1-score": 0.5262293041708017,
        "support": 21441.0
    },
    "weighted avg": {
        "precision": 0.9410967979386495,
        "recall": 0.8775710088148874,
        "f1-score": 0.9065894284196442,
        "support": 21441.0
    },
    "Accuracy": 0.8775710088148874,
    "F1 - Avg. Macro": 0.5262293041708017,
    "F1 - Positives": 0.11823983876385623
}