{
    "Not Affected": {
        "precision": 0.9701384955980024,
        "recall": 0.9096307023895728,
        "f1-score": 0.9389107578852958,
        "support": 20715.0
    },
    "Affected": {
        "precision": 0.07234886025768088,
        "recall": 0.20110192837465565,
        "f1-score": 0.10641399416909621,
        "support": 726.0
    },
    "accuracy": 0.8856396623291825,
    "macro avg": {
        "precision": 0.5212436779278417,
        "recall": 0.5553663153821142,
        "f1-score": 0.522662376027196,
        "support": 21441.0
    },
    "weighted avg": {
        "precision": 0.9397390144517371,
        "recall": 0.8856396623291825,
        "f1-score": 0.9107221169423378,
        "support": 21441.0
    },
    "Accuracy": 0.8856396623291825,
    "F1 - Avg. Macro": 0.522662376027196,
    "F1 - Positives": 0.10641399416909621
}