{
    "Not Affected": {
        "precision": 0.6538461538461539,
        "recall": 0.6666666666666666,
        "f1-score": 0.6601941747572816,
        "support": 51.0
    },
    "Affected": {
        "precision": 0.907103825136612,
        "recall": 0.9021739130434783,
        "f1-score": 0.9046321525885559,
        "support": 184.0
    },
    "accuracy": 0.851063829787234,
    "macro avg": {
        "precision": 0.7804749894913829,
        "recall": 0.7844202898550725,
        "f1-score": 0.7824131636729188,
        "support": 235.0
    },
    "weighted avg": {
        "precision": 0.8521415220054912,
        "recall": 0.851063829787234,
        "f1-score": 0.8515839105911304,
        "support": 235.0
    },
    "Accuracy": 0.851063829787234,
    "F1 - Avg. Macro": 0.7824131636729188,
    "F1 - Positives": 0.9046321525885559
}