{
    "Not Affected": {
        "precision": 0.9732234809474768,
        "recall": 0.8667632150615496,
        "f1-score": 0.9169134919824329,
        "support": 20715.0
    },
    "Affected": {
        "precision": 0.07754010695187166,
        "recall": 0.31955922865013775,
        "f1-score": 0.12479827864443249,
        "support": 726.0
    },
    "accuracy": 0.8482346905461499,
    "macro avg": {
        "precision": 0.5253817939496742,
        "recall": 0.5931612218558437,
        "f1-score": 0.5208558853134326,
        "support": 21441.0
    },
    "weighted avg": {
        "precision": 0.9428953185706843,
        "recall": 0.8482346905461499,
        "f1-score": 0.890092184912642,
        "support": 21441.0
    },
    "Accuracy": 0.8482346905461499,
    "F1 - Avg. Macro": 0.5208558853134326,
    "F1 - Positives": 0.12479827864443249
}