{
    "Not Affected": {
        "precision": 0.9722918051224375,
        "recall": 0.9181269611392711,
        "f1-score": 0.9444334094746251,
        "support": 20715.0
    },
    "Affected": {
        "precision": 0.09787234042553192,
        "recall": 0.2534435261707989,
        "f1-score": 0.14121258633921718,
        "support": 726.0
    },
    "accuracy": 0.8956205400867497,
    "macro avg": {
        "precision": 0.5350820727739847,
        "recall": 0.585785243655035,
        "f1-score": 0.5428229979069211,
        "support": 21441.0
    },
    "weighted avg": {
        "precision": 0.942683646390571,
        "recall": 0.8956205400867497,
        "f1-score": 0.9172360624480729,
        "support": 21441.0
    },
    "Accuracy": 0.8956205400867497,
    "F1 - Avg. Macro": 0.5428229979069211,
    "F1 - Positives": 0.14121258633921718
}