{
    "Not Affected": {
        "precision": 0.9720601146516552,
        "recall": 0.908616944243302,
        "f1-score": 0.939268426568192,
        "support": 20715.0
    },
    "Affected": {
        "precision": 0.08902791145332051,
        "recall": 0.2548209366391185,
        "f1-score": 0.13195435092724678,
        "support": 726.0
    },
    "accuracy": 0.8864791754115946,
    "macro avg": {
        "precision": 0.5305440130524879,
        "recall": 0.5817189404412102,
        "f1-score": 0.5356113887477194,
        "support": 21441.0
    },
    "weighted avg": {
        "precision": 0.9421603254850123,
        "recall": 0.8864791754115946,
        "f1-score": 0.9119324805341764,
        "support": 21441.0
    },
    "Accuracy": 0.8864791754115946,
    "F1 - Avg. Macro": 0.5356113887477194,
    "F1 - Positives": 0.13195435092724678
}