{
    "Not Affected": {
        "precision": 0.972026836922411,
        "recall": 0.8672459570359643,
        "f1-score": 0.9166517845753501,
        "support": 20715.0
    },
    "Affected": {
        "precision": 0.07063197026022305,
        "recall": 0.2878787878787879,
        "f1-score": 0.11343283582089553,
        "support": 726.0
    },
    "accuracy": 0.8476283755421855,
    "macro avg": {
        "precision": 0.521329403591317,
        "recall": 0.5775623724573761,
        "f1-score": 0.5150423101981229,
        "support": 21441.0
    },
    "weighted avg": {
        "precision": 0.9415052813421327,
        "recall": 0.8476283755421855,
        "f1-score": 0.8894545010160136,
        "support": 21441.0
    },
    "Accuracy": 0.8476283755421855,
    "F1 - Avg. Macro": 0.5150423101981229,
    "F1 - Positives": 0.11343283582089553
}