{
    "Not Affected": {
        "precision": 0.9706597825547336,
        "recall": 0.9438571083755732,
        "f1-score": 0.9570708306818738,
        "support": 20715.0
    },
    "Affected": {
        "precision": 0.10400616332819723,
        "recall": 0.1859504132231405,
        "f1-score": 0.13339920948616601,
        "support": 726.0
    },
    "accuracy": 0.9181941140805,
    "macro avg": {
        "precision": 0.5373329729414654,
        "recall": 0.5649037607993569,
        "f1-score": 0.5452350200840199,
        "support": 21441.0
    },
    "weighted avg": {
        "precision": 0.9413145781538912,
        "recall": 0.9181941140805,
        "f1-score": 0.9291810122504535,
        "support": 21441.0
    },
    "Accuracy": 0.9181941140805,
    "F1 - Avg. Macro": 0.5452350200840199,
    "F1 - Positives": 0.13339920948616601
}