{
    "Not Affected": {
        "precision": 0.75,
        "recall": 0.5294117647058824,
        "f1-score": 0.6206896551724138,
        "support": 51.0
    },
    "Affected": {
        "precision": 0.8793969849246231,
        "recall": 0.9510869565217391,
        "f1-score": 0.9138381201044387,
        "support": 184.0
    },
    "accuracy": 0.8595744680851064,
    "macro avg": {
        "precision": 0.8146984924623115,
        "recall": 0.7402493606138107,
        "f1-score": 0.7672638876384262,
        "support": 235.0
    },
    "weighted avg": {
        "precision": 0.851315086068641,
        "recall": 0.8595744680851064,
        "f1-score": 0.8502186660128077,
        "support": 235.0
    },
    "Accuracy": 0.8595744680851064,
    "F1 - Avg. Macro": 0.7672638876384262,
    "F1 - Positives": 0.9138381201044387
}