{
    "Not Affected": {
        "precision": 0.9722484320364101,
        "recall": 0.8456191165821868,
        "f1-score": 0.9045233915108953,
        "support": 20715.0
    },
    "Affected": {
        "precision": 0.06600467289719626,
        "recall": 0.31129476584022037,
        "f1-score": 0.10891566265060242,
        "support": 726.0
    },
    "accuracy": 0.8275267011799823,
    "macro avg": {
        "precision": 0.5191265524668032,
        "recall": 0.5784569412112036,
        "f1-score": 0.5067195270807489,
        "support": 21441.0
    },
    "weighted avg": {
        "precision": 0.9415626912064549,
        "recall": 0.8275267011799823,
        "f1-score": 0.8775838266047543,
        "support": 21441.0
    },
    "Accuracy": 0.8275267011799823,
    "F1 - Avg. Macro": 0.5067195270807489,
    "F1 - Positives": 0.10891566265060242
}