{
    "0": {
        "precision": 0.9706042191591324,
        "recall": 0.9483948829350712,
        "f1-score": 0.9593710323273758,
        "support": 20715.0
    },
    "1": {
        "precision": 0.10916666666666666,
        "recall": 0.18044077134986225,
        "f1-score": 0.1360332294911734,
        "support": 726.0
    },
    "accuracy": 0.922391679492561,
    "macro avg": {
        "precision": 0.5398854429128995,
        "recall": 0.5644178271424667,
        "f1-score": 0.5477021309092746,
        "support": 21441.0
    },
    "weighted avg": {
        "precision": 0.9414356326608567,
        "recall": 0.922391679492561,
        "f1-score": 0.9314925171061135,
        "support": 21441.0
    },
    "Accuracy": 0.922391679492561,
    "F1 - Avg. Macro": 0.5477021309092746,
    "F1 - Positives": 0.1360332294911734
}