{
    "Not Affected": {
        "precision": 0.9720766915616988,
        "recall": 0.8419502775766353,
        "f1-score": 0.9023462762242285,
        "support": 20715.0
    },
    "Affected": {
        "precision": 0.06430408688196627,
        "recall": 0.30991735537190085,
        "f1-score": 0.10650887573964497,
        "support": 726.0
    },
    "accuracy": 0.8239354507718857,
    "macro avg": {
        "precision": 0.5181903892218326,
        "recall": 0.5759338164742681,
        "f1-score": 0.5044275759819368,
        "support": 21441.0
    },
    "weighted avg": {
        "precision": 0.9413391834698428,
        "recall": 0.8239354507718857,
        "f1-score": 0.8753989345539795,
        "support": 21441.0
    },
    "Accuracy": 0.8239354507718857,
    "F1 - Avg. Macro": 0.5044275759819368,
    "F1 - Positives": 0.10650887573964497
}