{
    "Not Affected": {
        "precision": 0.9694177801360282,
        "recall": 0.970166545981173,
        "f1-score": 0.9697920185301356,
        "support": 20715.0
    },
    "Affected": {
        "precision": 0.1295774647887324,
        "recall": 0.12672176308539945,
        "f1-score": 0.12813370473537605,
        "support": 726.0
    },
    "accuracy": 0.9416072011566625,
    "macro avg": {
        "precision": 0.5494976224623803,
        "recall": 0.5484441545332862,
        "f1-score": 0.5489628616327559,
        "support": 21441.0
    },
    "weighted avg": {
        "precision": 0.9409804838838881,
        "recall": 0.9416072011566625,
        "f1-score": 0.941293164194284,
        "support": 21441.0
    },
    "Accuracy": 0.9416072011566625,
    "F1 - Avg. Macro": 0.5489628616327559,
    "F1 - Positives": 0.12813370473537605
}