{
    "Not Affected": {
        "precision": 0.9698720183257806,
        "recall": 0.9401882693700218,
        "f1-score": 0.9547994901460928,
        "support": 20715.0
    },
    "Affected": {
        "precision": 0.08897058823529412,
        "recall": 0.16666666666666666,
        "f1-score": 0.11601150527325024,
        "support": 726.0
    },
    "accuracy": 0.9139965486684389,
    "macro avg": {
        "precision": 0.5294213032805374,
        "recall": 0.5534274680183442,
        "f1-score": 0.5354054977096715,
        "support": 21441.0
    },
    "weighted avg": {
        "precision": 0.9400443779057586,
        "recall": 0.9139965486684389,
        "f1-score": 0.926397826183699,
        "support": 21441.0
    },
    "Accuracy": 0.9139965486684389,
    "F1 - Avg. Macro": 0.5354054977096715,
    "F1 - Positives": 0.11601150527325024
}