{
    "Not Affected": {
        "precision": 0.9722175450412527,
        "recall": 0.8362056480811006,
        "f1-score": 0.8990968545624416,
        "support": 20715.0
    },
    "Affected": {
        "precision": 0.06374172185430464,
        "recall": 0.3181818181818182,
        "f1-score": 0.10620689655172413,
        "support": 726.0
    },
    "accuracy": 0.8186651741989646,
    "macro avg": {
        "precision": 0.5179796334477786,
        "recall": 0.5771937331314594,
        "f1-score": 0.5026518755570829,
        "support": 21441.0
    },
    "weighted avg": {
        "precision": 0.9414562257168871,
        "recall": 0.8186651741989646,
        "f1-score": 0.8722493143583568,
        "support": 21441.0
    },
    "Accuracy": 0.8186651741989646,
    "F1 - Avg. Macro": 0.5026518755570829,
    "F1 - Positives": 0.10620689655172413
}