{
    "Not Affected": {
        "precision": 0.9725194156302612,
        "recall": 0.8644460535843591,
        "f1-score": 0.9153036188918422,
        "support": 20715.0
    },
    "Affected": {
        "precision": 0.0726552179656539,
        "recall": 0.30303030303030304,
        "f1-score": 0.11720831113478956,
        "support": 726.0
    },
    "accuracy": 0.8454363136047759,
    "macro avg": {
        "precision": 0.5225873167979576,
        "recall": 0.5837381783073311,
        "f1-score": 0.5162559650133158,
        "support": 21441.0
    },
    "weighted avg": {
        "precision": 0.9420496890547981,
        "recall": 0.8454363136047759,
        "f1-score": 0.888279823666264,
        "support": 21441.0
    },
    "Accuracy": 0.8454363136047759,
    "F1 - Avg. Macro": 0.5162559650133158,
    "F1 - Positives": 0.11720831113478956
}