{
    "Not Affected": {
        "precision": 0.9724997255461632,
        "recall": 0.8552739560704803,
        "f1-score": 0.9101276552025274,
        "support": 20715.0
    },
    "Affected": {
        "precision": 0.06981073533974558,
        "recall": 0.30991735537190085,
        "f1-score": 0.1139528994682198,
        "support": 726.0
    },
    "accuracy": 0.8368079847022061,
    "macro avg": {
        "precision": 0.5211552304429543,
        "recall": 0.5825956557211905,
        "f1-score": 0.5120402773353736,
        "support": 21441.0
    },
    "weighted avg": {
        "precision": 0.9419343504755107,
        "recall": 0.8368079847022061,
        "f1-score": 0.8831688905617406,
        "support": 21441.0
    },
    "Accuracy": 0.8368079847022061,
    "F1 - Avg. Macro": 0.5120402773353736,
    "F1 - Positives": 0.1139528994682198
}