{
    "Not Affected": {
        "precision": 0.971344964664311,
        "recall": 0.8492879555877384,
        "f1-score": 0.9062250495789013,
        "support": 20715.0
    },
    "Affected": {
        "precision": 0.06218083508561129,
        "recall": 0.28512396694214875,
        "f1-score": 0.10209617755856967,
        "support": 726.0
    },
    "accuracy": 0.8301851592742876,
    "macro avg": {
        "precision": 0.5167628998749612,
        "recall": 0.5672059612649436,
        "f1-score": 0.5041606135687354,
        "support": 21441.0
    },
    "weighted avg": {
        "precision": 0.9405603390370483,
        "recall": 0.8301851592742876,
        "f1-score": 0.8789969556893084,
        "support": 21441.0
    },
    "Accuracy": 0.8301851592742876,
    "F1 - Avg. Macro": 0.5041606135687354,
    "F1 - Positives": 0.10209617755856967
}