{
    "Not Affected": {
        "precision": 0.9713432523051132,
        "recall": 0.8950518947622496,
        "f1-score": 0.9316383187196945,
        "support": 20715.0
    },
    "Affected": {
        "precision": 0.07607309817254569,
        "recall": 0.2465564738292011,
        "f1-score": 0.1162715167262098,
        "support": 726.0
    },
    "accuracy": 0.873093605708689,
    "macro avg": {
        "precision": 0.5237081752388294,
        "recall": 0.5708041842957253,
        "f1-score": 0.5239549177229521,
        "support": 21441.0
    },
    "weighted avg": {
        "precision": 0.9410290817020517,
        "recall": 0.873093605708689,
        "f1-score": 0.9040297044644233,
        "support": 21441.0
    },
    "Accuracy": 0.873093605708689,
    "F1 - Avg. Macro": 0.5239549177229521,
    "F1 - Positives": 0.1162715167262098
}