{
    "Not Affected": {
        "precision": 0.9707944514501892,
        "recall": 0.9290852039584842,
        "f1-score": 0.9494819930932412,
        "support": 20715.0
    },
    "Affected": {
        "precision": 0.09096534653465346,
        "recall": 0.2024793388429752,
        "f1-score": 0.125533731853117,
        "support": 726.0
    },
    "accuracy": 0.9044820670677673,
    "macro avg": {
        "precision": 0.5308798989924213,
        "recall": 0.5657822714007297,
        "f1-score": 0.537507862473179,
        "support": 21441.0
    },
    "weighted avg": {
        "precision": 0.9410031203476903,
        "recall": 0.9044820670677673,
        "f1-score": 0.9215828075300525,
        "support": 21441.0
    },
    "Accuracy": 0.9044820670677673,
    "F1 - Avg. Macro": 0.537507862473179,
    "F1 - Positives": 0.125533731853117
}