{
    "Not Affected": {
        "precision": 0.9704028366000197,
        "recall": 0.9512430605841178,
        "f1-score": 0.960727432290778,
        "support": 20715.0
    },
    "Affected": {
        "precision": 0.11013215859030837,
        "recall": 0.1721763085399449,
        "f1-score": 0.13433637829124126,
        "support": 726.0
    },
    "accuracy": 0.924863579124108,
    "macro avg": {
        "precision": 0.540267497595164,
        "recall": 0.5617096845620313,
        "f1-score": 0.5475319052910096,
        "support": 21441.0
    },
    "weighted avg": {
        "precision": 0.9412737608929609,
        "recall": 0.924863579124108,
        "f1-score": 0.9327455328829302,
        "support": 21441.0
    },
    "Accuracy": 0.924863579124108,
    "F1 - Avg. Macro": 0.5475319052910096,
    "F1 - Positives": 0.13433637829124126
}