{
    "Not Affected": {
        "precision": 0.9709308163470228,
        "recall": 0.9335747043205407,
        "f1-score": 0.9518863977555189,
        "support": 20715.0
    },
    "Affected": {
        "precision": 0.09652002626395273,
        "recall": 0.2024793388429752,
        "f1-score": 0.13072476656291684,
        "support": 726.0
    },
    "accuracy": 0.9088195513268971,
    "macro avg": {
        "precision": 0.5337254213054878,
        "recall": 0.568027021581758,
        "f1-score": 0.5413055821592179,
        "support": 21441.0
    },
    "weighted avg": {
        "precision": 0.9413229513407122,
        "recall": 0.9088195513268971,
        "f1-score": 0.9240815684916865,
        "support": 21441.0
    },
    "Accuracy": 0.9088195513268971,
    "F1 - Avg. Macro": 0.5413055821592179,
    "F1 - Positives": 0.13072476656291684
}