{
    "Not Affected": {
        "precision": 0.97101595637245,
        "recall": 0.9283128167994207,
        "f1-score": 0.9491843332757471,
        "support": 20715.0
    },
    "Affected": {
        "precision": 0.09285277947464875,
        "recall": 0.209366391184573,
        "f1-score": 0.12865002115954297,
        "support": 726.0
    },
    "accuracy": 0.9039690312951821,
    "macro avg": {
        "precision": 0.5319343679235493,
        "recall": 0.5688396039919968,
        "f1-score": 0.5389171772176451,
        "support": 21441.0
    },
    "weighted avg": {
        "precision": 0.9412810341940159,
        "recall": 0.9039690312951821,
        "f1-score": 0.921400745262298,
        "support": 21441.0
    },
    "Accuracy": 0.9039690312951821,
    "F1 - Avg. Macro": 0.5389171772176451,
    "F1 - Positives": 0.12865002115954297
}