{
    "Not Affected": {
        "precision": 0.9720079232693911,
        "recall": 0.9001689596910452,
        "f1-score": 0.9347101431113561,
        "support": 20715.0
    },
    "Affected": {
        "precision": 0.08373947718210013,
        "recall": 0.2603305785123967,
        "f1-score": 0.12671806905799532,
        "support": 726.0
    },
    "accuracy": 0.8785038011286787,
    "macro avg": {
        "precision": 0.5278737002257456,
        "recall": 0.580249769101721,
        "f1-score": 0.5307141060846757,
        "support": 21441.0
    },
    "weighted avg": {
        "precision": 0.9419308330282936,
        "recall": 0.8785038011286787,
        "f1-score": 0.9073512398063454,
        "support": 21441.0
    },
    "Accuracy": 0.8785038011286787,
    "F1 - Avg. Macro": 0.5307141060846757,
    "F1 - Positives": 0.12671806905799532
}