{
    "Not Affected": {
        "precision": 0.9717215148007277,
        "recall": 0.8509775524981897,
        "f1-score": 0.907350216182829,
        "support": 20715.0
    },
    "Affected": {
        "precision": 0.06454545454545454,
        "recall": 0.29338842975206614,
        "f1-score": 0.10581222056631892,
        "support": 726.0
    },
    "accuracy": 0.8320973835175598,
    "macro avg": {
        "precision": 0.5181334846730911,
        "recall": 0.5721829911251279,
        "f1-score": 0.5065812183745739,
        "support": 21441.0
    },
    "weighted avg": {
        "precision": 0.9410042059184308,
        "recall": 0.8320973835175598,
        "f1-score": 0.8802098503035516,
        "support": 21441.0
    },
    "Accuracy": 0.8320973835175598,
    "F1 - Avg. Macro": 0.5065812183745739,
    "F1 - Positives": 0.10581222056631892
}