{
    "Not Affected": {
        "precision": 0.9704235818677236,
        "recall": 0.945594979483466,
        "f1-score": 0.9578484107579462,
        "support": 20715.0
    },
    "Affected": {
        "precision": 0.10270700636942676,
        "recall": 0.17768595041322313,
        "f1-score": 0.1301715438950555,
        "support": 726.0
    },
    "accuracy": 0.919593302551187,
    "macro avg": {
        "precision": 0.5365652941185752,
        "recall": 0.5616404649483446,
        "f1-score": 0.5440099773265009,
        "support": 21441.0
    },
    "weighted avg": {
        "precision": 0.941042385383802,
        "recall": 0.919593302551187,
        "f1-score": 0.9298229732623788,
        "support": 21441.0
    },
    "Accuracy": 0.919593302551187,
    "F1 - Avg. Macro": 0.5440099773265009,
    "F1 - Positives": 0.1301715438950555
}