{
    "Not Affected": {
        "precision": 0.9711020490358959,
        "recall": 0.9311609944484673,
        "f1-score": 0.9507122085859333,
        "support": 20715.0
    },
    "Affected": {
        "precision": 0.09632446134347275,
        "recall": 0.209366391184573,
        "f1-score": 0.13194444444444445,
        "support": 726.0
    },
    "accuracy": 0.9067207686208666,
    "macro avg": {
        "precision": 0.5337132551896844,
        "recall": 0.5702636928165201,
        "f1-score": 0.5413283265151889,
        "support": 21441.0
    },
    "weighted avg": {
        "precision": 0.9414817641301219,
        "recall": 0.9067207686208666,
        "f1-score": 0.9229884365246153,
        "support": 21441.0
    },
    "Accuracy": 0.9067207686208666,
    "F1 - Avg. Macro": 0.5413283265151889,
    "F1 - Positives": 0.13194444444444445
}