{
    "Not Affected": {
        "precision": 0.9701863354037267,
        "recall": 0.9048515568428674,
        "f1-score": 0.9363806669164481,
        "support": 20715.0
    },
    "Affected": {
        "precision": 0.07072135785007072,
        "recall": 0.2066115702479339,
        "f1-score": 0.1053740779768177,
        "support": 726.0
    },
    "accuracy": 0.8812088988386736,
    "macro avg": {
        "precision": 0.5204538466268986,
        "recall": 0.5557315635454007,
        "f1-score": 0.5208773724466329,
        "support": 21441.0
    },
    "weighted avg": {
        "precision": 0.939730126565335,
        "recall": 0.8812088988386736,
        "f1-score": 0.9082424838293639,
        "support": 21441.0
    },
    "Accuracy": 0.8812088988386736,
    "F1 - Avg. Macro": 0.5208773724466329,
    "F1 - Positives": 0.1053740779768177
}