{
    "Not Affected": {
        "precision": 0.9712402014224161,
        "recall": 0.9031619599324161,
        "f1-score": 0.9359647806293462,
        "support": 20715.0
    },
    "Affected": {
        "precision": 0.07897153351698806,
        "recall": 0.2369146005509642,
        "f1-score": 0.1184573002754821,
        "support": 726.0
    },
    "accuracy": 0.8806025838347092,
    "macro avg": {
        "precision": 0.5251058674697021,
        "recall": 0.5700382802416901,
        "f1-score": 0.5272110404524142,
        "support": 21441.0
    },
    "weighted avg": {
        "precision": 0.9410276622265138,
        "recall": 0.8806025838347092,
        "f1-score": 0.9082836822320278,
        "support": 21441.0
    },
    "Accuracy": 0.8806025838347092,
    "F1 - Avg. Macro": 0.5272110404524142,
    "F1 - Positives": 0.1184573002754821
}