{
    "Not Affected": {
        "precision": 0.6944444444444444,
        "recall": 0.49019607843137253,
        "f1-score": 0.5747126436781609,
        "support": 51.0
    },
    "Affected": {
        "precision": 0.8693467336683417,
        "recall": 0.9402173913043478,
        "f1-score": 0.9033942558746736,
        "support": 184.0
    },
    "accuracy": 0.8425531914893617,
    "macro avg": {
        "precision": 0.781895589056393,
        "recall": 0.7152067348678601,
        "f1-score": 0.7390534497764172,
        "support": 235.0
    },
    "weighted avg": {
        "precision": 0.8313892155814533,
        "recall": 0.8425531914893617,
        "f1-score": 0.8320633528022391,
        "support": 235.0
    },
    "Accuracy": 0.8425531914893617,
    "F1 - Avg. Macro": 0.7390534497764172,
    "F1 - Positives": 0.9033942558746736
}