{
    "Not Affected": {
        "precision": 0.9701924087898223,
        "recall": 0.8909003137822834,
        "f1-score": 0.9288572363288623,
        "support": 20715.0
    },
    "Affected": {
        "precision": 0.06572964034725093,
        "recall": 0.2190082644628099,
        "f1-score": 0.10111287758346582,
        "support": 726.0
    },
    "accuracy": 0.8681498064455949,
    "macro avg": {
        "precision": 0.5179610245685367,
        "recall": 0.5549542891225466,
        "f1-score": 0.514985056956164,
        "support": 21441.0
    },
    "weighted avg": {
        "precision": 0.9395669729477765,
        "recall": 0.8681498064455949,
        "f1-score": 0.9008295135337895,
        "support": 21441.0
    },
    "Accuracy": 0.8681498064455949,
    "F1 - Avg. Macro": 0.514985056956164,
    "F1 - Positives": 0.10111287758346582
}