{
    "Not Affected": {
        "precision": 0.9710211357270181,
        "recall": 0.92039584841902,
        "f1-score": 0.9450309789343246,
        "support": 20715.0
    },
    "Affected": {
        "precision": 0.08693244739756367,
        "recall": 0.2162534435261708,
        "f1-score": 0.1240126382306477,
        "support": 726.0
    },
    "accuracy": 0.896553332400541,
    "macro avg": {
        "precision": 0.5289767915622909,
        "recall": 0.5683246459725954,
        "f1-score": 0.5345218085824862,
        "support": 21441.0
    },
    "weighted avg": {
        "precision": 0.9410855735924541,
        "recall": 0.896553332400541,
        "f1-score": 0.9172310015381737,
        "support": 21441.0
    },
    "Accuracy": 0.896553332400541,
    "F1 - Avg. Macro": 0.5345218085824862,
    "F1 - Positives": 0.1240126382306477
}