{
    "Not Affected": {
        "precision": 0.9739447628973423,
        "recall": 0.7217958001448226,
        "f1-score": 0.8291235755676934,
        "support": 20715.0
    },
    "Affected": {
        "precision": 0.053539168993266543,
        "recall": 0.4490358126721763,
        "f1-score": 0.09567131327953045,
        "support": 726.0
    },
    "accuracy": 0.7125600485052003,
    "macro avg": {
        "precision": 0.5137419659453044,
        "recall": 0.5854158064084994,
        "f1-score": 0.46239744442361197,
        "support": 21441.0
    },
    "weighted avg": {
        "precision": 0.9427794972299594,
        "recall": 0.7125600485052003,
        "f1-score": 0.8042886171972254,
        "support": 21441.0
    },
    "Accuracy": 0.7125600485052003,
    "F1 - Avg. Macro": 0.46239744442361197,
    "F1 - Positives": 0.09567131327953045
}