{
    "Not Affected": {
        "precision": 0.9722131770324541,
        "recall": 0.8647839729664495,
        "f1-score": 0.9153572979739915,
        "support": 20715.0
    },
    "Affected": {
        "precision": 0.07097844112769486,
        "recall": 0.29476584022038566,
        "f1-score": 0.11440791232290831,
        "support": 726.0
    },
    "accuracy": 0.8454829532204655,
    "macro avg": {
        "precision": 0.5215958090800745,
        "recall": 0.5797749065934176,
        "f1-score": 0.5148826051484499,
        "support": 21441.0
    },
    "weighted avg": {
        "precision": 0.9416970435374281,
        "recall": 0.8454829532204655,
        "f1-score": 0.8882368626406261,
        "support": 21441.0
    },
    "Accuracy": 0.8454829532204655,
    "F1 - Avg. Macro": 0.5148826051484499,
    "F1 - Positives": 0.11440791232290831
}