{
    "Not Affected": {
        "precision": 0.9689540040863108,
        "recall": 0.9386434950518948,
        "f1-score": 0.9535579422294149,
        "support": 20715.0
    },
    "Affected": {
        "precision": 0.07496360989810771,
        "recall": 0.1418732782369146,
        "f1-score": 0.0980952380952381,
        "support": 726.0
    },
    "accuracy": 0.9116645678839607,
    "macro avg": {
        "precision": 0.5219588069922093,
        "recall": 0.5402583866444047,
        "f1-score": 0.5258265901623265,
        "support": 21441.0
    },
    "weighted avg": {
        "precision": 0.9386831666169468,
        "recall": 0.9116645678839607,
        "f1-score": 0.924591666253415,
        "support": 21441.0
    },
    "Accuracy": 0.9116645678839607,
    "F1 - Avg. Macro": 0.5258265901623265,
    "F1 - Positives": 0.0980952380952381
}