{
    "Not Affected": {
        "precision": 0.9740193581253184,
        "recall": 0.7384021240646874,
        "f1-score": 0.8400010983277959,
        "support": 20715.0
    },
    "Affected": {
        "precision": 0.0554296670733833,
        "recall": 0.4380165289256198,
        "f1-score": 0.09840631285780597,
        "support": 726.0
    },
    "accuracy": 0.7282309593768947,
    "macro avg": {
        "precision": 0.5147245125993508,
        "recall": 0.5882093264951536,
        "f1-score": 0.46920370559280095,
        "support": 21441.0
    },
    "weighted avg": {
        "precision": 0.9429155795840327,
        "recall": 0.7282309593768947,
        "f1-score": 0.8148904311830166,
        "support": 21441.0
    },
    "Accuracy": 0.7282309593768947,
    "F1 - Avg. Macro": 0.46920370559280095,
    "F1 - Positives": 0.09840631285780597
}