{
    "Not Affected": {
        "precision": 0.9718041340557897,
        "recall": 0.9350712044412262,
        "f1-score": 0.9530838684281743,
        "support": 20715.0
    },
    "Affected": {
        "precision": 0.10868124585818423,
        "recall": 0.22589531680440772,
        "f1-score": 0.14675615212527965,
        "support": 726.0
    },
    "accuracy": 0.9110582528799963,
    "macro avg": {
        "precision": 0.540242689956987,
        "recall": 0.580483260622817,
        "f1-score": 0.549920010276727,
        "support": 21441.0
    },
    "weighted avg": {
        "precision": 0.9425784814821474,
        "recall": 0.9110582528799963,
        "f1-score": 0.9257813208774117,
        "support": 21441.0
    },
    "Accuracy": 0.9110582528799963,
    "F1 - Avg. Macro": 0.549920010276727,
    "F1 - Positives": 0.14675615212527965
}