{
    "Not Affected": {
        "precision": 0.970023419203747,
        "recall": 0.8997827661115134,
        "f1-score": 0.9335837716003005,
        "support": 20715.0
    },
    "Affected": {
        "precision": 0.0673854447439353,
        "recall": 0.2066115702479339,
        "f1-score": 0.1016260162601626,
        "support": 726.0
    },
    "accuracy": 0.876311739191269,
    "macro avg": {
        "precision": 0.5187044319738412,
        "recall": 0.5531971681797236,
        "f1-score": 0.5176048939302316,
        "support": 21441.0
    },
    "weighted avg": {
        "precision": 0.9394597715446908,
        "recall": 0.876311739191269,
        "f1-score": 0.905413381675533,
        "support": 21441.0
    },
    "Accuracy": 0.876311739191269,
    "F1 - Avg. Macro": 0.5176048939302316,
    "F1 - Positives": 0.1016260162601626
}