{
    "Not Affected": {
        "precision": 0.9704778330120727,
        "recall": 0.9235819454501569,
        "f1-score": 0.9464493309258206,
        "support": 20715.0
    },
    "Affected": {
        "precision": 0.08338158656629995,
        "recall": 0.19834710743801653,
        "f1-score": 0.11740725642070933,
        "support": 726.0
    },
    "accuracy": 0.8990252320320881,
    "macro avg": {
        "precision": 0.5269297097891863,
        "recall": 0.5609645264440868,
        "f1-score": 0.531928293673265,
        "support": 21441.0
    },
    "weighted avg": {
        "precision": 0.94044043387399,
        "recall": 0.8990252320320881,
        "f1-score": 0.9183776670066605,
        "support": 21441.0
    },
    "Accuracy": 0.8990252320320881,
    "F1 - Avg. Macro": 0.531928293673265,
    "F1 - Positives": 0.11740725642070933
}