{
    "Not Affected": {
        "precision": 0.9691714836223507,
        "recall": 0.9712768525223268,
        "f1-score": 0.9702230259192285,
        "support": 20715.0
    },
    "Affected": {
        "precision": 0.1262848751835536,
        "recall": 0.1184573002754821,
        "f1-score": 0.12224591329068941,
        "support": 726.0
    },
    "accuracy": 0.9424000746233852,
    "macro avg": {
        "precision": 0.5477281794029522,
        "recall": 0.5448670763989044,
        "f1-score": 0.5462344696049589,
        "support": 21441.0
    },
    "weighted avg": {
        "precision": 0.940631038786449,
        "recall": 0.9424000746233852,
        "f1-score": 0.9415102147738379,
        "support": 21441.0
    },
    "Accuracy": 0.9424000746233852,
    "F1 - Avg. Macro": 0.5462344696049589,
    "F1 - Positives": 0.12224591329068941
}