{
    "Not Affected": {
        "precision": 0.6808510638297872,
        "recall": 0.6274509803921569,
        "f1-score": 0.6530612244897959,
        "support": 51.0
    },
    "Affected": {
        "precision": 0.898936170212766,
        "recall": 0.9184782608695652,
        "f1-score": 0.9086021505376344,
        "support": 184.0
    },
    "accuracy": 0.8553191489361702,
    "macro avg": {
        "precision": 0.7898936170212766,
        "recall": 0.772964620630861,
        "f1-score": 0.7808316875137151,
        "support": 235.0
    },
    "weighted avg": {
        "precision": 0.8516070620190132,
        "recall": 0.8553191489361702,
        "f1-score": 0.8531443325442737,
        "support": 235.0
    },
    "Accuracy": 0.8553191489361702,
    "F1 - Avg. Macro": 0.7808316875137151,
    "F1 - Positives": 0.9086021505376344
}