{
    "Not Affected": {
        "precision": 0.9699095805128712,
        "recall": 0.9476224957760078,
        "f1-score": 0.9586365190213411,
        "support": 20715.0
    },
    "Affected": {
        "precision": 0.0973377703826955,
        "recall": 0.16115702479338842,
        "f1-score": 0.12136929460580913,
        "support": 726.0
    },
    "accuracy": 0.920992491021874,
    "macro avg": {
        "precision": 0.5336236754477833,
        "recall": 0.5543897602846981,
        "f1-score": 0.5400029068135751,
        "support": 21441.0
    },
    "weighted avg": {
        "precision": 0.94036398403162,
        "recall": 0.920992491021874,
        "f1-score": 0.9302863485570122,
        "support": 21441.0
    },
    "Accuracy": 0.920992491021874,
    "F1 - Avg. Macro": 0.5400029068135751,
    "F1 - Positives": 0.12136929460580913
}