{
    "Not Affected": {
        "precision": 0.9706045200583883,
        "recall": 0.9308713492638185,
        "f1-score": 0.9503228032132472,
        "support": 20715.0
    },
    "Affected": {
        "precision": 0.09021601016518424,
        "recall": 0.19559228650137742,
        "f1-score": 0.12347826086956522,
        "support": 726.0
    },
    "accuracy": 0.9059745347698335,
    "macro avg": {
        "precision": 0.5304102651117862,
        "recall": 0.563231817882598,
        "f1-score": 0.5369005320414062,
        "support": 21441.0
    },
    "weighted avg": {
        "precision": 0.9407942473014055,
        "recall": 0.9059745347698335,
        "f1-score": 0.9223255485263618,
        "support": 21441.0
    },
    "Accuracy": 0.9059745347698335,
    "F1 - Avg. Macro": 0.5369005320414062,
    "F1 - Positives": 0.12347826086956522
}