{
    "Not Affected": {
        "precision": 0.9699128268991283,
        "recall": 0.9399468983828144,
        "f1-score": 0.9546947781318951,
        "support": 20715.0
    },
    "Affected": {
        "precision": 0.08931185944363104,
        "recall": 0.16804407713498623,
        "f1-score": 0.11663479923518165,
        "support": 726.0
    },
    "accuracy": 0.9138099902056807,
    "macro avg": {
        "precision": 0.5296123431713796,
        "recall": 0.5539954877589003,
        "f1-score": 0.5356647886835384,
        "support": 21441.0
    },
    "weighted avg": {
        "precision": 0.940095360252391,
        "recall": 0.9138099902056807,
        "f1-score": 0.9263177647146564,
        "support": 21441.0
    },
    "Accuracy": 0.9138099902056807,
    "F1 - Avg. Macro": 0.5356647886835384,
    "F1 - Positives": 0.11663479923518165
}