{
    "Not Affected": {
        "precision": 0.972487494315598,
        "recall": 0.8258749698286266,
        "f1-score": 0.89320489727726,
        "support": 20715.0
    },
    "Affected": {
        "precision": 0.06287347362951416,
        "recall": 0.3333333333333333,
        "f1-score": 0.10579234972677595,
        "support": 726.0
    },
    "accuracy": 0.8091973322139826,
    "macro avg": {
        "precision": 0.5176804839725561,
        "recall": 0.57960415158098,
        "f1-score": 0.499498623502018,
        "support": 21441.0
    },
    "weighted avg": {
        "precision": 0.9416876352130329,
        "recall": 0.8091973322139826,
        "f1-score": 0.8665428241686527,
        "support": 21441.0
    },
    "Accuracy": 0.8091973322139826,
    "F1 - Avg. Macro": 0.499498623502018,
    "F1 - Positives": 0.10579234972677595
}