{
    "Not Affected": {
        "precision": 0.9716691762868774,
        "recall": 0.8410813420226889,
        "f1-score": 0.9016715830875123,
        "support": 20715.0
    },
    "Affected": {
        "precision": 0.062108262108262105,
        "recall": 0.3002754820936639,
        "f1-score": 0.10292728989612843,
        "support": 726.0
    },
    "accuracy": 0.8227694603796465,
    "macro avg": {
        "precision": 0.5168887191975697,
        "recall": 0.5706784120581764,
        "f1-score": 0.5022994364918203,
        "support": 21441.0
    },
    "weighted avg": {
        "precision": 0.9408711153898263,
        "recall": 0.8227694603796465,
        "f1-score": 0.8746258129808501,
        "support": 21441.0
    },
    "Accuracy": 0.8227694603796465,
    "F1 - Avg. Macro": 0.5022994364918203,
    "F1 - Positives": 0.10292728989612843
}