{
    "Not Affected": {
        "precision": 0.9724925149700598,
        "recall": 0.7526430123099204,
        "f1-score": 0.8485590660462079,
        "support": 20715.0
    },
    "Affected": {
        "precision": 0.05268996117581808,
        "recall": 0.3925619834710744,
        "f1-score": 0.09290953545232274,
        "support": 726.0
    },
    "accuracy": 0.7404505386875612,
    "macro avg": {
        "precision": 0.5125912380729389,
        "recall": 0.5726024978904973,
        "f1-score": 0.4707343007492653,
        "support": 21441.0
    },
    "weighted avg": {
        "precision": 0.9413476684584877,
        "recall": 0.7404505386875612,
        "f1-score": 0.8229725001579024,
        "support": 21441.0
    },
    "Accuracy": 0.7404505386875612,
    "F1 - Avg. Macro": 0.4707343007492653,
    "F1 - Positives": 0.09290953545232274
}