{
    "Not Affected": {
        "precision": 0.9719371391917896,
        "recall": 0.8777697320782042,
        "f1-score": 0.9224564340613347,
        "support": 20715.0
    },
    "Affected": {
        "precision": 0.07354555433589462,
        "recall": 0.2768595041322314,
        "f1-score": 0.11621856027753687,
        "support": 726.0
    },
    "accuracy": 0.8574226948369945,
    "macro avg": {
        "precision": 0.5227413467638421,
        "recall": 0.5773146181052178,
        "f1-score": 0.5193374971694358,
        "support": 21441.0
    },
    "weighted avg": {
        "precision": 0.9415172758176289,
        "recall": 0.8574226948369945,
        "f1-score": 0.8951569286107012,
        "support": 21441.0
    },
    "Accuracy": 0.8574226948369945,
    "F1 - Avg. Macro": 0.5193374971694358,
    "F1 - Positives": 0.11621856027753687
}