{
    "Not Affected": {
        "precision": 0.9716323380701474,
        "recall": 0.8812937484914314,
        "f1-score": 0.924260834345889,
        "support": 20715.0
    },
    "Affected": {
        "precision": 0.07277526395173455,
        "recall": 0.26584022038567495,
        "f1-score": 0.1142687981053878,
        "support": 726.0
    },
    "accuracy": 0.8604542698568164,
    "macro avg": {
        "precision": 0.522203801010941,
        "recall": 0.5735669844385531,
        "f1-score": 0.5192648162256384,
        "support": 21441.0
    },
    "weighted avg": {
        "precision": 0.9411967130615205,
        "recall": 0.8604542698568164,
        "f1-score": 0.8968342115992537,
        "support": 21441.0
    },
    "Accuracy": 0.8604542698568164,
    "F1 - Avg. Macro": 0.5192648162256384,
    "F1 - Positives": 0.1142687981053878
}