{
    "Not Affected": {
        "precision": 0.9751300668915442,
        "recall": 0.8233647115616702,
        "f1-score": 0.8928440559074491,
        "support": 20715.0
    },
    "Affected": {
        "precision": 0.07367088607594936,
        "recall": 0.40082644628099173,
        "f1-score": 0.12446535500427716,
        "support": 726.0
    },
    "accuracy": 0.8090574133669138,
    "macro avg": {
        "precision": 0.5244004764837468,
        "recall": 0.6120955789213309,
        "f1-score": 0.5086547054558631,
        "support": 21441.0
    },
    "weighted avg": {
        "precision": 0.9446063336108148,
        "recall": 0.8090574133669138,
        "f1-score": 0.8668264757173598,
        "support": 21441.0
    },
    "Accuracy": 0.8090574133669138,
    "F1 - Avg. Macro": 0.5086547054558631,
    "F1 - Positives": 0.12446535500427716
}