{
    "Not Affected": {
        "precision": 0.9706902619275048,
        "recall": 0.9320782041998552,
        "f1-score": 0.950992464167857,
        "support": 20715.0
    },
    "Affected": {
        "precision": 0.09225806451612903,
        "recall": 0.19696969696969696,
        "f1-score": 0.1256590509666081,
        "support": 726.0
    },
    "accuracy": 0.9071871647777622,
    "macro avg": {
        "precision": 0.531474163221817,
        "recall": 0.5645239505847761,
        "f1-score": 0.5383257575672326,
        "support": 21441.0
    },
    "weighted avg": {
        "precision": 0.9409462306173674,
        "recall": 0.9071871647777622,
        "f1-score": 0.9230463768592376,
        "support": 21441.0
    },
    "Accuracy": 0.9071871647777622,
    "F1 - Avg. Macro": 0.5383257575672326,
    "F1 - Positives": 0.1256590509666081
}