{
    "Not Affected": {
        "precision": 0.71875,
        "recall": 0.45098039215686275,
        "f1-score": 0.5542168674698795,
        "support": 51.0
    },
    "Affected": {
        "precision": 0.8620689655172413,
        "recall": 0.9510869565217391,
        "f1-score": 0.9043927648578811,
        "support": 184.0
    },
    "accuracy": 0.8425531914893617,
    "macro avg": {
        "precision": 0.7904094827586207,
        "recall": 0.701033674339301,
        "f1-score": 0.7293048161638803,
        "support": 235.0
    },
    "weighted avg": {
        "precision": 0.8309657006603082,
        "recall": 0.8425531914893617,
        "f1-score": 0.8283971445736765,
        "support": 235.0
    },
    "Accuracy": 0.8425531914893617,
    "F1 - Avg. Macro": 0.7293048161638803,
    "F1 - Positives": 0.9043927648578811
}