{
    "Not Affected": {
        "precision": 0.9704070295929704,
        "recall": 0.9276369780352401,
        "f1-score": 0.9485401189624109,
        "support": 20715.0
    },
    "Affected": {
        "precision": 0.08541793776693106,
        "recall": 0.1928374655647383,
        "f1-score": 0.11839323467230443,
        "support": 726.0
    },
    "accuracy": 0.9027564012872534,
    "macro avg": {
        "precision": 0.5279124836799507,
        "recall": 0.5602372217999892,
        "f1-score": 0.5334666768173576,
        "support": 21441.0
    },
    "weighted avg": {
        "precision": 0.9404409794709749,
        "recall": 0.9027564012872534,
        "f1-score": 0.9204310457851047,
        "support": 21441.0
    },
    "Accuracy": 0.9027564012872534,
    "F1 - Avg. Macro": 0.5334666768173576,
    "F1 - Positives": 0.11839323467230443
}