{
    "Not Affected": {
        "precision": 0.971851933458191,
        "recall": 0.8517016654598117,
        "f1-score": 0.9078185700686923,
        "support": 20715.0
    },
    "Affected": {
        "precision": 0.06540918770915728,
        "recall": 0.29614325068870523,
        "f1-score": 0.1071517567904311,
        "support": 726.0
    },
    "accuracy": 0.8328902569842824,
    "macro avg": {
        "precision": 0.5186305605836742,
        "recall": 0.5739224580742585,
        "f1-score": 0.5074851634295616,
        "support": 21441.0
    },
    "weighted avg": {
        "precision": 0.941159454869795,
        "recall": 0.8328902569842824,
        "f1-score": 0.8807077027378765,
        "support": 21441.0
    },
    "Accuracy": 0.8328902569842824,
    "F1 - Avg. Macro": 0.5074851634295616,
    "F1 - Positives": 0.1071517567904311
}