{
    "Not Affected": {
        "precision": 0.9696675092358545,
        "recall": 0.9629736905623943,
        "f1-score": 0.9663090076779616,
        "support": 20715.0
    },
    "Affected": {
        "precision": 0.11737629459148446,
        "recall": 0.14049586776859505,
        "f1-score": 0.12789968652037617,
        "support": 726.0
    },
    "accuracy": 0.9351242945758127,
    "macro avg": {
        "precision": 0.5435219019136694,
        "recall": 0.5517347791654947,
        "f1-score": 0.5471043470991689,
        "support": 21441.0
    },
    "weighted avg": {
        "precision": 0.9408086210388575,
        "recall": 0.9351242945758127,
        "f1-score": 0.9379201654056606,
        "support": 21441.0
    },
    "Accuracy": 0.9351242945758127,
    "F1 - Avg. Macro": 0.5471043470991689,
    "F1 - Positives": 0.12789968652037617
}