{
    "Not Affected": {
        "precision": 0.9727603234033317,
        "recall": 0.8654115375331886,
        "f1-score": 0.9159513590844063,
        "support": 20715.0
    },
    "Affected": {
        "precision": 0.07436918990703852,
        "recall": 0.3085399449035813,
        "f1-score": 0.1198501872659176,
        "support": 726.0
    },
    "accuracy": 0.8465556643813255,
    "macro avg": {
        "precision": 0.5235647566551851,
        "recall": 0.5869757412183849,
        "f1-score": 0.5179007731751619,
        "support": 21441.0
    },
    "weighted avg": {
        "precision": 0.9423404753123701,
        "recall": 0.8465556643813255,
        "f1-score": 0.8889950860215722,
        "support": 21441.0
    },
    "Accuracy": 0.8465556643813255,
    "F1 - Avg. Macro": 0.5179007731751619,
    "F1 - Positives": 0.1198501872659176
}