{
    "Not Affected": {
        "precision": 0.7222222222222222,
        "recall": 0.2549019607843137,
        "f1-score": 0.37681159420289856,
        "support": 51.0
    },
    "Affected": {
        "precision": 0.8248847926267281,
        "recall": 0.9728260869565217,
        "f1-score": 0.8927680798004988,
        "support": 184.0
    },
    "accuracy": 0.8170212765957446,
    "macro avg": {
        "precision": 0.7735535074244752,
        "recall": 0.6138640238704177,
        "f1-score": 0.6347898370016987,
        "support": 235.0
    },
    "weighted avg": {
        "precision": 0.8026048305389418,
        "recall": 0.8170212765957446,
        "f1-score": 0.7807945446282537,
        "support": 235.0
    },
    "Accuracy": 0.8170212765957446,
    "F1 - Avg. Macro": 0.6347898370016987,
    "F1 - Positives": 0.8927680798004988
}