{
    "Not Affected": {
        "precision": 0.725,
        "recall": 0.5686274509803921,
        "f1-score": 0.6373626373626373,
        "support": 51.0
    },
    "Affected": {
        "precision": 0.8871794871794871,
        "recall": 0.9402173913043478,
        "f1-score": 0.9129287598944591,
        "support": 184.0
    },
    "accuracy": 0.8595744680851064,
    "macro avg": {
        "precision": 0.8060897435897436,
        "recall": 0.75442242114237,
        "f1-score": 0.7751456986285482,
        "support": 235.0
    },
    "weighted avg": {
        "precision": 0.8519830878341516,
        "recall": 0.8595744680851064,
        "f1-score": 0.8531250481960638,
        "support": 235.0
    },
    "Accuracy": 0.8595744680851064,
    "F1 - Avg. Macro": 0.7751456986285482,
    "F1 - Positives": 0.9129287598944591
}