{
    "Not Affected": {
        "precision": 0.9740601503759398,
        "recall": 0.7504706734250544,
        "f1-score": 0.8477709611451942,
        "support": 20715.0
    },
    "Affected": {
        "precision": 0.05692391899288451,
        "recall": 0.4297520661157025,
        "f1-score": 0.10053165780570324,
        "support": 726.0
    },
    "accuracy": 0.739611025605149,
    "macro avg": {
        "precision": 0.5154920346844122,
        "recall": 0.5901113697703784,
        "f1-score": 0.47415130947544876,
        "support": 21441.0
    },
    "weighted avg": {
        "precision": 0.9430055865037279,
        "recall": 0.7396110256051491,
        "f1-score": 0.8224691685877357,
        "support": 21441.0
    },
    "Accuracy": 0.739611025605149,
    "F1 - Avg. Macro": 0.47415130947544876,
    "F1 - Positives": 0.10053165780570324
}