{
    "Not Affected": {
        "precision": 0.9742029965078293,
        "recall": 0.8349505189476225,
        "f1-score": 0.8992175517949518,
        "support": 20715.0
    },
    "Affected": {
        "precision": 0.07268782207756984,
        "recall": 0.3691460055096419,
        "f1-score": 0.12145932472241106,
        "support": 726.0
    },
    "accuracy": 0.8191782099715499,
    "macro avg": {
        "precision": 0.5234454092926996,
        "recall": 0.6020482622286322,
        "f1-score": 0.5103384382586814,
        "support": 21441.0
    },
    "weighted avg": {
        "precision": 0.9436773672630939,
        "recall": 0.8191782099715499,
        "f1-score": 0.8728823774628467,
        "support": 21441.0
    },
    "Accuracy": 0.8191782099715499,
    "F1 - Avg. Macro": 0.5103384382586814,
    "F1 - Positives": 0.12145932472241106
}