{
    "Not Affected": {
        "precision": 0.9717487373737373,
        "recall": 0.8916727009413469,
        "f1-score": 0.9299901820104222,
        "support": 20715.0
    },
    "Affected": {
        "precision": 0.07768187422934648,
        "recall": 0.2603305785123967,
        "f1-score": 0.11965811965811966,
        "support": 726.0
    },
    "accuracy": 0.8702952287673149,
    "macro avg": {
        "precision": 0.5247153058015419,
        "recall": 0.5760016397268718,
        "f1-score": 0.5248241508342709,
        "support": 21441.0
    },
    "weighted avg": {
        "precision": 0.9414753106379121,
        "recall": 0.8702952287673149,
        "f1-score": 0.9025520458568951,
        "support": 21441.0
    },
    "Accuracy": 0.8702952287673149,
    "F1 - Avg. Macro": 0.5248241508342709,
    "F1 - Positives": 0.11965811965811966
}