{
    "Not Affected": {
        "precision": 0.9731532962668785,
        "recall": 0.8871832005792903,
        "f1-score": 0.9281818181818182,
        "support": 20715.0
    },
    "Affected": {
        "precision": 0.08568075117370892,
        "recall": 0.30165289256198347,
        "f1-score": 0.13345521023765997,
        "support": 726.0
    },
    "accuracy": 0.8673569329788723,
    "macro avg": {
        "precision": 0.5294170237202938,
        "recall": 0.5944180465706369,
        "f1-score": 0.5308185142097391,
        "support": 21441.0
    },
    "weighted avg": {
        "precision": 0.9431031555207547,
        "recall": 0.8673569329788723,
        "f1-score": 0.9012720883479738,
        "support": 21441.0
    },
    "Accuracy": 0.8673569329788723,
    "F1 - Avg. Macro": 0.5308185142097391,
    "F1 - Positives": 0.13345521023765997
}