{
    "Not Affected": {
        "precision": 0.9706361348270246,
        "recall": 0.9494569152787835,
        "f1-score": 0.9599297183854751,
        "support": 20715.0
    },
    "Affected": {
        "precision": 0.11120543293718166,
        "recall": 0.18044077134986225,
        "f1-score": 0.13760504201680673,
        "support": 726.0
    },
    "accuracy": 0.9234177510377315,
    "macro avg": {
        "precision": 0.5409207838821031,
        "recall": 0.5649488433143228,
        "f1-score": 0.5487673802011409,
        "support": 21441.0
    },
    "weighted avg": {
        "precision": 0.941535501014608,
        "recall": 0.9234177510377315,
        "f1-score": 0.9320855079921327,
        "support": 21441.0
    },
    "Accuracy": 0.9234177510377315,
    "F1 - Avg. Macro": 0.5487673802011409,
    "F1 - Positives": 0.13760504201680673
}