{
    "Not Affected": {
        "precision": 0.7674418604651163,
        "recall": 0.6470588235294118,
        "f1-score": 0.7021276595744681,
        "support": 51.0
    },
    "Affected": {
        "precision": 0.90625,
        "recall": 0.9456521739130435,
        "f1-score": 0.925531914893617,
        "support": 184.0
    },
    "accuracy": 0.8808510638297873,
    "macro avg": {
        "precision": 0.8368459302325582,
        "recall": 0.7963554987212276,
        "f1-score": 0.8138297872340425,
        "support": 235.0
    },
    "weighted avg": {
        "precision": 0.8761256803562593,
        "recall": 0.8808510638297873,
        "f1-score": 0.8770484382073336,
        "support": 235.0
    },
    "Accuracy": 0.8808510638297873,
    "F1 - Avg. Macro": 0.8138297872340425,
    "F1 - Positives": 0.925531914893617
}