{
    "Not Affected": {
        "precision": 0.9727569711818924,
        "recall": 0.8049722423364711,
        "f1-score": 0.8809467205536625,
        "support": 20715.0
    },
    "Affected": {
        "precision": 0.0602465689695278,
        "recall": 0.35674931129476584,
        "f1-score": 0.10308457711442787,
        "support": 726.0
    },
    "accuracy": 0.7897952520871228,
    "macro avg": {
        "precision": 0.5165017700757101,
        "recall": 0.5808607768156184,
        "f1-score": 0.4920156488340452,
        "support": 21441.0
    },
    "weighted avg": {
        "precision": 0.9418590395552809,
        "recall": 0.7897952520871228,
        "f1-score": 0.8546080275758684,
        "support": 21441.0
    },
    "Accuracy": 0.7897952520871228,
    "F1 - Avg. Macro": 0.4920156488340452,
    "F1 - Positives": 0.10308457711442787
}