{
    "Not Affected": {
        "precision": 0.8275862068965517,
        "recall": 0.47058823529411764,
        "f1-score": 0.6,
        "support": 51.0
    },
    "Affected": {
        "precision": 0.8689320388349514,
        "recall": 0.9728260869565217,
        "f1-score": 0.9179487179487179,
        "support": 184.0
    },
    "accuracy": 0.8638297872340426,
    "macro avg": {
        "precision": 0.8482591228657516,
        "recall": 0.7217071611253196,
        "f1-score": 0.7589743589743589,
        "support": 235.0
    },
    "weighted avg": {
        "precision": 0.8599591136057667,
        "recall": 0.8638297872340426,
        "f1-score": 0.8489470812875067,
        "support": 235.0
    },
    "Accuracy": 0.8638297872340426,
    "F1 - Avg. Macro": 0.7589743589743589,
    "F1 - Positives": 0.9179487179487179
}