{
    "Not Affected": {
        "precision": 0.7804878048780488,
        "recall": 0.6274509803921569,
        "f1-score": 0.6956521739130435,
        "support": 51.0
    },
    "Affected": {
        "precision": 0.9020618556701031,
        "recall": 0.9510869565217391,
        "f1-score": 0.9259259259259259,
        "support": 184.0
    },
    "accuracy": 0.8808510638297873,
    "macro avg": {
        "precision": 0.841274830274076,
        "recall": 0.789268968456948,
        "f1-score": 0.8107890499194848,
        "support": 235.0
    },
    "weighted avg": {
        "precision": 0.8756776999662955,
        "recall": 0.8808510638297873,
        "f1-score": 0.8759516222975983,
        "support": 235.0
    },
    "Accuracy": 0.8808510638297873,
    "F1 - Avg. Macro": 0.8107890499194848,
    "F1 - Positives": 0.9259259259259259
}