{
    "Not Affected": {
        "precision": 0.9703040781043425,
        "recall": 0.9211682355780835,
        "f1-score": 0.9450979421014833,
        "support": 20715.0
    },
    "Affected": {
        "precision": 0.08,
        "recall": 0.19559228650137742,
        "f1-score": 0.1135545781687325,
        "support": 726.0
    },
    "accuracy": 0.8965999720162305,
    "macro avg": {
        "precision": 0.5251520390521712,
        "recall": 0.5583802610397305,
        "f1-score": 0.529326260135108,
        "support": 21441.0
    },
    "weighted avg": {
        "precision": 0.9401580606283035,
        "recall": 0.8965999720162305,
        "f1-score": 0.9169415836193613,
        "support": 21441.0
    },
    "Accuracy": 0.8965999720162305,
    "F1 - Avg. Macro": 0.529326260135108,
    "F1 - Positives": 0.1135545781687325
}