{
    "Not Affected": {
        "precision": 0.9708873174005058,
        "recall": 0.9079893796765629,
        "f1-score": 0.9383855517860706,
        "support": 20715.0
    },
    "Affected": {
        "precision": 0.07833655705996131,
        "recall": 0.2231404958677686,
        "f1-score": 0.11596277738010022,
        "support": 726.0
    },
    "accuracy": 0.8848001492467702,
    "macro avg": {
        "precision": 0.5246119372302336,
        "recall": 0.5655649377721658,
        "f1-score": 0.5271741645830854,
        "support": 21441.0
    },
    "weighted avg": {
        "precision": 0.9406652264529178,
        "recall": 0.8848001492467702,
        "f1-score": 0.9105380197577728,
        "support": 21441.0
    },
    "Accuracy": 0.8848001492467702,
    "F1 - Avg. Macro": 0.5271741645830854,
    "F1 - Positives": 0.11596277738010022
}