{
    "Not Affected": {
        "precision": 0.9716732188055361,
        "recall": 0.8710113444363987,
        "f1-score": 0.9185928113226759,
        "support": 20715.0
    },
    "Affected": {
        "precision": 0.06963788300835655,
        "recall": 0.27548209366391185,
        "f1-score": 0.11117287381878821,
        "support": 726.0
    },
    "accuracy": 0.8508465090247657,
    "macro avg": {
        "precision": 0.5206555509069464,
        "recall": 0.5732467190501553,
        "f1-score": 0.514882842570732,
        "support": 21441.0
    },
    "weighted avg": {
        "precision": 0.9411299767091437,
        "recall": 0.8508465090247657,
        "f1-score": 0.891253280767766,
        "support": 21441.0
    },
    "Accuracy": 0.8508465090247657,
    "F1 - Avg. Macro": 0.514882842570732,
    "F1 - Positives": 0.11117287381878821
}