{
    "Not Affected": {
        "precision": 0.972319314466118,
        "recall": 0.8325850832729906,
        "f1-score": 0.8970431435778743,
        "support": 20715.0
    },
    "Affected": {
        "precision": 0.06346205779098028,
        "recall": 0.3236914600550964,
        "f1-score": 0.10611876270038384,
        "support": 726.0
    },
    "accuracy": 0.8153537614850054,
    "macro avg": {
        "precision": 0.5178906861285492,
        "recall": 0.5781382716640435,
        "f1-score": 0.5015809531391291,
        "support": 21441.0
    },
    "weighted avg": {
        "precision": 0.9415450796661482,
        "recall": 0.8153537614850054,
        "f1-score": 0.8702621585250756,
        "support": 21441.0
    },
    "Accuracy": 0.8153537614850054,
    "F1 - Avg. Macro": 0.5015809531391291,
    "F1 - Positives": 0.10611876270038384
}