{
    "Not Affected": {
        "precision": 0.9722432500630835,
        "recall": 0.930002413709872,
        "f1-score": 0.9506538366641993,
        "support": 20715.0
    },
    "Affected": {
        "precision": 0.10824108241082411,
        "recall": 0.24242424242424243,
        "f1-score": 0.14965986394557823,
        "support": 726.0
    },
    "accuracy": 0.9067207686208666,
    "macro avg": {
        "precision": 0.5402421662369539,
        "recall": 0.5862133280670572,
        "f1-score": 0.5501568503048888,
        "support": 21441.0
    },
    "weighted avg": {
        "precision": 0.9429878247696951,
        "recall": 0.9067207686208666,
        "f1-score": 0.9235318915966316,
        "support": 21441.0
    },
    "Accuracy": 0.9067207686208666,
    "F1 - Avg. Macro": 0.5501568503048888,
    "F1 - Positives": 0.14965986394557823
}