{
    "Not Affected": {
        "precision": 0.9731400437636761,
        "recall": 0.858749698286266,
        "f1-score": 0.9123733812027183,
        "support": 20715.0
    },
    "Affected": {
        "precision": 0.0743435621638722,
        "recall": 0.3236914600550964,
        "f1-score": 0.12091587342423463,
        "support": 726.0
    },
    "accuracy": 0.8406324331887505,
    "macro avg": {
        "precision": 0.5237418029637742,
        "recall": 0.5912205791706813,
        "f1-score": 0.5166446273134765,
        "support": 21441.0
    },
    "weighted avg": {
        "precision": 0.9427064704396028,
        "recall": 0.8406324331887505,
        "f1-score": 0.8855743442805981,
        "support": 21441.0
    },
    "Accuracy": 0.8406324331887505,
    "F1 - Avg. Macro": 0.5166446273134765,
    "F1 - Positives": 0.12091587342423463
}