{
    "Not Affected": {
        "precision": 0.9716976329854925,
        "recall": 0.9215061549601737,
        "f1-score": 0.9459365708622398,
        "support": 20715.0
    },
    "Affected": {
        "precision": 0.09465478841870824,
        "recall": 0.23415977961432508,
        "f1-score": 0.13481363996827914,
        "support": 726.0
    },
    "accuracy": 0.8982323585653654,
    "macro avg": {
        "precision": 0.5331762107021004,
        "recall": 0.5778329672872494,
        "f1-score": 0.5403751054152595,
        "support": 21441.0
    },
    "weighted avg": {
        "precision": 0.9420006456642163,
        "recall": 0.8982323585653654,
        "f1-score": 0.918471655614396,
        "support": 21441.0
    },
    "Accuracy": 0.8982323585653654,
    "F1 - Avg. Macro": 0.5403751054152595,
    "F1 - Positives": 0.13481363996827914
}