{
    "Not Affected": {
        "precision": 0.9735294117647059,
        "recall": 0.8308954863625392,
        "f1-score": 0.8965750748795416,
        "support": 20715.0
    },
    "Affected": {
        "precision": 0.06859877692103164,
        "recall": 0.35537190082644626,
        "f1-score": 0.1149988856697125,
        "support": 726.0
    },
    "accuracy": 0.8147940860967305,
    "macro avg": {
        "precision": 0.5210640943428687,
        "recall": 0.5931336935944928,
        "f1-score": 0.5057869802746271,
        "support": 21441.0
    },
    "weighted avg": {
        "precision": 0.9428881337974231,
        "recall": 0.8147940860967305,
        "f1-score": 0.8701106229712193,
        "support": 21441.0
    },
    "Accuracy": 0.8147940860967305,
    "F1 - Avg. Macro": 0.5057869802746271,
    "F1 - Positives": 0.1149988856697125
}