{
    "Not Affected": {
        "precision": 0.6666666666666666,
        "recall": 0.6274509803921569,
        "f1-score": 0.6464646464646465,
        "support": 51.0
    },
    "Affected": {
        "precision": 0.8983957219251337,
        "recall": 0.9130434782608695,
        "f1-score": 0.9056603773584906,
        "support": 184.0
    },
    "accuracy": 0.851063829787234,
    "macro avg": {
        "precision": 0.7825311942959001,
        "recall": 0.7702472293265132,
        "f1-score": 0.7760625119115685,
        "support": 235.0
    },
    "weighted avg": {
        "precision": 0.8481055865286153,
        "recall": 0.851063829787234,
        "f1-score": 0.8494093889517413,
        "support": 235.0
    },
    "Accuracy": 0.851063829787234,
    "F1 - Avg. Macro": 0.7760625119115685,
    "F1 - Positives": 0.9056603773584906
}