{
    "Not Affected": {
        "precision": 0.97268262737876,
        "recall": 0.7649046584600531,
        "f1-score": 0.8563707607080124,
        "support": 20715.0
    },
    "Affected": {
        "precision": 0.05455251407493691,
        "recall": 0.38705234159779617,
        "f1-score": 0.09562702058873575,
        "support": 726.0
    },
    "accuracy": 0.7521104426099529,
    "macro avg": {
        "precision": 0.5136175707268484,
        "recall": 0.5759785000289246,
        "f1-score": 0.4759988906483741,
        "support": 21441.0
    },
    "weighted avg": {
        "precision": 0.9415944103059287,
        "recall": 0.7521104426099529,
        "f1-score": 0.8306117030462152,
        "support": 21441.0
    },
    "Accuracy": 0.7521104426099529,
    "F1 - Avg. Macro": 0.4759988906483741,
    "F1 - Positives": 0.09562702058873575
}