{
    "Not Affected": {
        "precision": 0.9716623320329432,
        "recall": 0.8657011827178374,
        "f1-score": 0.9156263562329274,
        "support": 20715.0
    },
    "Affected": {
        "precision": 0.0680067001675042,
        "recall": 0.2796143250688705,
        "f1-score": 0.10940447318782,
        "support": 726.0
    },
    "accuracy": 0.845856070145982,
    "macro avg": {
        "precision": 0.5198345161002237,
        "recall": 0.5726577538933539,
        "f1-score": 0.5125154147103738,
        "support": 21441.0
    },
    "weighted avg": {
        "precision": 0.9410642261267678,
        "recall": 0.845856070145982,
        "f1-score": 0.8883273922344782,
        "support": 21441.0
    },
    "Accuracy": 0.845856070145982,
    "F1 - Avg. Macro": 0.5125154147103738,
    "F1 - Positives": 0.10940447318782
}