{
    "Not Affected": {
        "precision": 0.9735262526063057,
        "recall": 0.7438088341781318,
        "f1-score": 0.8433035958622954,
        "support": 20715.0
    },
    "Affected": {
        "precision": 0.05468471677947987,
        "recall": 0.4228650137741047,
        "f1-score": 0.09684542586750788,
        "support": 726.0
    },
    "accuracy": 0.732941560561541,
    "macro avg": {
        "precision": 0.5141054846928927,
        "recall": 0.5833369239761182,
        "f1-score": 0.47007451086490165,
        "support": 21441.0
    },
    "weighted avg": {
        "precision": 0.9424139465100286,
        "recall": 0.732941560561541,
        "f1-score": 0.8180282527618703,
        "support": 21441.0
    },
    "Accuracy": 0.732941560561541,
    "F1 - Avg. Macro": 0.47007451086490165,
    "F1 - Positives": 0.09684542586750788
}