{
    "Not Affected": {
        "precision": 0.973879167198876,
        "recall": 0.7361332367849385,
        "f1-score": 0.8384790916339042,
        "support": 20715.0
    },
    "Affected": {
        "precision": 0.05481583952965589,
        "recall": 0.4366391184573003,
        "f1-score": 0.09740359502227684,
        "support": 726.0
    },
    "accuracy": 0.7259922578237955,
    "macro avg": {
        "precision": 0.5143475033642659,
        "recall": 0.5863861776211194,
        "f1-score": 0.4679413433280905,
        "support": 21441.0
    },
    "weighted avg": {
        "precision": 0.9427593511507508,
        "recall": 0.7259922578237955,
        "f1-score": 0.8133860077973275,
        "support": 21441.0
    },
    "Accuracy": 0.7259922578237955,
    "F1 - Avg. Macro": 0.4679413433280905,
    "F1 - Positives": 0.09740359502227684
}