{
    "Not Affected": {
        "precision": 0.9697124993594014,
        "recall": 0.9134443639874487,
        "f1-score": 0.9407377945709456,
        "support": 20715.0
    },
    "Affected": {
        "precision": 0.0700207468879668,
        "recall": 0.1859504132231405,
        "f1-score": 0.10173323285606632,
        "support": 726.0
    },
    "accuracy": 0.888811156196073,
    "macro avg": {
        "precision": 0.5198666231236841,
        "recall": 0.5496973886052946,
        "f1-score": 0.521235513713506,
        "support": 21441.0
    },
    "weighted avg": {
        "precision": 0.9392486118404302,
        "recall": 0.888811156196073,
        "f1-score": 0.9123287972384985,
        "support": 21441.0
    },
    "Accuracy": 0.888811156196073,
    "F1 - Avg. Macro": 0.521235513713506,
    "F1 - Positives": 0.10173323285606632
}