{
    "Not Affected": {
        "precision": 0.9706127553147145,
        "recall": 0.8992517499396573,
        "f1-score": 0.9335705515323126,
        "support": 20715.0
    },
    "Affected": {
        "precision": 0.07203201422854602,
        "recall": 0.2231404958677686,
        "f1-score": 0.10890756302521008,
        "support": 726.0
    },
    "accuracy": 0.8763583788069587,
    "macro avg": {
        "precision": 0.5213223847716303,
        "recall": 0.5611961229037129,
        "f1-score": 0.5212390572787613,
        "support": 21441.0
    },
    "weighted avg": {
        "precision": 0.9401864870423131,
        "recall": 0.8763583788069587,
        "f1-score": 0.905647165045854,
        "support": 21441.0
    },
    "Accuracy": 0.8763583788069587,
    "F1 - Avg. Macro": 0.5212390572787613,
    "F1 - Positives": 0.10890756302521008
}