{
    "Not Affected": {
        "precision": 0.9711504514046502,
        "recall": 0.9295196717354574,
        "f1-score": 0.9498791376843767,
        "support": 20715.0
    },
    "Affected": {
        "precision": 0.09541511771995044,
        "recall": 0.21212121212121213,
        "f1-score": 0.13162393162393163,
        "support": 726.0
    },
    "accuracy": 0.9052283009188005,
    "macro avg": {
        "precision": 0.5332827845623003,
        "recall": 0.5708204419283347,
        "f1-score": 0.5407515346541542,
        "support": 21441.0
    },
    "weighted avg": {
        "precision": 0.9414977368738404,
        "recall": 0.9052283009188005,
        "f1-score": 0.9221727210247114,
        "support": 21441.0
    },
    "Accuracy": 0.9052283009188005,
    "F1 - Avg. Macro": 0.5407515346541542,
    "F1 - Positives": 0.13162393162393163
}