{
    "Not Affected": {
        "precision": 0.9689679218967922,
        "recall": 0.939077962828868,
        "f1-score": 0.9537888259665123,
        "support": 20715.0
    },
    "Affected": {
        "precision": 0.07545787545787545,
        "recall": 0.1418732782369146,
        "f1-score": 0.09851745576279292,
        "support": 726.0
    },
    "accuracy": 0.9120843244251667,
    "macro avg": {
        "precision": 0.5222128986773338,
        "recall": 0.5404756205328913,
        "f1-score": 0.5261531408646526,
        "support": 21441.0
    },
    "weighted avg": {
        "precision": 0.9387133491756199,
        "recall": 0.9120843244251667,
        "f1-score": 0.9248290286264674,
        "support": 21441.0
    },
    "Accuracy": 0.9120843244251667,
    "F1 - Avg. Macro": 0.5261531408646526,
    "F1 - Positives": 0.09851745576279292
}