{
    "Not Affected": {
        "precision": 0.9766879533759067,
        "recall": 0.7604634322954381,
        "f1-score": 0.8551188796004777,
        "support": 20715.0
    },
    "Affected": {
        "precision": 0.06588855421686747,
        "recall": 0.4820936639118457,
        "f1-score": 0.11593242795627691,
        "support": 726.0
    },
    "accuracy": 0.7510377314490928,
    "macro avg": {
        "precision": 0.5212882537963871,
        "recall": 0.6212785481036419,
        "f1-score": 0.4855256537783773,
        "support": 21441.0
    },
    "weighted avg": {
        "precision": 0.945847956930337,
        "recall": 0.7510377314490928,
        "f1-score": 0.8300897595084257,
        "support": 21441.0
    },
    "Accuracy": 0.7510377314490928,
    "F1 - Avg. Macro": 0.4855256537783773,
    "F1 - Positives": 0.11593242795627691
}