{
    "Not Affected": {
        "precision": 0.9739553844411731,
        "recall": 0.8304127443881245,
        "f1-score": 0.8964744508429529,
        "support": 20715.0
    },
    "Affected": {
        "precision": 0.07038899179677163,
        "recall": 0.36639118457300274,
        "f1-score": 0.11809100998890122,
        "support": 726.0
    },
    "accuracy": 0.8147008068653514,
    "macro avg": {
        "precision": 0.5221721881189724,
        "recall": 0.5984019644805636,
        "f1-score": 0.5072827304159271,
        "support": 21441.0
    },
    "weighted avg": {
        "precision": 0.9433603002072364,
        "recall": 0.8147008068653514,
        "f1-score": 0.8701181065465095,
        "support": 21441.0
    },
    "Accuracy": 0.8147008068653514,
    "F1 - Avg. Macro": 0.5072827304159271,
    "F1 - Positives": 0.11809100998890122
}