{
    "Not Affected": {
        "precision": 0.9727831431079894,
        "recall": 0.8023171614771905,
        "f1-score": 0.8793650793650793,
        "support": 20715.0
    },
    "Affected": {
        "precision": 0.05991735537190083,
        "recall": 0.359504132231405,
        "f1-score": 0.10271546635182999,
        "support": 726.0
    },
    "accuracy": 0.7873233524555757,
    "macro avg": {
        "precision": 0.5163502492399451,
        "recall": 0.5809106468542977,
        "f1-score": 0.49104027285845464,
        "support": 21441.0
    },
    "weighted avg": {
        "precision": 0.9418731779992539,
        "recall": 0.7873233524555757,
        "f1-score": 0.8530674431052211,
        "support": 21441.0
    },
    "Accuracy": 0.7873233524555757,
    "F1 - Avg. Macro": 0.49104027285845464,
    "F1 - Positives": 0.10271546635182999
}