{
    "Not Affected": {
        "precision": 0.9722159603246168,
        "recall": 0.8327781800627565,
        "f1-score": 0.8971112093398165,
        "support": 20715.0
    },
    "Affected": {
        "precision": 0.06302407357316743,
        "recall": 0.3209366391184573,
        "f1-score": 0.10535835405833145,
        "support": 726.0
    },
    "accuracy": 0.8154470407163845,
    "macro avg": {
        "precision": 0.5176200169488921,
        "recall": 0.5768574095906069,
        "f1-score": 0.501234781699074,
        "support": 21441.0
    },
    "weighted avg": {
        "precision": 0.9414303948294649,
        "recall": 0.8154470407163845,
        "f1-score": 0.8703021718446269,
        "support": 21441.0
    },
    "Accuracy": 0.8154470407163845,
    "F1 - Avg. Macro": 0.501234781699074,
    "F1 - Positives": 0.10535835405833145
}