{
    "0": {
        "precision": 0.9721974036894939,
        "recall": 0.8929761042722665,
        "f1-score": 0.9309043329475114,
        "support": 20715.0
    },
    "1": {
        "precision": 0.0816072908036454,
        "recall": 0.2713498622589532,
        "f1-score": 0.12547770700636943,
        "support": 726.0
    },
    "accuracy": 0.8719276153164498,
    "macro avg": {
        "precision": 0.5269023472465697,
        "recall": 0.5821629832656099,
        "f1-score": 0.5281910199769404,
        "support": 21441.0
    },
    "weighted avg": {
        "precision": 0.9420417009724973,
        "recall": 0.8719276153164498,
        "f1-score": 0.9036322966416828,
        "support": 21441.0
    },
    "Accuracy": 0.8719276153164498,
    "F1 - Avg. Macro": 0.5281910199769404,
    "F1 - Positives": 0.12547770700636943
}