{
    "0": {
        "precision": 0.7727272727272727,
        "recall": 0.6666666666666666,
        "f1-score": 0.7157894736842105,
        "support": 51.0
    },
    "1": {
        "precision": 0.9109947643979057,
        "recall": 0.9456521739130435,
        "f1-score": 0.928,
        "support": 184.0
    },
    "accuracy": 0.8851063829787233,
    "macro avg": {
        "precision": 0.8418610185625892,
        "recall": 0.806159420289855,
        "f1-score": 0.8218947368421052,
        "support": 235.0
    },
    "weighted avg": {
        "precision": 0.8809877768438534,
        "recall": 0.8851063829787233,
        "f1-score": 0.8819458006718925,
        "support": 235.0
    },
    "Accuracy": 0.8851063829787233,
    "F1 - Avg. Macro": 0.8218947368421052,
    "F1 - Positives": 0.928
}