{
    "0": {
        "precision": 0.9705566630884833,
        "recall": 0.9165821868211441,
        "f1-score": 0.942797556978996,
        "support": 20715.0
    },
    "1": {
        "precision": 0.07987220447284345,
        "recall": 0.2066115702479339,
        "f1-score": 0.1152073732718894,
        "support": 726.0
    },
    "accuracy": 0.8925423254512382,
    "macro avg": {
        "precision": 0.5252144337806633,
        "recall": 0.561596878534539,
        "f1-score": 0.5290024651254427,
        "support": 21441.0
    },
    "weighted avg": {
        "precision": 0.940397765791018,
        "recall": 0.8925423254512382,
        "f1-score": 0.9147750546063754,
        "support": 21441.0
    },
    "Accuracy": 0.8925423254512382,
    "F1 - Avg. Macro": 0.5290024651254427,
    "F1 - Positives": 0.1152073732718894
}