{
    "Not Affected": {
        "precision": 0.970974175939534,
        "recall": 0.893024378469708,
        "f1-score": 0.9303694017652828,
        "support": 20715.0
    },
    "Affected": {
        "precision": 0.07241523650062788,
        "recall": 0.23829201101928374,
        "f1-score": 0.11107544141252007,
        "support": 726.0
    },
    "accuracy": 0.8708549041555897,
    "macro avg": {
        "precision": 0.521694706220081,
        "recall": 0.5656581947444959,
        "f1-score": 0.5207224215889015,
        "support": 21441.0
    },
    "weighted avg": {
        "precision": 0.9405486458787791,
        "recall": 0.8708549041555897,
        "f1-score": 0.9026278125102991,
        "support": 21441.0
    },
    "Accuracy": 0.8708549041555897,
    "F1 - Avg. Macro": 0.5207224215889015,
    "F1 - Positives": 0.11107544141252007
}