{
    "Not Affected": {
        "precision": 0.9691940773129285,
        "recall": 0.9416364952932658,
        "f1-score": 0.9552165715824784,
        "support": 20715.0
    },
    "Affected": {
        "precision": 0.0806083650190114,
        "recall": 0.14600550964187328,
        "f1-score": 0.10387065164135229,
        "support": 726.0
    },
    "accuracy": 0.9146961429037824,
    "macro avg": {
        "precision": 0.5249012211659699,
        "recall": 0.5438210024675695,
        "f1-score": 0.5295436116119153,
        "support": 21441.0
    },
    "weighted avg": {
        "precision": 0.9391062443235444,
        "recall": 0.9146961429037824,
        "f1-score": 0.9263896914053757,
        "support": 21441.0
    },
    "Accuracy": 0.9146961429037824,
    "F1 - Avg. Macro": 0.5295436116119153,
    "F1 - Positives": 0.10387065164135229
}