{
    "Not Affected": {
        "precision": 0.9723577235772358,
        "recall": 0.7794351918899348,
        "f1-score": 0.8652733118971061,
        "support": 20715.0
    },
    "Affected": {
        "precision": 0.05521091811414392,
        "recall": 0.3677685950413223,
        "f1-score": 0.09600862998921252,
        "support": 726.0
    },
    "accuracy": 0.7654960123128586,
    "macro avg": {
        "precision": 0.5137843208456899,
        "recall": 0.5736018934656286,
        "f1-score": 0.48064097094315933,
        "support": 21441.0
    },
    "weighted avg": {
        "precision": 0.9413028016628565,
        "recall": 0.7654960123128586,
        "f1-score": 0.8392257320703662,
        "support": 21441.0
    },
    "Accuracy": 0.7654960123128586,
    "F1 - Avg. Macro": 0.48064097094315933,
    "F1 - Positives": 0.09600862998921252
}