{
    "Not Affected": {
        "precision": 0.972644055241018,
        "recall": 0.8873762973690562,
        "f1-score": 0.9280557378704498,
        "support": 20715.0
    },
    "Affected": {
        "precision": 0.08221872541306058,
        "recall": 0.2878787878787879,
        "f1-score": 0.12790697674418605,
        "support": 726.0
    },
    "accuracy": 0.8670770952847349,
    "macro avg": {
        "precision": 0.5274313903270393,
        "recall": 0.587627542623922,
        "f1-score": 0.527981357307318,
        "support": 21441.0
    },
    "weighted avg": {
        "precision": 0.9424939321378467,
        "recall": 0.8670770952847349,
        "f1-score": 0.9009624119725127,
        "support": 21441.0
    },
    "Accuracy": 0.8670770952847349,
    "F1 - Avg. Macro": 0.527981357307318,
    "F1 - Positives": 0.12790697674418605
}