{
    "Not Affected": {
        "precision": 0.97117813869554,
        "recall": 0.9092927830074825,
        "f1-score": 0.9392171528297183,
        "support": 20715.0
    },
    "Affected": {
        "precision": 0.08162267839687194,
        "recall": 0.23002754820936638,
        "f1-score": 0.1204906204906205,
        "support": 726.0
    },
    "accuracy": 0.8862926169488363,
    "macro avg": {
        "precision": 0.526400408546206,
        "recall": 0.5696601656084245,
        "f1-score": 0.5298538866601694,
        "support": 21441.0
    },
    "weighted avg": {
        "precision": 0.9410574696886451,
        "recall": 0.8862926169488363,
        "f1-score": 0.9114947768921136,
        "support": 21441.0
    },
    "Accuracy": 0.8862926169488363,
    "F1 - Avg. Macro": 0.5298538866601694,
    "F1 - Positives": 0.1204906204906205
}