{
    "Not Affected": {
        "precision": 0.7777777777777778,
        "recall": 0.6862745098039216,
        "f1-score": 0.7291666666666666,
        "support": 51.0
    },
    "Affected": {
        "precision": 0.9157894736842105,
        "recall": 0.9456521739130435,
        "f1-score": 0.93048128342246,
        "support": 184.0
    },
    "accuracy": 0.8893617021276595,
    "macro avg": {
        "precision": 0.8467836257309942,
        "recall": 0.8159633418584825,
        "f1-score": 0.8298239750445633,
        "support": 235.0
    },
    "weighted avg": {
        "precision": 0.8858379992534526,
        "recall": 0.8893617021276595,
        "f1-score": 0.8867917282967346,
        "support": 235.0
    },
    "Accuracy": 0.8893617021276595,
    "F1 - Avg. Macro": 0.8298239750445633,
    "F1 - Positives": 0.93048128342246
}