{
    "Not Affected": {
        "precision": 0.9724265678750992,
        "recall": 0.8869901037895245,
        "f1-score": 0.9277455188083817,
        "support": 20715.0
    },
    "Affected": {
        "precision": 0.0805184603299293,
        "recall": 0.28236914600550966,
        "f1-score": 0.12530562347188265,
        "support": 726.0
    },
    "accuracy": 0.86651741989646,
    "macro avg": {
        "precision": 0.5264725141025143,
        "recall": 0.584679624897517,
        "f1-score": 0.5265255711401322,
        "support": 21441.0
    },
    "weighted avg": {
        "precision": 0.9422262373831541,
        "recall": 0.86651741989646,
        "f1-score": 0.9005746142790082,
        "support": 21441.0
    },
    "Accuracy": 0.86651741989646,
    "F1 - Avg. Macro": 0.5265255711401322,
    "F1 - Positives": 0.12530562347188265
}