{
    "Not Affected": {
        "precision": 0.9717858113617831,
        "recall": 0.8629495534636736,
        "f1-score": 0.9141396062388136,
        "support": 20715.0
    },
    "Affected": {
        "precision": 0.06795797767564019,
        "recall": 0.28512396694214875,
        "f1-score": 0.10975609756097561,
        "support": 726.0
    },
    "accuracy": 0.8433841705144349,
    "macro avg": {
        "precision": 0.5198718945187116,
        "recall": 0.5740367602029112,
        "f1-score": 0.5119478518998947,
        "support": 21441.0
    },
    "weighted avg": {
        "precision": 0.9411818746397953,
        "recall": 0.8433841705144349,
        "f1-score": 0.8869028902600762,
        "support": 21441.0
    },
    "Accuracy": 0.8433841705144349,
    "F1 - Avg. Macro": 0.5119478518998947,
    "F1 - Positives": 0.10975609756097561
}