{
    "Not Affected": {
        "precision": 0.9718715393133998,
        "recall": 0.8473087134926381,
        "f1-score": 0.9053255963894262,
        "support": 20715.0
    },
    "Affected": {
        "precision": 0.06447796509908311,
        "recall": 0.3002754820936639,
        "f1-score": 0.10616021426832238,
        "support": 726.0
    },
    "accuracy": 0.8287859708036006,
    "macro avg": {
        "precision": 0.5181747522062414,
        "recall": 0.573792097793151,
        "f1-score": 0.5057429053288743,
        "support": 21441.0
    },
    "weighted avg": {
        "precision": 0.9411468653299292,
        "recall": 0.8287859708036006,
        "f1-score": 0.8782655680595945,
        "support": 21441.0
    },
    "Accuracy": 0.8287859708036006,
    "F1 - Avg. Macro": 0.5057429053288743,
    "F1 - Positives": 0.10616021426832238
}