{
    "Not Affected": {
        "precision": 0.97562893081761,
        "recall": 0.7188993482983346,
        "f1-score": 0.8278162261319103,
        "support": 20715.0
    },
    "Affected": {
        "precision": 0.05730937348227295,
        "recall": 0.48760330578512395,
        "f1-score": 0.10256410256410256,
        "support": 726.0
    },
    "accuracy": 0.7110675808031341,
    "macro avg": {
        "precision": 0.5164691521499415,
        "recall": 0.6032513270417292,
        "f1-score": 0.4651901643480064,
        "support": 21441.0
    },
    "weighted avg": {
        "precision": 0.9445342991014841,
        "recall": 0.7110675808031341,
        "f1-score": 0.8032589274186868,
        "support": 21441.0
    },
    "Accuracy": 0.7110675808031341,
    "F1 - Avg. Macro": 0.4651901643480064,
    "F1 - Positives": 0.10256410256410256
}