{
    "Not Affected": {
        "precision": 0.97132804705141,
        "recall": 0.892927830074825,
        "f1-score": 0.9304794003722521,
        "support": 20715.0
    },
    "Affected": {
        "precision": 0.0750625521267723,
        "recall": 0.24793388429752067,
        "f1-score": 0.11523687580025609,
        "support": 726.0
    },
    "accuracy": 0.8710881022340375,
    "macro avg": {
        "precision": 0.5231952995890912,
        "recall": 0.5704308571861728,
        "f1-score": 0.522858138086254,
        "support": 21441.0
    },
    "weighted avg": {
        "precision": 0.9409801738498201,
        "recall": 0.8710881022340375,
        "f1-score": 0.9028749941953355,
        "support": 21441.0
    },
    "Accuracy": 0.8710881022340375,
    "F1 - Avg. Macro": 0.522858138086254,
    "F1 - Positives": 0.11523687580025609
}