{
    "Not Affected": {
        "precision": 0.9737305178481649,
        "recall": 0.747960415158098,
        "f1-score": 0.8460425369263112,
        "support": 20715.0
    },
    "Affected": {
        "precision": 0.05570627599927654,
        "recall": 0.42424242424242425,
        "f1-score": 0.09848121502797762,
        "support": 726.0
    },
    "accuracy": 0.7369992071265333,
    "macro avg": {
        "precision": 0.5147183969237207,
        "recall": 0.5861014197002611,
        "f1-score": 0.47226187597714436,
        "support": 21441.0
    },
    "weighted avg": {
        "precision": 0.9426458856210165,
        "recall": 0.7369992071265333,
        "f1-score": 0.8207298407042045,
        "support": 21441.0
    },
    "Accuracy": 0.7369992071265333,
    "F1 - Avg. Macro": 0.47226187597714436,
    "F1 - Positives": 0.09848121502797762
}