{
    "Not Affected": {
        "precision": 0.19298245614035087,
        "recall": 0.43137254901960786,
        "f1-score": 0.26666666666666666,
        "support": 51.0
    },
    "Affected": {
        "precision": 0.7603305785123967,
        "recall": 0.5,
        "f1-score": 0.6032786885245902,
        "support": 184.0
    },
    "accuracy": 0.4851063829787234,
    "macro avg": {
        "precision": 0.4766565173263738,
        "recall": 0.46568627450980393,
        "f1-score": 0.4349726775956284,
        "support": 235.0
    },
    "weighted avg": {
        "precision": 0.6372039647210166,
        "recall": 0.4851063829787234,
        "f1-score": 0.5302267178235089,
        "support": 235.0
    },
    "Accuracy": 0.4851063829787234,
    "F1 - Avg. Macro": 0.4349726775956284,
    "F1 - Positives": 0.6032786885245902
}