{
    "Not Affected": {
        "precision": 0.9701749213836478,
        "recall": 0.9531740284817765,
        "f1-score": 0.9615993376677138,
        "support": 20715.0
    },
    "Affected": {
        "precision": 0.10927456382001836,
        "recall": 0.16391184573002754,
        "f1-score": 0.13112947658402205,
        "support": 726.0
    },
    "accuracy": 0.9264493260575533,
    "macro avg": {
        "precision": 0.5397247426018331,
        "recall": 0.558542937105902,
        "f1-score": 0.5463644071258679,
        "support": 21441.0
    },
    "weighted avg": {
        "precision": 0.9410245244995846,
        "recall": 0.9264493260575533,
        "f1-score": 0.9334793283795854,
        "support": 21441.0
    },
    "Accuracy": 0.9264493260575533,
    "F1 - Avg. Macro": 0.5463644071258679,
    "F1 - Positives": 0.13112947658402205
}