{
    "Not Affected": {
        "precision": 0.9732496892939575,
        "recall": 0.7938691769249336,
        "f1-score": 0.8744549611826012,
        "support": 20715.0
    },
    "Affected": {
        "precision": 0.06029929577464789,
        "recall": 0.3774104683195592,
        "f1-score": 0.10398481973434535,
        "support": 726.0
    },
    "accuracy": 0.779767734713866,
    "macro avg": {
        "precision": 0.5167744925343027,
        "recall": 0.5856398226222465,
        "f1-score": 0.4892198904584733,
        "support": 21441.0
    },
    "weighted avg": {
        "precision": 0.9423368594028603,
        "recall": 0.779767734713866,
        "f1-score": 0.848366564060665,
        "support": 21441.0
    },
    "Accuracy": 0.779767734713866,
    "F1 - Avg. Macro": 0.4892198904584733,
    "F1 - Positives": 0.10398481973434535
}