{
    "Not Affected": {
        "precision": 0.9719754277301111,
        "recall": 0.924209510016896,
        "f1-score": 0.9474908443036721,
        "support": 20715.0
    },
    "Affected": {
        "precision": 0.09977064220183486,
        "recall": 0.2396694214876033,
        "f1-score": 0.1408906882591093,
        "support": 726.0
    },
    "accuracy": 0.9010307355067394,
    "macro avg": {
        "precision": 0.535873034965973,
        "recall": 0.5819394657522496,
        "f1-score": 0.5441907662813907,
        "support": 21441.0
    },
    "weighted avg": {
        "precision": 0.9424422588343727,
        "recall": 0.9010307355067394,
        "f1-score": 0.9201790718449083,
        "support": 21441.0
    },
    "Accuracy": 0.9010307355067394,
    "F1 - Avg. Macro": 0.5441907662813907,
    "F1 - Positives": 0.1408906882591093
}