{
    "Not Affected": {
        "precision": 0.9723235357219481,
        "recall": 0.8751146512189235,
        "f1-score": 0.9211616148784267,
        "support": 20715.0
    },
    "Affected": {
        "precision": 0.07508044333214157,
        "recall": 0.2892561983471074,
        "f1-score": 0.11921657678115243,
        "support": 726.0
    },
    "accuracy": 0.8552772725152745,
    "macro avg": {
        "precision": 0.5237019895270448,
        "recall": 0.5821854247830155,
        "f1-score": 0.5201890958297896,
        "support": 21441.0
    },
    "weighted avg": {
        "precision": 0.9419425607172841,
        "recall": 0.8552772725152745,
        "f1-score": 0.8940074663938122,
        "support": 21441.0
    },
    "Accuracy": 0.8552772725152745,
    "F1 - Avg. Macro": 0.5201890958297896,
    "F1 - Positives": 0.11921657678115243
}