{
    "Not Affected": {
        "precision": 0.9690751306515798,
        "recall": 0.9757180786869418,
        "f1-score": 0.9723852593091504,
        "support": 20715.0
    },
    "Affected": {
        "precision": 0.1386986301369863,
        "recall": 0.1115702479338843,
        "f1-score": 0.12366412213740458,
        "support": 726.0
    },
    "accuracy": 0.9464577211883775,
    "macro avg": {
        "precision": 0.553886880394283,
        "recall": 0.5436441633104131,
        "f1-score": 0.5480246907232775,
        "support": 21441.0
    },
    "weighted avg": {
        "precision": 0.9409582825860233,
        "recall": 0.9464577211883775,
        "f1-score": 0.943647255224141,
        "support": 21441.0
    },
    "Accuracy": 0.9464577211883775,
    "F1 - Avg. Macro": 0.5480246907232775,
    "F1 - Positives": 0.12366412213740458
}