{
    "Not Affected": {
        "precision": 0.9694843742334298,
        "recall": 0.9539464156408399,
        "f1-score": 0.9616526351647282,
        "support": 20715.0
    },
    "Affected": {
        "precision": 0.09829867674858223,
        "recall": 0.14325068870523416,
        "f1-score": 0.11659192825112108,
        "support": 726.0
    },
    "accuracy": 0.9264959656732429,
    "macro avg": {
        "precision": 0.533891525491006,
        "recall": 0.548598552173037,
        "f1-score": 0.5391222817079246,
        "support": 21441.0
    },
    "weighted avg": {
        "precision": 0.9399857120267231,
        "recall": 0.9264959656732429,
        "f1-score": 0.9330385745696403,
        "support": 21441.0
    },
    "Accuracy": 0.9264959656732429,
    "F1 - Avg. Macro": 0.5391222817079246,
    "F1 - Positives": 0.11659192825112108
}