{
    "Not Affected": {
        "precision": 0.97342415275529,
        "recall": 0.8416606323919865,
        "f1-score": 0.9027597990990525,
        "support": 20715.0
    },
    "Affected": {
        "precision": 0.0708215297450425,
        "recall": 0.3443526170798898,
        "f1-score": 0.1174812030075188,
        "support": 726.0
    },
    "accuracy": 0.8248216034699875,
    "macro avg": {
        "precision": 0.5221228412501663,
        "recall": 0.5930066247359381,
        "f1-score": 0.5101205010532857,
        "support": 21441.0
    },
    "weighted avg": {
        "precision": 0.9428617021090776,
        "recall": 0.8248216034699875,
        "f1-score": 0.8761699823571816,
        "support": 21441.0
    },
    "Accuracy": 0.8248216034699875,
    "F1 - Avg. Macro": 0.5101205010532857,
    "F1 - Positives": 0.1174812030075188
}