{
    "Not Affected": {
        "precision": 0.9739850460359637,
        "recall": 0.7608979000724113,
        "f1-score": 0.8543552496070248,
        "support": 20715.0
    },
    "Affected": {
        "precision": 0.05800684670977558,
        "recall": 0.4201101928374656,
        "f1-score": 0.1019385026737968,
        "support": 726.0
    },
    "accuracy": 0.7493587052842685,
    "macro avg": {
        "precision": 0.5159959463728696,
        "recall": 0.5905040464549385,
        "f1-score": 0.4781468761404108,
        "support": 21441.0
    },
    "weighted avg": {
        "precision": 0.9429696935472358,
        "recall": 0.7493587052842685,
        "f1-score": 0.8288781469404735,
        "support": 21441.0
    },
    "Accuracy": 0.7493587052842685,
    "F1 - Avg. Macro": 0.4781468761404108,
    "F1 - Positives": 0.1019385026737968
}