{
    "Not Affected": {
        "precision": 0.9747865528281751,
        "recall": 0.7054791214096066,
        "f1-score": 0.8185509844008177,
        "support": 20715.0
    },
    "Affected": {
        "precision": 0.053961854551093195,
        "recall": 0.4793388429752066,
        "f1-score": 0.0970034843205575,
        "support": 726.0
    },
    "accuracy": 0.6978219299472972,
    "macro avg": {
        "precision": 0.5143742036896342,
        "recall": 0.5924089821924066,
        "f1-score": 0.4577772343606876,
        "support": 21441.0
    },
    "weighted avg": {
        "precision": 0.9436070961354293,
        "recall": 0.6978219299472972,
        "f1-score": 0.7941191255762169,
        "support": 21441.0
    },
    "Accuracy": 0.6978219299472972,
    "F1 - Avg. Macro": 0.4577772343606876,
    "F1 - Positives": 0.0970034843205575
}