{
    "0": {
        "precision": 0.9707479942193651,
        "recall": 0.9403813661597876,
        "f1-score": 0.9553234270021088,
        "support": 20715.0
    },
    "1": {
        "precision": 0.10116448326055313,
        "recall": 0.19146005509641872,
        "f1-score": 0.13238095238095238,
        "support": 726.0
    },
    "accuracy": 0.9150226202136095,
    "macro avg": {
        "precision": 0.5359562387399591,
        "recall": 0.5659207106281032,
        "f1-score": 0.5438521896915306,
        "support": 21441.0
    },
    "weighted avg": {
        "precision": 0.9413035826268042,
        "recall": 0.9150226202136095,
        "f1-score": 0.927458297736918,
        "support": 21441.0
    },
    "Accuracy": 0.9150226202136095,
    "F1 - Avg. Macro": 0.5438521896915306,
    "F1 - Positives": 0.13238095238095238
}