{
    "Not Affected": {
        "precision": 0.9747543756913267,
        "recall": 0.7231957518706251,
        "f1-score": 0.8303403170380224,
        "support": 20715.0
    },
    "Affected": {
        "precision": 0.055665349143610016,
        "recall": 0.465564738292011,
        "f1-score": 0.09944101206237128,
        "support": 726.0
    },
    "accuracy": 0.7144722727484726,
    "macro avg": {
        "precision": 0.5152098624174684,
        "recall": 0.594380245081318,
        "f1-score": 0.46489066455019684,
        "support": 21441.0
    },
    "weighted avg": {
        "precision": 0.9436336894698986,
        "recall": 0.7144722727484726,
        "f1-score": 0.8055918027237495,
        "support": 21441.0
    },
    "Accuracy": 0.7144722727484726,
    "F1 - Avg. Macro": 0.46489066455019684,
    "F1 - Positives": 0.09944101206237128
}