{
    "Not Affected": {
        "precision": 0.9701456073487735,
        "recall": 0.9584841902003379,
        "f1-score": 0.9642796435249266,
        "support": 20715.0
    },
    "Affected": {
        "precision": 0.11794871794871795,
        "recall": 0.1584022038567493,
        "f1-score": 0.13521457965902411,
        "support": 726.0
    },
    "accuracy": 0.9313931253206473,
    "macro avg": {
        "precision": 0.5440471626487458,
        "recall": 0.5584431970285436,
        "f1-score": 0.5497471115919753,
        "support": 21441.0
    },
    "weighted avg": {
        "precision": 0.9412899130385995,
        "recall": 0.9313931253206473,
        "f1-score": 0.9362072011777111,
        "support": 21441.0
    },
    "Accuracy": 0.9313931253206473,
    "F1 - Avg. Macro": 0.5497471115919753,
    "F1 - Positives": 0.13521457965902411
}