{
    "Not Affected": {
        "precision": 0.9738073499201095,
        "recall": 0.8237991793386436,
        "f1-score": 0.8925442610946939,
        "support": 20715.0
    },
    "Affected": {
        "precision": 0.06816441153944346,
        "recall": 0.3677685950413223,
        "f1-score": 0.11501184578936033,
        "support": 726.0
    },
    "accuracy": 0.8083578191315703,
    "macro avg": {
        "precision": 0.5209858807297765,
        "recall": 0.595783887189983,
        "f1-score": 0.5037780534420271,
        "support": 21441.0
    },
    "weighted avg": {
        "precision": 0.9431419530979294,
        "recall": 0.8083578191315703,
        "f1-score": 0.8662167328305425,
        "support": 21441.0
    },
    "Accuracy": 0.8083578191315703,
    "F1 - Avg. Macro": 0.5037780534420271,
    "F1 - Positives": 0.11501184578936033
}