{
    "Not Affected": {
        "precision": 0.9735692813793886,
        "recall": 0.8286265990827902,
        "f1-score": 0.8952693892452929,
        "support": 20715.0
    },
    "Affected": {
        "precision": 0.06824146981627296,
        "recall": 0.3581267217630854,
        "f1-score": 0.1146384479717813,
        "support": 726.0
    },
    "accuracy": 0.8126953033907001,
    "macro avg": {
        "precision": 0.5209053755978308,
        "recall": 0.5933766604229378,
        "f1-score": 0.5049539186085371,
        "support": 21441.0
    },
    "weighted avg": {
        "precision": 0.9429145548650085,
        "recall": 0.8126953033907001,
        "f1-score": 0.8688369437733201,
        "support": 21441.0
    },
    "Accuracy": 0.8126953033907001,
    "F1 - Avg. Macro": 0.5049539186085371,
    "F1 - Positives": 0.1146384479717813
}