{
    "Not Affected": {
        "precision": 0.971655266757866,
        "recall": 0.8572049239681391,
        "f1-score": 0.9108489356245191,
        "support": 20715.0
    },
    "Affected": {
        "precision": 0.065698041692988,
        "recall": 0.2865013774104683,
        "f1-score": 0.10688591983556012,
        "support": 726.0
    },
    "accuracy": 0.8378806958630661,
    "macro avg": {
        "precision": 0.518676654225427,
        "recall": 0.5718531506893036,
        "f1-score": 0.5088674277300396,
        "support": 21441.0
    },
    "weighted avg": {
        "precision": 0.940979228075104,
        "recall": 0.8378806958630661,
        "f1-score": 0.883626457686793,
        "support": 21441.0
    },
    "Accuracy": 0.8378806958630661,
    "F1 - Avg. Macro": 0.5088674277300396,
    "F1 - Positives": 0.10688591983556012
}