{
    "Not Affected": {
        "precision": 0.9692426360699995,
        "recall": 0.9705527395607048,
        "f1-score": 0.9698972454049882,
        "support": 20715.0
    },
    "Affected": {
        "precision": 0.12607449856733524,
        "recall": 0.12121212121212122,
        "f1-score": 0.12359550561797752,
        "support": 726.0
    },
    "accuracy": 0.9417937596194207,
    "macro avg": {
        "precision": 0.5476585673186674,
        "recall": 0.5458824303864129,
        "f1-score": 0.5467463755114829,
        "support": 21441.0
    },
    "weighted avg": {
        "precision": 0.940692658558366,
        "recall": 0.9417937596194207,
        "f1-score": 0.9412411629888057,
        "support": 21441.0
    },
    "Accuracy": 0.9417937596194207,
    "F1 - Avg. Macro": 0.5467463755114829,
    "F1 - Positives": 0.12359550561797752
}