{
    "Not Affected": {
        "precision": 0.9723097587436069,
        "recall": 0.9085686700458605,
        "f1-score": 0.9393591535236574,
        "support": 20715.0
    },
    "Affected": {
        "precision": 0.09117082533589252,
        "recall": 0.26170798898071623,
        "f1-score": 0.13523131672597866,
        "support": 726.0
    },
    "accuracy": 0.8866657338743529,
    "macro avg": {
        "precision": 0.5317402920397497,
        "recall": 0.5851383295132884,
        "f1-score": 0.537295235124818,
        "support": 21441.0
    },
    "weighted avg": {
        "precision": 0.942474076375527,
        "recall": 0.8866657338743529,
        "f1-score": 0.9121310946870774,
        "support": 21441.0
    },
    "Accuracy": 0.8866657338743529,
    "F1 - Avg. Macro": 0.537295235124818,
    "F1 - Positives": 0.13523131672597866
}