{
    "Not Affected": {
        "precision": 0.7419354838709677,
        "recall": 0.45098039215686275,
        "f1-score": 0.5609756097560976,
        "support": 51.0
    },
    "Affected": {
        "precision": 0.8627450980392157,
        "recall": 0.9565217391304348,
        "f1-score": 0.9072164948453608,
        "support": 184.0
    },
    "accuracy": 0.8468085106382979,
    "macro avg": {
        "precision": 0.8023402909550917,
        "recall": 0.7037510656436488,
        "f1-score": 0.7340960523007292,
        "support": 235.0
    },
    "weighted avg": {
        "precision": 0.8365268413473832,
        "recall": 0.8468085106382979,
        "f1-score": 0.8320748559536485,
        "support": 235.0
    },
    "Accuracy": 0.8468085106382979,
    "F1 - Avg. Macro": 0.7340960523007292,
    "F1 - Positives": 0.9072164948453608
}