{
    "Not Affected": {
        "precision": 0.9718420904432055,
        "recall": 0.8330678252474053,
        "f1-score": 0.8971199833645248,
        "support": 20715.0
    },
    "Affected": {
        "precision": 0.061346362649294245,
        "recall": 0.31129476584022037,
        "f1-score": 0.10249433106575964,
        "support": 726.0
    },
    "accuracy": 0.8154004011006949,
    "macro avg": {
        "precision": 0.5165942265462499,
        "recall": 0.5721812955438128,
        "f1-score": 0.49980715721514224,
        "support": 21441.0
    },
    "weighted avg": {
        "precision": 0.9410123764196814,
        "recall": 0.8154004011006949,
        "f1-score": 0.8702136719252772,
        "support": 21441.0
    },
    "Accuracy": 0.8154004011006949,
    "F1 - Avg. Macro": 0.49980715721514224,
    "F1 - Positives": 0.10249433106575964
}