{
    "Not Affected": {
        "precision": 0.9724677272483797,
        "recall": 0.8764180545498431,
        "f1-score": 0.9219479991874873,
        "support": 20715.0
    },
    "Affected": {
        "precision": 0.07647907647907648,
        "recall": 0.29201101928374656,
        "f1-score": 0.12121212121212122,
        "support": 726.0
    },
    "accuracy": 0.8566298213702719,
    "macro avg": {
        "precision": 0.524473401863728,
        "recall": 0.5842145369167948,
        "f1-score": 0.5215800601998042,
        "support": 21441.0
    },
    "weighted avg": {
        "precision": 0.9421292280898276,
        "recall": 0.8566298213702719,
        "f1-score": 0.894834793301096,
        "support": 21441.0
    },
    "Accuracy": 0.8566298213702719,
    "F1 - Avg. Macro": 0.5215800601998042,
    "F1 - Positives": 0.12121212121212122
}