{
    "Not Affected": {
        "precision": 0.9714474699592107,
        "recall": 0.8507844557084239,
        "f1-score": 0.9071209820624341,
        "support": 20715.0
    },
    "Affected": {
        "precision": 0.06304940891179145,
        "recall": 0.2865013774104683,
        "f1-score": 0.10335403726708074,
        "support": 726.0
    },
    "accuracy": 0.8316776269763537,
    "macro avg": {
        "precision": 0.517248439435501,
        "recall": 0.5686429165594461,
        "f1-score": 0.5052375096647574,
        "support": 21441.0
    },
    "weighted avg": {
        "precision": 0.9406887836889609,
        "recall": 0.8316776269763537,
        "f1-score": 0.8799051431593313,
        "support": 21441.0
    },
    "Accuracy": 0.8316776269763537,
    "F1 - Avg. Macro": 0.5052375096647574,
    "F1 - Positives": 0.10335403726708074
}