{
    "Not Affected": {
        "precision": 0.9692508206217416,
        "recall": 0.9692976104272266,
        "f1-score": 0.9692742149598127,
        "support": 20715.0
    },
    "Affected": {
        "precision": 0.12275862068965518,
        "recall": 0.12258953168044077,
        "f1-score": 0.12267401791867677,
        "support": 726.0
    },
    "accuracy": 0.9406277692271816,
    "macro avg": {
        "precision": 0.5460047206556984,
        "recall": 0.5459435710538337,
        "f1-score": 0.5459741164392448,
        "support": 21441.0
    },
    "weighted avg": {
        "precision": 0.9405882891562927,
        "recall": 0.9406277692271816,
        "f1-score": 0.9406080266732653,
        "support": 21441.0
    },
    "Accuracy": 0.9406277692271816,
    "F1 - Avg. Macro": 0.5459741164392448,
    "F1 - Positives": 0.12267401791867677
}