{
    "Not Affected": {
        "precision": 0.9718595578673602,
        "recall": 0.9019551049963794,
        "f1-score": 0.9356034051076615,
        "support": 20715.0
    },
    "Affected": {
        "precision": 0.08348375451263539,
        "recall": 0.2548209366391185,
        "f1-score": 0.1257647858599592,
        "support": 726.0
    },
    "accuracy": 0.8800429084464344,
    "macro avg": {
        "precision": 0.5276716561899978,
        "recall": 0.578388020817749,
        "f1-score": 0.5306840954838103,
        "support": 21441.0
    },
    "weighted avg": {
        "precision": 0.9417788324704325,
        "recall": 0.8800429084464344,
        "f1-score": 0.9081819771157847,
        "support": 21441.0
    },
    "Accuracy": 0.8800429084464344,
    "F1 - Avg. Macro": 0.5306840954838103,
    "F1 - Positives": 0.1257647858599592
}