{
    "Not Affected": {
        "precision": 0.975760166076444,
        "recall": 0.7714699493120927,
        "f1-score": 0.8616720135874694,
        "support": 20715.0
    },
    "Affected": {
        "precision": 0.06498123642109421,
        "recall": 0.453168044077135,
        "f1-score": 0.11366384522370013,
        "support": 726.0
    },
    "accuracy": 0.7606921318968332,
    "macro avg": {
        "precision": 0.520370701248769,
        "recall": 0.6123189966946139,
        "f1-score": 0.48766792940558473,
        "support": 21441.0
    },
    "weighted avg": {
        "precision": 0.9449208627356583,
        "recall": 0.7606921318968332,
        "f1-score": 0.8363441869827356,
        "support": 21441.0
    },
    "Accuracy": 0.7606921318968332,
    "F1 - Avg. Macro": 0.48766792940558473,
    "F1 - Positives": 0.11366384522370013
}