{
    "Not Affected": {
        "precision": 0.9713786454567366,
        "recall": 0.7782283369538981,
        "f1-score": 0.8641419420546219,
        "support": 20715.0
    },
    "Affected": {
        "precision": 0.05180598555211558,
        "recall": 0.34573002754820936,
        "f1-score": 0.09010949560222581,
        "support": 726.0
    },
    "accuracy": 0.7635837880695863,
    "macro avg": {
        "precision": 0.5115923155044261,
        "recall": 0.5619791822510538,
        "f1-score": 0.47712571882842386,
        "support": 21441.0
    },
    "weighted avg": {
        "precision": 0.9402415832352565,
        "recall": 0.7635837880695863,
        "f1-score": 0.8379329239992868,
        "support": 21441.0
    },
    "Accuracy": 0.7635837880695863,
    "F1 - Avg. Macro": 0.47712571882842386,
    "F1 - Positives": 0.09010949560222581
}