{
    "0": {
        "precision": 0.9733311695337011,
        "recall": 0.8685976345643254,
        "f1-score": 0.9179867860513763,
        "support": 20715.0
    },
    "1": {
        "precision": 0.07884940778341794,
        "recall": 0.3209366391184573,
        "f1-score": 0.12659603368649824,
        "support": 726.0
    },
    "accuracy": 0.850053635558043,
    "macro avg": {
        "precision": 0.5260902886585596,
        "recall": 0.5947671368413914,
        "f1-score": 0.5222914098689373,
        "support": 21441.0
    },
    "weighted avg": {
        "precision": 0.9430436941813058,
        "recall": 0.850053635558043,
        "f1-score": 0.8911900094916588,
        "support": 21441.0
    },
    "Accuracy": 0.850053635558043,
    "F1 - Avg. Macro": 0.5222914098689373,
    "F1 - Positives": 0.12659603368649824
}