{
    "Not Affected": {
        "precision": 0.97417015973717,
        "recall": 0.8302196475983586,
        "f1-score": 0.8964528655946207,
        "support": 20715.0
    },
    "Affected": {
        "precision": 0.07129654079746502,
        "recall": 0.371900826446281,
        "f1-score": 0.11965433192998005,
        "support": 726.0
    },
    "accuracy": 0.8147008068653514,
    "macro avg": {
        "precision": 0.5227333502673175,
        "recall": 0.6010602370223198,
        "f1-score": 0.5080535987623004,
        "support": 21441.0
    },
    "weighted avg": {
        "precision": 0.9435985330709592,
        "recall": 0.8147008068653514,
        "f1-score": 0.8701501868277475,
        "support": 21441.0
    },
    "Accuracy": 0.8147008068653514,
    "F1 - Avg. Macro": 0.5080535987623004,
    "F1 - Positives": 0.11965433192998005
}