{
    "0": {
        "precision": 0.9727537119240778,
        "recall": 0.9203475742215785,
        "f1-score": 0.9458252716178003,
        "support": 20715.0
    },
    "1": {
        "precision": 0.10423452768729642,
        "recall": 0.2644628099173554,
        "f1-score": 0.14953271028037382,
        "support": 726.0
    },
    "accuracy": 0.8981390793339863,
    "macro avg": {
        "precision": 0.5384941198056871,
        "recall": 0.592405192069467,
        "f1-score": 0.547678990949087,
        "support": 21441.0
    },
    "weighted avg": {
        "precision": 0.9433453388185369,
        "recall": 0.8981390793339863,
        "f1-score": 0.9188625180367653,
        "support": 21441.0
    },
    "Accuracy": 0.8981390793339863,
    "F1 - Avg. Macro": 0.547678990949087,
    "F1 - Positives": 0.14953271028037382
}