{
    "Not Affected": {
        "precision": 0.6304347826086957,
        "recall": 0.5686274509803921,
        "f1-score": 0.5979381443298969,
        "support": 51.0
    },
    "Affected": {
        "precision": 0.8835978835978836,
        "recall": 0.907608695652174,
        "f1-score": 0.8954423592493298,
        "support": 184.0
    },
    "accuracy": 0.8340425531914893,
    "macro avg": {
        "precision": 0.7570163331032896,
        "recall": 0.7381180733162831,
        "f1-score": 0.7466902517896133,
        "support": 235.0
    },
    "weighted avg": {
        "precision": 0.8286561042342726,
        "recall": 0.8340425531914893,
        "f1-score": 0.8308776147348996,
        "support": 235.0
    },
    "Accuracy": 0.8340425531914893,
    "F1 - Avg. Macro": 0.7466902517896133,
    "F1 - Positives": 0.8954423592493298
}