{
    "Not Affected": {
        "precision": 0.22321428571428573,
        "recall": 0.49019607843137253,
        "f1-score": 0.3067484662576687,
        "support": 51.0
    },
    "Affected": {
        "precision": 0.7886178861788617,
        "recall": 0.5271739130434783,
        "f1-score": 0.6319218241042345,
        "support": 184.0
    },
    "accuracy": 0.5191489361702127,
    "macro avg": {
        "precision": 0.5059160859465738,
        "recall": 0.5086849957374254,
        "f1-score": 0.4693351451809516,
        "support": 235.0
    },
    "weighted avg": {
        "precision": 0.6659132750142092,
        "recall": 0.5191489361702127,
        "f1-score": 0.5613522868694478,
        "support": 235.0
    },
    "Accuracy": 0.5191489361702127,
    "F1 - Avg. Macro": 0.4693351451809516,
    "F1 - Positives": 0.6319218241042345
}