{
    "Not Affected": {
        "precision": 0.9732118794804074,
        "recall": 0.8716389090031378,
        "f1-score": 0.9196292146276867,
        "support": 20715.0
    },
    "Affected": {
        "precision": 0.07929362880886427,
        "recall": 0.3154269972451791,
        "f1-score": 0.12672938572219147,
        "support": 726.0
    },
    "accuracy": 0.8528053728837275,
    "macro avg": {
        "precision": 0.5262527541446359,
        "recall": 0.5935329531241584,
        "f1-score": 0.5231793001749391,
        "support": 21441.0
    },
    "weighted avg": {
        "precision": 0.9429434848165605,
        "recall": 0.8528053728837275,
        "f1-score": 0.8927813401915413,
        "support": 21441.0
    },
    "Accuracy": 0.8528053728837275,
    "F1 - Avg. Macro": 0.5231793001749391,
    "F1 - Positives": 0.12672938572219147
}