{
    "Not Affected": {
        "precision": 0.9685437946307511,
        "recall": 0.5172580255853246,
        "f1-score": 0.6743659135250802,
        "support": 20715.0
    },
    "Affected": {
        "precision": 0.036423202929273465,
        "recall": 0.5206611570247934,
        "f1-score": 0.0680835734870317,
        "support": 726.0
    },
    "accuracy": 0.5173732568443636,
    "macro avg": {
        "precision": 0.5024834987800123,
        "recall": 0.5189595913050591,
        "f1-score": 0.37122474350605594,
        "support": 21441.0
    },
    "weighted avg": {
        "precision": 0.9369818549089437,
        "recall": 0.5173732568443636,
        "f1-score": 0.6538369746291508,
        "support": 21441.0
    },
    "Accuracy": 0.5173732568443636,
    "F1 - Avg. Macro": 0.37122474350605594,
    "F1 - Positives": 0.0680835734870317
}