{
    "Not Affected": {
        "precision": 0.9719175805915586,
        "recall": 0.8470673425054308,
        "f1-score": 0.9052077690938637,
        "support": 20715.0
    },
    "Affected": {
        "precision": 0.06465899025686449,
        "recall": 0.30165289256198347,
        "f1-score": 0.10649161196207148,
        "support": 726.0
    },
    "accuracy": 0.8285994123408423,
    "macro avg": {
        "precision": 0.5182882854242116,
        "recall": 0.5743601175337072,
        "f1-score": 0.5058496905279676,
        "support": 21441.0
    },
    "weighted avg": {
        "precision": 0.9411974772109799,
        "recall": 0.8285994123408423,
        "f1-score": 0.8781629516843362,
        "support": 21441.0
    },
    "Accuracy": 0.8285994123408423,
    "F1 - Avg. Macro": 0.5058496905279676,
    "F1 - Positives": 0.10649161196207148
}