{
    "Not Affected": {
        "precision": 0.9717792074390442,
        "recall": 0.867728699010379,
        "f1-score": 0.9168111802509435,
        "support": 20715.0
    },
    "Affected": {
        "precision": 0.06929347826086957,
        "recall": 0.2809917355371901,
        "f1-score": 0.1111716621253406,
        "support": 726.0
    },
    "accuracy": 0.8478615736206334,
    "macro avg": {
        "precision": 0.5205363428499569,
        "recall": 0.5743602172737845,
        "f1-score": 0.5139914211881421,
        "support": 21441.0
    },
    "weighted avg": {
        "precision": 0.9412207148601834,
        "recall": 0.8478615736206334,
        "f1-score": 0.889531935338897,
        "support": 21441.0
    },
    "Accuracy": 0.8478615736206334,
    "F1 - Avg. Macro": 0.5139914211881421,
    "F1 - Positives": 0.1111716621253406
}