{
    "Not Affected": {
        "precision": 0.970843183609141,
        "recall": 0.951580979966208,
        "f1-score": 0.9611155805846071,
        "support": 20715.0
    },
    "Affected": {
        "precision": 0.11785400175901495,
        "recall": 0.18457300275482094,
        "f1-score": 0.1438539989264627,
        "support": 726.0
    },
    "accuracy": 0.9256098129751411,
    "macro avg": {
        "precision": 0.544348592684078,
        "recall": 0.5680769913605145,
        "f1-score": 0.5524847897555349,
        "support": 21441.0
    },
    "weighted avg": {
        "precision": 0.9419606619905975,
        "recall": 0.9256098129751411,
        "f1-score": 0.933442808405893,
        "support": 21441.0
    },
    "Accuracy": 0.9256098129751411,
    "F1 - Avg. Macro": 0.5524847897555349,
    "F1 - Positives": 0.1438539989264627
}