{
    "Not Affected": {
        "precision": 0.9730791695428238,
        "recall": 0.8846729423123341,
        "f1-score": 0.9267725295843027,
        "support": 20715.0
    },
    "Affected": {
        "precision": 0.08397239263803681,
        "recall": 0.30165289256198347,
        "f1-score": 0.131373725254949,
        "support": 726.0
    },
    "accuracy": 0.8649316729630148,
    "macro avg": {
        "precision": 0.5285257810904304,
        "recall": 0.5931629174371588,
        "f1-score": 0.5290731274196259,
        "support": 21441.0
    },
    "weighted avg": {
        "precision": 0.9429736931176161,
        "recall": 0.8649316729630148,
        "f1-score": 0.8998400389381989,
        "support": 21441.0
    },
    "Accuracy": 0.8649316729630148,
    "F1 - Avg. Macro": 0.5290731274196259,
    "F1 - Positives": 0.131373725254949
}