{
    "Not Affected": {
        "precision": 0.6923076923076923,
        "recall": 0.5294117647058824,
        "f1-score": 0.6,
        "support": 51.0
    },
    "Affected": {
        "precision": 0.8775510204081632,
        "recall": 0.9347826086956522,
        "f1-score": 0.9052631578947369,
        "support": 184.0
    },
    "accuracy": 0.8468085106382979,
    "macro avg": {
        "precision": 0.7849293563579278,
        "recall": 0.7320971867007673,
        "f1-score": 0.7526315789473684,
        "support": 235.0
    },
    "weighted avg": {
        "precision": 0.8373492768629548,
        "recall": 0.8468085106382979,
        "f1-score": 0.8390145576707726,
        "support": 235.0
    },
    "Accuracy": 0.8468085106382979,
    "F1 - Avg. Macro": 0.7526315789473684,
    "F1 - Positives": 0.9052631578947369
}