{
    "Not Affected": {
        "precision": 0.9700575054531033,
        "recall": 0.9446294955346367,
        "f1-score": 0.9571746520899064,
        "support": 20715.0
    },
    "Affected": {
        "precision": 0.09613869188337273,
        "recall": 0.16804407713498623,
        "f1-score": 0.12230576441102757,
        "support": 726.0
    },
    "accuracy": 0.9183340329275687,
    "macro avg": {
        "precision": 0.533098098668238,
        "recall": 0.5563367863348114,
        "f1-score": 0.539740208250467,
        "support": 21441.0
    },
    "weighted avg": {
        "precision": 0.9404662989491331,
        "recall": 0.9183340329275687,
        "f1-score": 0.9289056901732575,
        "support": 21441.0
    },
    "Accuracy": 0.9183340329275687,
    "F1 - Avg. Macro": 0.539740208250467,
    "F1 - Positives": 0.12230576441102757
}