{
    "Not Affected": {
        "precision": 0.9720433328341072,
        "recall": 0.9399468983828144,
        "f1-score": 0.9557257154076474,
        "support": 20715.0
    },
    "Affected": {
        "precision": 0.11773049645390071,
        "recall": 0.22865013774104684,
        "f1-score": 0.15543071161048688,
        "support": 726.0
    },
    "accuracy": 0.9158621332960216,
    "macro avg": {
        "precision": 0.544886914644004,
        "recall": 0.5842985180619307,
        "f1-score": 0.5555782135090671,
        "support": 21441.0
    },
    "weighted avg": {
        "precision": 0.9431159917953482,
        "recall": 0.9158621332960216,
        "f1-score": 0.9286274376800815,
        "support": 21441.0
    },
    "Accuracy": 0.9158621332960216,
    "F1 - Avg. Macro": 0.5555782135090671,
    "F1 - Positives": 0.15543071161048688
}