{
    "Not Affected": {
        "precision": 0.9709641140987629,
        "recall": 0.9169201062032344,
        "f1-score": 0.9431685577376666,
        "support": 20715.0
    },
    "Affected": {
        "precision": 0.08408728046833422,
        "recall": 0.21763085399449036,
        "f1-score": 0.12130518234165068,
        "support": 726.0
    },
    "accuracy": 0.8932419196865817,
    "macro avg": {
        "precision": 0.5275256972835486,
        "recall": 0.5672754800988624,
        "f1-score": 0.5322368700396587,
        "support": 21441.0
    },
    "weighted avg": {
        "precision": 0.9409341443578138,
        "recall": 0.8932419196865817,
        "f1-score": 0.9153399671617836,
        "support": 21441.0
    },
    "Accuracy": 0.8932419196865817,
    "F1 - Avg. Macro": 0.5322368700396587,
    "F1 - Positives": 0.12130518234165068
}