{
    "Not Affected": {
        "precision": 0.9703378001116695,
        "recall": 0.6711561670287232,
        "f1-score": 0.7934822931826613,
        "support": 20715.0
    },
    "Affected": {
        "precision": 0.04231688457753409,
        "recall": 0.41460055096418735,
        "f1-score": 0.07679550963133053,
        "support": 726.0
    },
    "accuracy": 0.6624691012546057,
    "macro avg": {
        "precision": 0.5063273423446017,
        "recall": 0.5428783589964552,
        "f1-score": 0.4351389014069959,
        "support": 21441.0
    },
    "weighted avg": {
        "precision": 0.9389146769048329,
        "recall": 0.6624691012546057,
        "f1-score": 0.769215019974403,
        "support": 21441.0
    },
    "Accuracy": 0.6624691012546057,
    "F1 - Avg. Macro": 0.4351389014069959,
    "F1 - Positives": 0.07679550963133053
}