{
    "Not Affected": {
        "precision": 0.972616083991774,
        "recall": 0.8675838764180546,
        "f1-score": 0.9171025438216008,
        "support": 20715.0
    },
    "Affected": {
        "precision": 0.07424907188660142,
        "recall": 0.30303030303030304,
        "f1-score": 0.11927351585795609,
        "support": 726.0
    },
    "accuracy": 0.8484678886245978,
    "macro avg": {
        "precision": 0.5234325779391877,
        "recall": 0.5853070897241788,
        "f1-score": 0.5181880298397785,
        "support": 21441.0
    },
    "weighted avg": {
        "precision": 0.9421970526598232,
        "recall": 0.8484678886245978,
        "f1-score": 0.8900877649259521,
        "support": 21441.0
    },
    "Accuracy": 0.8484678886245978,
    "F1 - Avg. Macro": 0.5181880298397785,
    "F1 - Positives": 0.11927351585795609
}