{
    "Not Affected": {
        "precision": 0.9723412543825477,
        "recall": 0.8434467776973208,
        "f1-score": 0.9033192017371523,
        "support": 20715.0
    },
    "Affected": {
        "precision": 0.06595622119815668,
        "recall": 0.3154269972451791,
        "f1-score": 0.10909957122439257,
        "support": 726.0
    },
    "accuracy": 0.8255678373210205,
    "macro avg": {
        "precision": 0.5191487377903522,
        "recall": 0.5794368874712499,
        "f1-score": 0.5062093864807724,
        "support": 21441.0
    },
    "weighted avg": {
        "precision": 0.9416507299624242,
        "recall": 0.8255678373210205,
        "f1-score": 0.8764266383421491,
        "support": 21441.0
    },
    "Accuracy": 0.8255678373210205,
    "F1 - Avg. Macro": 0.5062093864807724,
    "F1 - Positives": 0.10909957122439257
}