{
    "Not Affected": {
        "precision": 0.9721240675304279,
        "recall": 0.8366883900555153,
        "f1-score": 0.8993358239933582,
        "support": 20715.0
    },
    "Affected": {
        "precision": 0.06339977851605759,
        "recall": 0.3154269972451791,
        "f1-score": 0.10557860765329645,
        "support": 726.0
    },
    "accuracy": 0.8190382911244811,
    "macro avg": {
        "precision": 0.5177619230232428,
        "recall": 0.5760576936503472,
        "f1-score": 0.5024572158233274,
        "support": 21441.0
    },
    "weighted avg": {
        "precision": 0.9413543350634519,
        "recall": 0.8190382911244811,
        "f1-score": 0.8724589181091699,
        "support": 21441.0
    },
    "Accuracy": 0.8190382911244811,
    "F1 - Avg. Macro": 0.5024572158233274,
    "F1 - Positives": 0.10557860765329645
}