{
    "Not Affected": {
        "precision": 0.9706178305494063,
        "recall": 0.9313058170407917,
        "f1-score": 0.9505555418688872,
        "support": 20715.0
    },
    "Affected": {
        "precision": 0.09073482428115016,
        "recall": 0.19559228650137742,
        "f1-score": 0.12396333478830206,
        "support": 726.0
    },
    "accuracy": 0.9063942913110395,
    "macro avg": {
        "precision": 0.5306763274152783,
        "recall": 0.5634490517710846,
        "f1-score": 0.5372594383285947,
        "support": 21441.0
    },
    "weighted avg": {
        "precision": 0.9408246743276464,
        "recall": 0.9063942913110395,
        "f1-score": 0.9225668313451006,
        "support": 21441.0
    },
    "Accuracy": 0.9063942913110395,
    "F1 - Avg. Macro": 0.5372594383285947,
    "F1 - Positives": 0.12396333478830206
}