{
    "Not Affected": {
        "precision": 0.8333333333333334,
        "recall": 0.39215686274509803,
        "f1-score": 0.5333333333333333,
        "support": 51.0
    },
    "Affected": {
        "precision": 0.8530805687203792,
        "recall": 0.9782608695652174,
        "f1-score": 0.9113924050632911,
        "support": 184.0
    },
    "accuracy": 0.851063829787234,
    "macro avg": {
        "precision": 0.8432069510268563,
        "recall": 0.6852088661551577,
        "f1-score": 0.7223628691983122,
        "support": 235.0
    },
    "weighted avg": {
        "precision": 0.8487949984874459,
        "recall": 0.851063829787234,
        "f1-score": 0.8293455426878533,
        "support": 235.0
    },
    "Accuracy": 0.851063829787234,
    "F1 - Avg. Macro": 0.7223628691983122,
    "F1 - Positives": 0.9113924050632911
}