{
    "Not Affected": {
        "precision": 0.9716916238954442,
        "recall": 0.8865073618151098,
        "f1-score": 0.9271469682435503,
        "support": 20715.0
    },
    "Affected": {
        "precision": 0.07513768686073957,
        "recall": 0.2630853994490358,
        "f1-score": 0.11689106487148103,
        "support": 726.0
    },
    "accuracy": 0.8653980691199105,
    "macro avg": {
        "precision": 0.5234146553780918,
        "recall": 0.5747963806320728,
        "f1-score": 0.5220190165575156,
        "support": 21441.0
    },
    "weighted avg": {
        "precision": 0.9413339839398825,
        "recall": 0.8653980691199105,
        "f1-score": 0.8997114108605866,
        "support": 21441.0
    },
    "Accuracy": 0.8653980691199105,
    "F1 - Avg. Macro": 0.5220190165575156,
    "F1 - Positives": 0.11689106487148103
}