{
    "Not Affected": {
        "precision": 0.9729332516840171,
        "recall": 0.7669804489500363,
        "f1-score": 0.8577675799703064,
        "support": 20715.0
    },
    "Affected": {
        "precision": 0.05556642535707298,
        "recall": 0.39118457300275483,
        "f1-score": 0.09731026212095255,
        "support": 726.0
    },
    "accuracy": 0.754255864931673,
    "macro avg": {
        "precision": 0.5142498385205451,
        "recall": 0.5790825109763955,
        "f1-score": 0.47753892104562945,
        "support": 21441.0
    },
    "weighted avg": {
        "precision": 0.9418708797837624,
        "recall": 0.7542558649316731,
        "f1-score": 0.8320182206699646,
        "support": 21441.0
    },
    "Accuracy": 0.754255864931673,
    "F1 - Avg. Macro": 0.47753892104562945,
    "F1 - Positives": 0.09731026212095255
}