{
    "Not Affected": {
        "precision": 0.9700643992755081,
        "recall": 0.9307748008689356,
        "f1-score": 0.9500135498016802,
        "support": 20715.0
    },
    "Affected": {
        "precision": 0.08370607028753993,
        "recall": 0.18044077134986225,
        "f1-score": 0.11436054124836316,
        "support": 726.0
    },
    "accuracy": 0.9053682197658691,
    "macro avg": {
        "precision": 0.526885234781524,
        "recall": 0.5556077861093989,
        "f1-score": 0.5321870455250217,
        "support": 21441.0
    },
    "weighted avg": {
        "precision": 0.9400519862889279,
        "recall": 0.9053682197658691,
        "f1-score": 0.9217180372691628,
        "support": 21441.0
    },
    "Accuracy": 0.9053682197658691,
    "F1 - Avg. Macro": 0.5321870455250217,
    "F1 - Positives": 0.11436054124836316
}