{
    "Not Affected": {
        "precision": 0.9696094061379036,
        "recall": 0.9395124306058412,
        "f1-score": 0.9543236815652046,
        "support": 20715.0
    },
    "Affected": {
        "precision": 0.08473338203067933,
        "recall": 0.15977961432506887,
        "f1-score": 0.11073985680190931,
        "support": 726.0
    },
    "accuracy": 0.9131103959703372,
    "macro avg": {
        "precision": 0.5271713940842915,
        "recall": 0.549646022465455,
        "f1-score": 0.5325317691835569,
        "support": 21441.0
    },
    "weighted avg": {
        "precision": 0.9396471845296835,
        "recall": 0.9131103959703372,
        "f1-score": 0.925759628732867,
        "support": 21441.0
    },
    "Accuracy": 0.9131103959703372,
    "F1 - Avg. Macro": 0.5325317691835569,
    "F1 - Positives": 0.11073985680190931
}