{
    "Not Affected": {
        "precision": 0.9702476038338658,
        "recall": 0.938257301472363,
        "f1-score": 0.9539843424055758,
        "support": 20715.0
    },
    "Affected": {
        "precision": 0.09226401703335699,
        "recall": 0.1790633608815427,
        "f1-score": 0.12177985948477751,
        "support": 726.0
    },
    "accuracy": 0.9125507205820624,
    "macro avg": {
        "precision": 0.5312558104336114,
        "recall": 0.5586603311769528,
        "f1-score": 0.5378821009451766,
        "support": 21441.0
    },
    "weighted avg": {
        "precision": 0.9405187626409565,
        "recall": 0.9125507205820624,
        "f1-score": 0.9258055981958608,
        "support": 21441.0
    },
    "Accuracy": 0.9125507205820624,
    "F1 - Avg. Macro": 0.5378821009451766,
    "F1 - Positives": 0.12177985948477751
}