{
    "Not Affected": {
        "precision": 0.9707440100882724,
        "recall": 0.9290369297610427,
        "f1-score": 0.9494326591021214,
        "support": 20715.0
    },
    "Affected": {
        "precision": 0.09034653465346534,
        "recall": 0.20110192837465565,
        "f1-score": 0.1246797608881298,
        "support": 726.0
    },
    "accuracy": 0.9043887878363882,
    "macro avg": {
        "precision": 0.5305452723708689,
        "recall": 0.5650694290678492,
        "f1-score": 0.5370562099951256,
        "support": 21441.0
    },
    "weighted avg": {
        "precision": 0.9409334337548146,
        "recall": 0.9043887878363882,
        "f1-score": 0.9215062282405311,
        "support": 21441.0
    },
    "Accuracy": 0.9043887878363882,
    "F1 - Avg. Macro": 0.5370562099951256,
    "F1 - Positives": 0.1246797608881298
}