{
    "Not Affected": {
        "precision": 0.9736274882718398,
        "recall": 0.7413951243060584,
        "f1-score": 0.8417879360903285,
        "support": 20715.0
    },
    "Affected": {
        "precision": 0.054702664549144166,
        "recall": 0.42699724517906334,
        "f1-score": 0.09698107304864696,
        "support": 726.0
    },
    "accuracy": 0.7307494986241313,
    "macro avg": {
        "precision": 0.5141650764104919,
        "recall": 0.5841961847425609,
        "f1-score": 0.46938450456948777,
        "support": 21441.0
    },
    "weighted avg": {
        "precision": 0.9425123620173425,
        "recall": 0.7307494986241313,
        "f1-score": 0.8165685068394419,
        "support": 21441.0
    },
    "Accuracy": 0.7307494986241313,
    "F1 - Avg. Macro": 0.46938450456948777,
    "F1 - Positives": 0.09698107304864696
}