{
    "Not Affected": {
        "precision": 0.969548965860952,
        "recall": 0.9391262370263095,
        "f1-score": 0.9540951446787641,
        "support": 20715.0
    },
    "Affected": {
        "precision": 0.08357558139534883,
        "recall": 0.1584022038567493,
        "f1-score": 0.10941960038058991,
        "support": 726.0
    },
    "accuracy": 0.9126906394291311,
    "macro avg": {
        "precision": 0.5265622736281504,
        "recall": 0.5487642204415294,
        "f1-score": 0.531757372529677,
        "support": 21441.0
    },
    "weighted avg": {
        "precision": 0.9395495872348604,
        "recall": 0.9126906394291311,
        "f1-score": 0.925494125828875,
        "support": 21441.0
    },
    "Accuracy": 0.9126906394291311,
    "F1 - Avg. Macro": 0.531757372529677,
    "F1 - Positives": 0.10941960038058991
}