{
    "Not Affected": {
        "precision": 0.9669698009608785,
        "recall": 0.5440984793627806,
        "f1-score": 0.6963640295326063,
        "support": 20715.0
    },
    "Affected": {
        "precision": 0.03484925907000511,
        "recall": 0.4696969696969697,
        "f1-score": 0.06488440681191134,
        "support": 726.0
    },
    "accuracy": 0.5415792173872487,
    "macro avg": {
        "precision": 0.5009095300154418,
        "recall": 0.5068977245298751,
        "f1-score": 0.38062421817225883,
        "support": 21441.0
    },
    "weighted avg": {
        "precision": 0.9354078629256761,
        "recall": 0.5415792173872487,
        "f1-score": 0.6749819015490596,
        "support": 21441.0
    },
    "Accuracy": 0.5415792173872487,
    "F1 - Avg. Macro": 0.38062421817225883,
    "F1 - Positives": 0.06488440681191134
}