{
    "Not Affected": {
        "precision": 0.9697119179163378,
        "recall": 0.9489741733043688,
        "f1-score": 0.9592309756752141,
        "support": 20715.0
    },
    "Affected": {
        "precision": 0.09580838323353294,
        "recall": 0.15426997245179064,
        "f1-score": 0.11820580474934037,
        "support": 726.0
    },
    "accuracy": 0.922065202182734,
    "macro avg": {
        "precision": 0.5327601505749354,
        "recall": 0.5516220728780797,
        "f1-score": 0.5387183902122772,
        "support": 21441.0
    },
    "weighted avg": {
        "precision": 0.9401212287609944,
        "recall": 0.922065202182734,
        "f1-score": 0.9307535597854615,
        "support": 21441.0
    },
    "Accuracy": 0.922065202182734,
    "F1 - Avg. Macro": 0.5387183902122772,
    "F1 - Positives": 0.11820580474934037
}