{
    "Not Affected": {
        "precision": 0.9724822695035461,
        "recall": 0.8274197441467536,
        "f1-score": 0.8941053729786124,
        "support": 20715.0
    },
    "Affected": {
        "precision": 0.06315513626834382,
        "recall": 0.3319559228650138,
        "f1-score": 0.10612065169528842,
        "support": 726.0
    },
    "accuracy": 0.8106431603003591,
    "macro avg": {
        "precision": 0.517818702885945,
        "recall": 0.5796878335058837,
        "f1-score": 0.5001130123369504,
        "support": 21441.0
    },
    "weighted avg": {
        "precision": 0.9416921245136316,
        "recall": 0.8106431603003591,
        "f1-score": 0.8674239258608616,
        "support": 21441.0
    },
    "Accuracy": 0.8106431603003591,
    "F1 - Avg. Macro": 0.5001130123369504,
    "F1 - Positives": 0.10612065169528842
}