{
    "Not Affected": {
        "precision": 0.14655172413793102,
        "recall": 0.3333333333333333,
        "f1-score": 0.20359281437125748,
        "support": 51.0
    },
    "Affected": {
        "precision": 0.7142857142857143,
        "recall": 0.46195652173913043,
        "f1-score": 0.5610561056105611,
        "support": 184.0
    },
    "accuracy": 0.4340425531914894,
    "macro avg": {
        "precision": 0.4304187192118227,
        "recall": 0.3976449275362319,
        "f1-score": 0.38232445999090925,
        "support": 235.0
    },
    "weighted avg": {
        "precision": 0.5910753589770464,
        "recall": 0.4340425531914894,
        "f1-score": 0.4834789658096909,
        "support": 235.0
    },
    "Accuracy": 0.4340425531914894,
    "F1 - Avg. Macro": 0.38232445999090925,
    "F1 - Positives": 0.5610561056105611
}