{
    "Not Affected": {
        "precision": 0.9690716644008546,
        "recall": 0.9635047067342506,
        "f1-score": 0.9662801675098642,
        "support": 20715.0
    },
    "Affected": {
        "precision": 0.10532544378698225,
        "recall": 0.12258953168044077,
        "f1-score": 0.11330362826225335,
        "support": 726.0
    },
    "accuracy": 0.9350310153444336,
    "macro avg": {
        "precision": 0.5371985540939184,
        "recall": 0.5430471192073457,
        "f1-score": 0.5397918978860587,
        "support": 21441.0
    },
    "weighted avg": {
        "precision": 0.9398249055665803,
        "recall": 0.9350310153444336,
        "f1-score": 0.9373980739744058,
        "support": 21441.0
    },
    "Accuracy": 0.9350310153444336,
    "F1 - Avg. Macro": 0.5397918978860587,
    "F1 - Positives": 0.11330362826225335
}