{
    "Not Affected": {
        "precision": 0.969421767064393,
        "recall": 0.9687665942553705,
        "f1-score": 0.9690940699246668,
        "support": 20715.0
    },
    "Affected": {
        "precision": 0.12567567567567567,
        "recall": 0.128099173553719,
        "f1-score": 0.12687585266030013,
        "support": 726.0
    },
    "accuracy": 0.9403012919173546,
    "macro avg": {
        "precision": 0.5475487213700343,
        "recall": 0.5484328839045447,
        "f1-score": 0.5479849612924835,
        "support": 21441.0
    },
    "weighted avg": {
        "precision": 0.9408522198255417,
        "recall": 0.9403012919173546,
        "f1-score": 0.9405762570552143,
        "support": 21441.0
    },
    "Accuracy": 0.9403012919173546,
    "F1 - Avg. Macro": 0.5479849612924835,
    "F1 - Positives": 0.12687585266030013
}