{
    "Not Affected": {
        "precision": 0.9682880305197902,
        "recall": 0.9802075790489984,
        "f1-score": 0.9742113470073168,
        "support": 20715.0
    },
    "Affected": {
        "precision": 0.12951167728237792,
        "recall": 0.08402203856749312,
        "f1-score": 0.10192147034252297,
        "support": 726.0
    },
    "accuracy": 0.9498624131337158,
    "macro avg": {
        "precision": 0.5488998539010841,
        "recall": 0.5321148088082457,
        "f1-score": 0.5380664086749198,
        "support": 21441.0
    },
    "weighted avg": {
        "precision": 0.9398867604087711,
        "recall": 0.9498624131337158,
        "f1-score": 0.9446752968949788,
        "support": 21441.0
    },
    "Accuracy": 0.9498624131337158,
    "F1 - Avg. Macro": 0.5380664086749198,
    "F1 - Positives": 0.10192147034252297
}