{
    "Not Affected": {
        "precision": 0.9715362965323138,
        "recall": 0.8831764421916486,
        "f1-score": 0.9252516057249786,
        "support": 20715.0
    },
    "Affected": {
        "precision": 0.07279693486590039,
        "recall": 0.26170798898071623,
        "f1-score": 0.11390887290167866,
        "support": 726.0
    },
    "accuracy": 0.8621332960216408,
    "macro avg": {
        "precision": 0.522166615699107,
        "recall": 0.5724422155861824,
        "f1-score": 0.5195802393133286,
        "support": 21441.0
    },
    "weighted avg": {
        "precision": 0.9411046573098047,
        "recall": 0.8621332960216408,
        "f1-score": 0.8977792479044611,
        "support": 21441.0
    },
    "Accuracy": 0.8621332960216408,
    "F1 - Avg. Macro": 0.5195802393133286,
    "F1 - Positives": 0.11390887290167866
}