{
    "Not Affected": {
        "precision": 0.9712391636919939,
        "recall": 0.9194303644701907,
        "f1-score": 0.9446249225046497,
        "support": 20715.0
    },
    "Affected": {
        "precision": 0.08847624249044238,
        "recall": 0.2231404958677686,
        "f1-score": 0.12671098944075088,
        "support": 726.0
    },
    "accuracy": 0.8958537381651975,
    "macro avg": {
        "precision": 0.5298577030912182,
        "recall": 0.5712854301689796,
        "f1-score": 0.5356679559727002,
        "support": 21441.0
    },
    "weighted avg": {
        "precision": 0.9413484925109704,
        "recall": 0.8958537381651975,
        "f1-score": 0.9169300614718439,
        "support": 21441.0
    },
    "Accuracy": 0.8958537381651975,
    "F1 - Avg. Macro": 0.5356679559727002,
    "F1 - Positives": 0.12671098944075088
}