{
    "Not Affected": {
        "precision": 0.9696085955487337,
        "recall": 0.9148443157132513,
        "f1-score": 0.9414307004470939,
        "support": 20715.0
    },
    "Affected": {
        "precision": 0.06962025316455696,
        "recall": 0.18181818181818182,
        "f1-score": 0.10068649885583524,
        "support": 726.0
    },
    "accuracy": 0.8900237862040017,
    "macro avg": {
        "precision": 0.5196144243566453,
        "recall": 0.5483312487657166,
        "f1-score": 0.5210585996514645,
        "support": 21441.0
    },
    "weighted avg": {
        "precision": 0.9391346653882509,
        "recall": 0.8900237862040017,
        "f1-score": 0.9129627982804387,
        "support": 21441.0
    },
    "Accuracy": 0.8900237862040017,
    "F1 - Avg. Macro": 0.5210585996514645,
    "F1 - Positives": 0.10068649885583524
}