{
    "Not Affected": {
        "precision": 0.9747074158300516,
        "recall": 0.848322471638909,
        "f1-score": 0.9071340078463762,
        "support": 20715.0
    },
    "Affected": {
        "precision": 0.07913247362250879,
        "recall": 0.371900826446281,
        "f1-score": 0.1304978250362494,
        "support": 726.0
    },
    "accuracy": 0.8321906627489389,
    "macro avg": {
        "precision": 0.5269199447262802,
        "recall": 0.610111649042595,
        "f1-score": 0.5188159164413129,
        "support": 21441.0
    },
    "weighted avg": {
        "precision": 0.9443829249927458,
        "recall": 0.8321906627489389,
        "f1-score": 0.8808368263380438,
        "support": 21441.0
    },
    "Accuracy": 0.8321906627489389,
    "F1 - Avg. Macro": 0.5188159164413129,
    "F1 - Positives": 0.1304978250362494
}