{
    "Not Affected": {
        "precision": 0.9730226854690374,
        "recall": 0.7661115133960897,
        "f1-score": 0.8572586090479406,
        "support": 20715.0
    },
    "Affected": {
        "precision": 0.055739621906061194,
        "recall": 0.3939393939393939,
        "f1-score": 0.09766091855898924,
        "support": 726.0
    },
    "accuracy": 0.7535096310806398,
    "macro avg": {
        "precision": 0.5143811536875493,
        "recall": 0.5800254536677418,
        "f1-score": 0.47745976380346494,
        "support": 21441.0
    },
    "weighted avg": {
        "precision": 0.9419631498062082,
        "recall": 0.7535096310806398,
        "f1-score": 0.8315383570403393,
        "support": 21441.0
    },
    "Accuracy": 0.7535096310806398,
    "F1 - Avg. Macro": 0.47745976380346494,
    "F1 - Positives": 0.09766091855898924
}