{
    "Not Affected": {
        "precision": 0.7619047619047619,
        "recall": 0.6274509803921569,
        "f1-score": 0.6881720430107527,
        "support": 51.0
    },
    "Affected": {
        "precision": 0.9015544041450777,
        "recall": 0.9456521739130435,
        "f1-score": 0.9230769230769231,
        "support": 184.0
    },
    "accuracy": 0.8765957446808511,
    "macro avg": {
        "precision": 0.8317295830249198,
        "recall": 0.7865515771526002,
        "f1-score": 0.8056244830438379,
        "support": 235.0
    },
    "weighted avg": {
        "precision": 0.8712474605099453,
        "recall": 0.8765957446808511,
        "f1-score": 0.8720975661263926,
        "support": 235.0
    },
    "Accuracy": 0.8765957446808511,
    "F1 - Avg. Macro": 0.8056244830438379,
    "F1 - Positives": 0.9230769230769231
}