{
    "Not Affected": {
        "precision": 0.9720311522937866,
        "recall": 0.8254405020516534,
        "f1-score": 0.8927583146243409,
        "support": 20715.0
    },
    "Affected": {
        "precision": 0.06077922077922078,
        "recall": 0.32231404958677684,
        "f1-score": 0.10227272727272728,
        "support": 726.0
    },
    "accuracy": 0.80840445874726,
    "macro avg": {
        "precision": 0.5164051865365037,
        "recall": 0.5738772758192151,
        "f1-score": 0.4975155209485341,
        "support": 21441.0
    },
    "weighted avg": {
        "precision": 0.9411758329392987,
        "recall": 0.80840445874726,
        "f1-score": 0.8659921872787286,
        "support": 21441.0
    },
    "Accuracy": 0.80840445874726,
    "F1 - Avg. Macro": 0.4975155209485341,
    "F1 - Positives": 0.10227272727272728
}