{
    "Not Affected": {
        "precision": 0.9738190417206238,
        "recall": 0.8349505189476225,
        "f1-score": 0.899053955712652,
        "support": 20715.0
    },
    "Affected": {
        "precision": 0.07092391304347827,
        "recall": 0.359504132231405,
        "f1-score": 0.11847480708125284,
        "support": 726.0
    },
    "accuracy": 0.8188517326617228,
    "macro avg": {
        "precision": 0.522371477382051,
        "recall": 0.5972273255895137,
        "f1-score": 0.5087643813969525,
        "support": 21441.0
    },
    "weighted avg": {
        "precision": 0.9432466867269385,
        "recall": 0.8188517326617228,
        "f1-score": 0.8726232639582379,
        "support": 21441.0
    },
    "Accuracy": 0.8188517326617228,
    "F1 - Avg. Macro": 0.5087643813969525,
    "F1 - Positives": 0.11847480708125284
}