{
    "Not Affected": {
        "precision": 0.9701537084017311,
        "recall": 0.9414916727009414,
        "f1-score": 0.9556078200793767,
        "support": 20715.0
    },
    "Affected": {
        "precision": 0.09417040358744394,
        "recall": 0.17355371900826447,
        "f1-score": 0.12209302325581395,
        "support": 726.0
    },
    "accuracy": 0.9154890163705051,
    "macro avg": {
        "precision": 0.5321620559945875,
        "recall": 0.5575226958546029,
        "f1-score": 0.5388504216675953,
        "support": 21441.0
    },
    "weighted avg": {
        "precision": 0.9404925974789583,
        "recall": 0.9154890163705051,
        "f1-score": 0.9273847081679032,
        "support": 21441.0
    },
    "Accuracy": 0.9154890163705051,
    "F1 - Avg. Macro": 0.5388504216675953,
    "F1 - Positives": 0.12209302325581395
}