{
    "Not Affected": {
        "precision": 0.9732000659014773,
        "recall": 0.8554670528602462,
        "f1-score": 0.9105436234713801,
        "support": 20715.0
    },
    "Affected": {
        "precision": 0.07363861386138613,
        "recall": 0.3278236914600551,
        "f1-score": 0.12026275896917635,
        "support": 726.0
    },
    "accuracy": 0.8376008581689287,
    "macro avg": {
        "precision": 0.5234193398814317,
        "recall": 0.5916453721601507,
        "f1-score": 0.5154031912202782,
        "support": 21441.0
    },
    "weighted avg": {
        "precision": 0.9427405904021486,
        "recall": 0.8376008581689287,
        "f1-score": 0.8837844281153518,
        "support": 21441.0
    },
    "Accuracy": 0.8376008581689287,
    "F1 - Avg. Macro": 0.5154031912202782,
    "F1 - Positives": 0.12026275896917635
}