{
    "Not Affected": {
        "precision": 0.9720008853474988,
        "recall": 0.8479845522568187,
        "f1-score": 0.9057673962925723,
        "support": 20715.0
    },
    "Affected": {
        "precision": 0.06530127634312853,
        "recall": 0.30303030303030304,
        "f1-score": 0.10744810744810745,
        "support": 726.0
    },
    "accuracy": 0.8295322046546336,
    "macro avg": {
        "precision": 0.5186510808453136,
        "recall": 0.5755074276435609,
        "f1-score": 0.5066077518703399,
        "support": 21441.0
    },
    "weighted avg": {
        "precision": 0.9412997092765519,
        "recall": 0.8295322046546336,
        "f1-score": 0.8787360169865194,
        "support": 21441.0
    },
    "Accuracy": 0.8295322046546336,
    "F1 - Avg. Macro": 0.5066077518703399,
    "F1 - Positives": 0.10744810744810745
}