{
    "0": {
        "precision": 0.9705525810687948,
        "recall": 0.9275887038377987,
        "f1-score": 0.9485844050058007,
        "support": 20715.0
    },
    "1": {
        "precision": 0.08703590992087644,
        "recall": 0.19696969696969696,
        "f1-score": 0.12072604474461798,
        "support": 726.0
    },
    "accuracy": 0.9028496805186326,
    "macro avg": {
        "precision": 0.5287942454948357,
        "recall": 0.5622792004037478,
        "f1-score": 0.5346552248752093,
        "support": 21441.0
    },
    "weighted avg": {
        "precision": 0.9406363876424905,
        "recall": 0.9028496805186326,
        "f1-score": 0.9205528220782498,
        "support": 21441.0
    },
    "Accuracy": 0.9028496805186326,
    "F1 - Avg. Macro": 0.5346552248752093,
    "F1 - Positives": 0.12072604474461798
}