{
    "Not Affected": {
        "precision": 0.9706244864420707,
        "recall": 0.6842867487328023,
        "f1-score": 0.8026841077040686,
        "support": 20715.0
    },
    "Affected": {
        "precision": 0.0434401053093462,
        "recall": 0.4090909090909091,
        "f1-score": 0.07854026180087267,
        "support": 726.0
    },
    "accuracy": 0.6749685182594095,
    "macro avg": {
        "precision": 0.5070322958757084,
        "recall": 0.5466888289118557,
        "f1-score": 0.44061218475247066,
        "support": 21441.0
    },
    "weighted avg": {
        "precision": 0.939229688592047,
        "recall": 0.6749685182594095,
        "f1-score": 0.7781643356726464,
        "support": 21441.0
    },
    "Accuracy": 0.6749685182594095,
    "F1 - Avg. Macro": 0.44061218475247066,
    "F1 - Positives": 0.07854026180087267
}