{
    "Not Affected": {
        "precision": 0.9725887170154686,
        "recall": 0.8255853246439778,
        "f1-score": 0.8930781482545236,
        "support": 20715.0
    },
    "Affected": {
        "precision": 0.06326160228156598,
        "recall": 0.33608815426997246,
        "f1-score": 0.10648047130700415,
        "support": 726.0
    },
    "accuracy": 0.8090107737512243,
    "macro avg": {
        "precision": 0.5179251596485173,
        "recall": 0.5808367394569751,
        "f1-score": 0.49977930978076385,
        "support": 21441.0
    },
    "weighted avg": {
        "precision": 0.9417985726520147,
        "recall": 0.8090107737512243,
        "f1-score": 0.8664436669586932,
        "support": 21441.0
    },
    "Accuracy": 0.8090107737512243,
    "F1 - Avg. Macro": 0.49977930978076385,
    "F1 - Positives": 0.10648047130700415
}