{
    "Not Affected": {
        "precision": 0.9733356074819489,
        "recall": 0.8264542601979242,
        "f1-score": 0.8939014202172096,
        "support": 20715.0
    },
    "Affected": {
        "precision": 0.06671858774662513,
        "recall": 0.35399449035812675,
        "f1-score": 0.11227610310179117,
        "support": 726.0
    },
    "accuracy": 0.8104566018376008,
    "macro avg": {
        "precision": 0.520027097614287,
        "recall": 0.5902243752780255,
        "f1-score": 0.5030887616595004,
        "support": 21441.0
    },
    "weighted avg": {
        "precision": 0.9426372279134658,
        "recall": 0.8104566018376008,
        "f1-score": 0.8674353048202694,
        "support": 21441.0
    },
    "Accuracy": 0.8104566018376008,
    "F1 - Avg. Macro": 0.5030887616595004,
    "F1 - Positives": 0.11227610310179117
}