{
    "Not Affected": {
        "precision": 0.6744186046511628,
        "recall": 0.5686274509803921,
        "f1-score": 0.6170212765957447,
        "support": 51.0
    },
    "Affected": {
        "precision": 0.8854166666666666,
        "recall": 0.9239130434782609,
        "f1-score": 0.9042553191489362,
        "support": 184.0
    },
    "accuracy": 0.8468085106382979,
    "macro avg": {
        "precision": 0.7799176356589147,
        "recall": 0.7462702472293266,
        "f1-score": 0.7606382978723405,
        "support": 235.0
    },
    "weighted avg": {
        "precision": 0.8396255978888338,
        "recall": 0.8468085106382979,
        "f1-score": 0.8419194205522861,
        "support": 235.0
    },
    "Accuracy": 0.8468085106382979,
    "F1 - Avg. Macro": 0.7606382978723405,
    "F1 - Positives": 0.9042553191489362
}