{
    "Not Affected": {
        "precision": 0.9768377253814147,
        "recall": 0.6799903451605117,
        "f1-score": 0.8018215454674825,
        "support": 20715.0
    },
    "Affected": {
        "precision": 0.05583250249252243,
        "recall": 0.5399449035812672,
        "f1-score": 0.10120046469601136,
        "support": 726.0
    },
    "accuracy": 0.6752483559535469,
    "macro avg": {
        "precision": 0.5163351139369685,
        "recall": 0.6099676243708895,
        "f1-score": 0.45151100508174696,
        "support": 21441.0
    },
    "weighted avg": {
        "precision": 0.9456521560601454,
        "recall": 0.6752483559535469,
        "f1-score": 0.7780982627549184,
        "support": 21441.0
    },
    "Accuracy": 0.6752483559535469,
    "F1 - Avg. Macro": 0.45151100508174696,
    "F1 - Positives": 0.10120046469601136
}