{
    "Not Affected": {
        "precision": 0.7941176470588235,
        "recall": 0.5294117647058824,
        "f1-score": 0.6352941176470588,
        "support": 51.0
    },
    "Affected": {
        "precision": 0.8805970149253731,
        "recall": 0.9619565217391305,
        "f1-score": 0.9194805194805195,
        "support": 184.0
    },
    "accuracy": 0.8680851063829788,
    "macro avg": {
        "precision": 0.8373573309920983,
        "recall": 0.7456841432225064,
        "f1-score": 0.7773873185637892,
        "support": 235.0
    },
    "weighted avg": {
        "precision": 0.8618291521117816,
        "recall": 0.8680851063829788,
        "f1-score": 0.8578060237634706,
        "support": 235.0
    },
    "Accuracy": 0.8680851063829788,
    "F1 - Avg. Macro": 0.7773873185637892,
    "F1 - Positives": 0.9194805194805195
}