{
    "Not Affected": {
        "precision": 0.6923076923076923,
        "recall": 0.7058823529411765,
        "f1-score": 0.6990291262135923,
        "support": 51.0
    },
    "Affected": {
        "precision": 0.9180327868852459,
        "recall": 0.9130434782608695,
        "f1-score": 0.9155313351498637,
        "support": 184.0
    },
    "accuracy": 0.8680851063829788,
    "macro avg": {
        "precision": 0.805170239596469,
        "recall": 0.809462915601023,
        "f1-score": 0.8072802306817279,
        "support": 235.0
    },
    "weighted avg": {
        "precision": 0.8690456387003301,
        "recall": 0.8680851063829788,
        "f1-score": 0.8685457493807155,
        "support": 235.0
    },
    "Accuracy": 0.8680851063829788,
    "F1 - Avg. Macro": 0.8072802306817279,
    "F1 - Positives": 0.9155313351498637
}