{
    "Not Affected": {
        "precision": 0.970138819534605,
        "recall": 0.9378711078928312,
        "f1-score": 0.9537321126138288,
        "support": 20715.0
    },
    "Affected": {
        "precision": 0.09045936395759717,
        "recall": 0.1763085399449036,
        "f1-score": 0.11957029425502101,
        "support": 726.0
    },
    "accuracy": 0.9120843244251667,
    "macro avg": {
        "precision": 0.5302990917461011,
        "recall": 0.5570898239188674,
        "f1-score": 0.536651203434425,
        "support": 21441.0
    },
    "weighted avg": {
        "precision": 0.9403525556127308,
        "recall": 0.9120843244251667,
        "f1-score": 0.9254870923196031,
        "support": 21441.0
    },
    "Accuracy": 0.9120843244251667,
    "F1 - Avg. Macro": 0.536651203434425,
    "F1 - Positives": 0.11957029425502101
}