{
    "Not Affected": {
        "precision": 0.9724785944623596,
        "recall": 0.8443639874487087,
        "f1-score": 0.9039042918787629,
        "support": 20715.0
    },
    "Affected": {
        "precision": 0.06685962373371925,
        "recall": 0.3181818181818182,
        "f1-score": 0.11049988041138484,
        "support": 726.0
    },
    "accuracy": 0.8265472692505014,
    "macro avg": {
        "precision": 0.5196691090980394,
        "recall": 0.5812729028152634,
        "f1-score": 0.5072020861450739,
        "support": 21441.0
    },
    "weighted avg": {
        "precision": 0.9418140091935291,
        "recall": 0.8265472692505014,
        "f1-score": 0.8770393320949228,
        "support": 21441.0
    },
    "Accuracy": 0.8265472692505014,
    "F1 - Avg. Macro": 0.5072020861450739,
    "F1 - Positives": 0.11049988041138484
}