{
    "Not Affected": {
        "precision": 0.9727800348229831,
        "recall": 0.8091238233164374,
        "f1-score": 0.8834365529055211,
        "support": 20715.0
    },
    "Affected": {
        "precision": 0.061030634053668965,
        "recall": 0.35399449035812675,
        "f1-score": 0.10411180879076362,
        "support": 726.0
    },
    "accuracy": 0.7937129798050464,
    "macro avg": {
        "precision": 0.5169053344383261,
        "recall": 0.5815591568372821,
        "f1-score": 0.4937741808481424,
        "support": 21441.0
    },
    "weighted avg": {
        "precision": 0.9419078709799478,
        "recall": 0.7937129798050464,
        "f1-score": 0.8570483357408687,
        "support": 21441.0
    },
    "Accuracy": 0.7937129798050464,
    "F1 - Avg. Macro": 0.4937741808481424,
    "F1 - Positives": 0.10411180879076362
}