{
    "Not Affected": {
        "precision": 0.9682350131358968,
        "recall": 0.9785179821385469,
        "f1-score": 0.9733493397358943,
        "support": 20715.0
    },
    "Affected": {
        "precision": 0.12055335968379446,
        "recall": 0.08402203856749312,
        "f1-score": 0.09902597402597403,
        "support": 726.0
    },
    "accuracy": 0.948230026584581,
    "macro avg": {
        "precision": 0.5443941864098456,
        "recall": 0.53127001035302,
        "f1-score": 0.5361876568809342,
        "support": 21441.0
    },
    "weighted avg": {
        "precision": 0.9395322063448784,
        "recall": 0.948230026584581,
        "f1-score": 0.9437444349504179,
        "support": 21441.0
    },
    "Accuracy": 0.948230026584581,
    "F1 - Avg. Macro": 0.5361876568809342,
    "F1 - Positives": 0.09902597402597403
}