{
    "Not Affected": {
        "precision": 0.7346938775510204,
        "recall": 0.7058823529411765,
        "f1-score": 0.72,
        "support": 51.0
    },
    "Affected": {
        "precision": 0.9193548387096774,
        "recall": 0.9293478260869565,
        "f1-score": 0.9243243243243243,
        "support": 184.0
    },
    "accuracy": 0.8808510638297873,
    "macro avg": {
        "precision": 0.8270243581303489,
        "recall": 0.8176150895140666,
        "f1-score": 0.8221621621621622,
        "support": 235.0
    },
    "weighted avg": {
        "precision": 0.8792794811816285,
        "recall": 0.8808510638297873,
        "f1-score": 0.8799815986198966,
        "support": 235.0
    },
    "Accuracy": 0.8808510638297873,
    "F1 - Avg. Macro": 0.8221621621621622,
    "F1 - Positives": 0.9243243243243243
}