{
    "Not Affected": {
        "precision": 0.9708111833038,
        "recall": 0.9521119961380642,
        "f1-score": 0.9613706709561064,
        "support": 20715.0
    },
    "Affected": {
        "precision": 0.11822222222222223,
        "recall": 0.18319559228650137,
        "f1-score": 0.14370610480821178,
        "support": 726.0
    },
    "accuracy": 0.9260762091320367,
    "macro avg": {
        "precision": 0.5445167027630111,
        "recall": 0.5676537942122828,
        "f1-score": 0.552538387882159,
        "support": 21441.0
    },
    "weighted avg": {
        "precision": 0.9419422133049554,
        "recall": 0.9260762091320367,
        "f1-score": 0.9336842535770955,
        "support": 21441.0
    },
    "Accuracy": 0.9260762091320367,
    "F1 - Avg. Macro": 0.552538387882159,
    "F1 - Positives": 0.14370610480821178
}