{
    "Not Affected": {
        "precision": 0.9694044976353634,
        "recall": 0.9697320782041998,
        "f1-score": 0.9695682602505008,
        "support": 20715.0
    },
    "Affected": {
        "precision": 0.12795549374130738,
        "recall": 0.12672176308539945,
        "f1-score": 0.1273356401384083,
        "support": 726.0
    },
    "accuracy": 0.9411874446154563,
    "macro avg": {
        "precision": 0.5486799956883354,
        "recall": 0.5482269206447996,
        "f1-score": 0.5484519501944546,
        "support": 21441.0
    },
    "weighted avg": {
        "precision": 0.9409127306083084,
        "recall": 0.9411874446154563,
        "f1-score": 0.941049959695425,
        "support": 21441.0
    },
    "Accuracy": 0.9411874446154563,
    "F1 - Avg. Macro": 0.5484519501944546,
    "F1 - Positives": 0.1273356401384083
}