{
    "Not Affected": {
        "precision": 0.6521739130434783,
        "recall": 0.5882352941176471,
        "f1-score": 0.6185567010309279,
        "support": 51.0
    },
    "Affected": {
        "precision": 0.8888888888888888,
        "recall": 0.9130434782608695,
        "f1-score": 0.900804289544236,
        "support": 184.0
    },
    "accuracy": 0.8425531914893617,
    "macro avg": {
        "precision": 0.7705314009661836,
        "recall": 0.7506393861892583,
        "f1-score": 0.759680495287582,
        "support": 235.0
    },
    "weighted avg": {
        "precision": 0.8375167026415868,
        "recall": 0.8425531914893617,
        "f1-score": 0.8395505575690073,
        "support": 235.0
    },
    "Accuracy": 0.8425531914893617,
    "F1 - Avg. Macro": 0.759680495287582,
    "F1 - Positives": 0.900804289544236
}