{
    "Not Affected": {
        "precision": 0.9713399242742954,
        "recall": 0.8916727009413469,
        "f1-score": 0.929802924668395,
        "support": 20715.0
    },
    "Affected": {
        "precision": 0.07463917525773196,
        "recall": 0.2493112947658402,
        "f1-score": 0.1148841637575373,
        "support": 726.0
    },
    "accuracy": 0.8699221118417985,
    "macro avg": {
        "precision": 0.5229895497660136,
        "recall": 0.5704919978535935,
        "f1-score": 0.5223435442129661,
        "support": 21441.0
    },
    "weighted avg": {
        "precision": 0.9409773132120304,
        "recall": 0.8699221118417985,
        "f1-score": 0.9022094812459202,
        "support": 21441.0
    },
    "Accuracy": 0.8699221118417985,
    "F1 - Avg. Macro": 0.5223435442129661,
    "F1 - Positives": 0.1148841637575373
}