{
    "Not Affected": {
        "precision": 0.9710159313117276,
        "recall": 0.9444846729423123,
        "f1-score": 0.9575665622552858,
        "support": 20715.0
    },
    "Affected": {
        "precision": 0.10990712074303406,
        "recall": 0.19559228650137742,
        "f1-score": 0.14073339940535184,
        "support": 726.0
    },
    "accuracy": 0.9191269063942913,
    "macro avg": {
        "precision": 0.5404615260273808,
        "recall": 0.5700384797218448,
        "f1-score": 0.5491499808303189,
        "support": 21441.0
    },
    "weighted avg": {
        "precision": 0.9418584761336635,
        "recall": 0.9191269063942913,
        "f1-score": 0.9299082964920726,
        "support": 21441.0
    },
    "Accuracy": 0.9191269063942913,
    "F1 - Avg. Macro": 0.5491499808303189,
    "F1 - Positives": 0.14073339940535184
}