{
    "Not Affected": {
        "precision": 0.9730003195228459,
        "recall": 0.8820178614530534,
        "f1-score": 0.9252778973488973,
        "support": 20715.0
    },
    "Affected": {
        "precision": 0.082238077356365,
        "recall": 0.30165289256198347,
        "f1-score": 0.1292416642077309,
        "support": 726.0
    },
    "accuracy": 0.8623664941000886,
    "macro avg": {
        "precision": 0.5276191984396055,
        "recall": 0.5918353770075184,
        "f1-score": 0.5272597807783141,
        "support": 21441.0
    },
    "weighted avg": {
        "precision": 0.9428387884462701,
        "recall": 0.8623664941000886,
        "f1-score": 0.8983238231331198,
        "support": 21441.0
    },
    "Accuracy": 0.8623664941000886,
    "F1 - Avg. Macro": 0.5272597807783141,
    "F1 - Positives": 0.1292416642077309
}