{
    "Not Affected": {
        "precision": 0.9679141789233532,
        "recall": 0.9625874969828626,
        "f1-score": 0.9652434892051506,
        "support": 20715.0
    },
    "Affected": {
        "precision": 0.07738095238095238,
        "recall": 0.08953168044077135,
        "f1-score": 0.08301404853128991,
        "support": 726.0
    },
    "accuracy": 0.9330255118697822,
    "macro avg": {
        "precision": 0.5226475656521528,
        "recall": 0.526059588711817,
        "f1-score": 0.5241287688682202,
        "support": 21441.0
    },
    "weighted avg": {
        "precision": 0.9377604023984811,
        "recall": 0.9330255118697822,
        "f1-score": 0.935370881867376,
        "support": 21441.0
    },
    "Accuracy": 0.9330255118697822,
    "F1 - Avg. Macro": 0.5241287688682202,
    "F1 - Positives": 0.08301404853128991
}