{
    "Not Affected": {
        "precision": 0.9708221441850857,
        "recall": 0.9075066377021482,
        "f1-score": 0.9380972579156167,
        "support": 20715.0
    },
    "Affected": {
        "precision": 0.07751564756860857,
        "recall": 0.22176308539944903,
        "f1-score": 0.11487691758829825,
        "support": 726.0
    },
    "accuracy": 0.884287113474185,
    "macro avg": {
        "precision": 0.5241688958768471,
        "recall": 0.5646348615507987,
        "f1-score": 0.5264870877519575,
        "support": 21441.0
    },
    "weighted avg": {
        "precision": 0.9405744637343808,
        "recall": 0.884287113474185,
        "f1-score": 0.9102227200173082,
        "support": 21441.0
    },
    "Accuracy": 0.884287113474185,
    "F1 - Avg. Macro": 0.5264870877519575,
    "F1 - Positives": 0.11487691758829825
}