{
    "Not Affected": {
        "precision": 0.9714575411913815,
        "recall": 0.9250301713734009,
        "f1-score": 0.947675568743818,
        "support": 20715.0
    },
    "Affected": {
        "precision": 0.09498834498834499,
        "recall": 0.22451790633608815,
        "f1-score": 0.1334971334971335,
        "support": 726.0
    },
    "accuracy": 0.9013105732008768,
    "macro avg": {
        "precision": 0.5332229430898633,
        "recall": 0.5747740388547445,
        "f1-score": 0.5405863511204757,
        "support": 21441.0
    },
    "weighted avg": {
        "precision": 0.9417799778107834,
        "recall": 0.9013105732008768,
        "f1-score": 0.9201071930155827,
        "support": 21441.0
    },
    "Accuracy": 0.9013105732008768,
    "F1 - Avg. Macro": 0.5405863511204757,
    "F1 - Positives": 0.1334971334971335
}