{
    "Not Affected": {
        "precision": 0.9721441078155675,
        "recall": 0.8844798455225682,
        "f1-score": 0.9262423537738234,
        "support": 20715.0
    },
    "Affected": {
        "precision": 0.07748650732459522,
        "recall": 0.2768595041322314,
        "f1-score": 0.1210843373493976,
        "support": 726.0
    },
    "accuracy": 0.8639056014178443,
    "macro avg": {
        "precision": 0.5248153075700813,
        "recall": 0.5806696748273998,
        "f1-score": 0.5236633455616104,
        "support": 21441.0
    },
    "weighted avg": {
        "precision": 0.9418506784999363,
        "recall": 0.8639056014178443,
        "f1-score": 0.8989794126831963,
        "support": 21441.0
    },
    "Accuracy": 0.8639056014178443,
    "F1 - Avg. Macro": 0.5236633455616104,
    "F1 - Positives": 0.1210843373493976
}