{
    "Not Affected": {
        "precision": 0.9780084012849024,
        "recall": 0.764277093893314,
        "f1-score": 0.8580332222312549,
        "support": 20715.0
    },
    "Affected": {
        "precision": 0.07043594136683799,
        "recall": 0.509641873278237,
        "f1-score": 0.12376651613982272,
        "support": 726.0
    },
    "accuracy": 0.7556550534023599,
    "macro avg": {
        "precision": 0.5242221713258702,
        "recall": 0.6369594835857755,
        "f1-score": 0.4908998691855388,
        "support": 21441.0
    },
    "weighted avg": {
        "precision": 0.9472776701669268,
        "recall": 0.7556550534023599,
        "f1-score": 0.8331706864996017,
        "support": 21441.0
    },
    "Accuracy": 0.7556550534023599,
    "F1 - Avg. Macro": 0.4908998691855388,
    "F1 - Positives": 0.12376651613982272
}