{
    "Not Affected": {
        "precision": 0.9734744627941083,
        "recall": 0.7370021723388849,
        "f1-score": 0.8388922468267487,
        "support": 20715.0
    },
    "Affected": {
        "precision": 0.053838138242445294,
        "recall": 0.42699724517906334,
        "f1-score": 0.09561998766193708,
        "support": 726.0
    },
    "accuracy": 0.7265052935963807,
    "macro avg": {
        "precision": 0.5136563005182768,
        "recall": 0.5819997087589741,
        "f1-score": 0.4672561172443429,
        "support": 21441.0
    },
    "weighted avg": {
        "precision": 0.9423352448646972,
        "recall": 0.7265052935963807,
        "f1-score": 0.8137247798171106,
        "support": 21441.0
    },
    "Accuracy": 0.7265052935963807,
    "F1 - Avg. Macro": 0.4672561172443429,
    "F1 - Positives": 0.09561998766193708
}