{
    "Not Affected": {
        "precision": 0.9716743811632119,
        "recall": 0.9323195751870625,
        "f1-score": 0.9515902539971915,
        "support": 20715.0
    },
    "Affected": {
        "precision": 0.10415335463258786,
        "recall": 0.22451790633608815,
        "f1-score": 0.1422959406372763,
        "support": 726.0
    },
    "accuracy": 0.9083531551700014,
    "macro avg": {
        "precision": 0.5379138678978999,
        "recall": 0.5784187407615753,
        "f1-score": 0.5469430973172339,
        "support": 21441.0
    },
    "weighted avg": {
        "precision": 0.9422998060379271,
        "recall": 0.9083531551700014,
        "f1-score": 0.9241872563991645,
        "support": 21441.0
    },
    "Accuracy": 0.9083531551700014,
    "F1 - Avg. Macro": 0.5469430973172339,
    "F1 - Positives": 0.1422959406372763
}