{
    "Not Affected": {
        "precision": 0.9719101123595506,
        "recall": 0.8351436157373884,
        "f1-score": 0.8983512917045307,
        "support": 20715.0
    },
    "Affected": {
        "precision": 0.06207085965394123,
        "recall": 0.31129476584022037,
        "f1-score": 0.10350354934737806,
        "support": 726.0
    },
    "accuracy": 0.8174059045753463,
    "macro avg": {
        "precision": 0.5169904860067459,
        "recall": 0.5732191907888043,
        "f1-score": 0.5009274205259544,
        "support": 21441.0
    },
    "weighted avg": {
        "precision": 0.9411026268194977,
        "recall": 0.8174059045753463,
        "f1-score": 0.8714374602157339,
        "support": 21441.0
    },
    "Accuracy": 0.8174059045753463,
    "F1 - Avg. Macro": 0.5009274205259544,
    "F1 - Positives": 0.10350354934737806
}