{
    "Not Affected": {
        "precision": 0.9745660294440782,
        "recall": 0.8564325368090755,
        "f1-score": 0.9116883784269894,
        "support": 20715.0
    },
    "Affected": {
        "precision": 0.08124806919987643,
        "recall": 0.3622589531680441,
        "f1-score": 0.1327277315165279,
        "support": 726.0
    },
    "accuracy": 0.8396996408749592,
    "macro avg": {
        "precision": 0.5279070493219773,
        "recall": 0.6093457449885598,
        "f1-score": 0.5222080549717586,
        "support": 21441.0
    },
    "weighted avg": {
        "precision": 0.9443179608308004,
        "recall": 0.8396996408749592,
        "f1-score": 0.8853124897251101,
        "support": 21441.0
    },
    "Accuracy": 0.8396996408749592,
    "F1 - Avg. Macro": 0.5222080549717586,
    "F1 - Positives": 0.1327277315165279
}