{
    "Not Affected": {
        "precision": 0.8333333333333334,
        "recall": 0.5882352941176471,
        "f1-score": 0.6896551724137931,
        "support": 51.0
    },
    "Affected": {
        "precision": 0.8944723618090452,
        "recall": 0.967391304347826,
        "f1-score": 0.9295039164490861,
        "support": 184.0
    },
    "accuracy": 0.8851063829787233,
    "macro avg": {
        "precision": 0.8639028475711893,
        "recall": 0.7778132992327366,
        "f1-score": 0.8095795444314396,
        "support": 235.0
    },
    "weighted avg": {
        "precision": 0.8812038917994227,
        "recall": 0.8851063829787233,
        "f1-score": 0.8774516358286608,
        "support": 235.0
    },
    "Accuracy": 0.8851063829787233,
    "F1 - Avg. Macro": 0.8095795444314396,
    "F1 - Positives": 0.9295039164490861
}