{
    "Not Affected": {
        "precision": 0.9705092475297694,
        "recall": 0.9245957035964277,
        "f1-score": 0.9469962917181706,
        "support": 20715.0
    },
    "Affected": {
        "precision": 0.08440797186400938,
        "recall": 0.19834710743801653,
        "f1-score": 0.11842105263157894,
        "support": 726.0
    },
    "accuracy": 0.900004663961569,
    "macro avg": {
        "precision": 0.5274586096968894,
        "recall": 0.5614714055172221,
        "f1-score": 0.5327086721748747,
        "support": 21441.0
    },
    "weighted avg": {
        "precision": 0.9405055384614731,
        "recall": 0.900004663961569,
        "f1-score": 0.9189404350148048,
        "support": 21441.0
    },
    "Accuracy": 0.900004663961569,
    "F1 - Avg. Macro": 0.5327086721748747,
    "F1 - Positives": 0.11842105263157894
}