{
    "Not Affected": {
        "precision": 0.9712079020648348,
        "recall": 0.8923485397055274,
        "f1-score": 0.9301096910536379,
        "support": 20715.0
    },
    "Affected": {
        "precision": 0.0739202657807309,
        "recall": 0.24517906336088155,
        "f1-score": 0.11359285258455648,
        "support": 726.0
    },
    "accuracy": 0.8704351476143837,
    "macro avg": {
        "precision": 0.5225640839227829,
        "recall": 0.5687638015332045,
        "f1-score": 0.5218512718190972,
        "support": 21441.0
    },
    "weighted avg": {
        "precision": 0.94082541878783,
        "recall": 0.8704351476143837,
        "f1-score": 0.9024621361481506,
        "support": 21441.0
    },
    "Accuracy": 0.8704351476143837,
    "F1 - Avg. Macro": 0.5218512718190972,
    "F1 - Positives": 0.11359285258455648
}