{
    "Not Affected": {
        "precision": 0.9701723707219585,
        "recall": 0.9373883659184166,
        "f1-score": 0.953498649643997,
        "support": 20715.0
    },
    "Affected": {
        "precision": 0.09046283309957924,
        "recall": 0.17768595041322313,
        "f1-score": 0.11988847583643122,
        "support": 726.0
    },
    "accuracy": 0.9116645678839607,
    "macro avg": {
        "precision": 0.5303176019107688,
        "recall": 0.5575371581658198,
        "f1-score": 0.5366935627402141,
        "support": 21441.0
    },
    "weighted avg": {
        "precision": 0.9403850882111685,
        "recall": 0.9116645678839607,
        "f1-score": 0.9252723082334148,
        "support": 21441.0
    },
    "Accuracy": 0.9116645678839607,
    "F1 - Avg. Macro": 0.5366935627402141,
    "F1 - Positives": 0.11988847583643122
}