{
    "Not Affected": {
        "precision": 0.9718575179815048,
        "recall": 0.8218682114409848,
        "f1-score": 0.8905918970522847,
        "support": 20715.0
    },
    "Affected": {
        "precision": 0.05939332143767525,
        "recall": 0.3209366391184573,
        "f1-score": 0.10023661002366101,
        "support": 726.0
    },
    "accuracy": 0.8049064875705424,
    "macro avg": {
        "precision": 0.51562541970959,
        "recall": 0.5714024252797211,
        "f1-score": 0.49541425353797286,
        "support": 21441.0
    },
    "weighted avg": {
        "precision": 0.9409611508955099,
        "recall": 0.8049064875705424,
        "f1-score": 0.8638301817226461,
        "support": 21441.0
    },
    "Accuracy": 0.8049064875705424,
    "F1 - Avg. Macro": 0.49541425353797286,
    "F1 - Positives": 0.10023661002366101
}