{
    "Not Affected": {
        "precision": 0.9723833836156881,
        "recall": 0.8090755491189959,
        "f1-score": 0.8832441832889779,
        "support": 20715.0
    },
    "Affected": {
        "precision": 0.059453032104637336,
        "recall": 0.3443526170798898,
        "f1-score": 0.1013993104846887,
        "support": 726.0
    },
    "accuracy": 0.7933398628795298,
    "macro avg": {
        "precision": 0.5159182078601627,
        "recall": 0.5767140830994428,
        "f1-score": 0.4923217468868333,
        "support": 21441.0
    },
    "weighted avg": {
        "precision": 0.9414712323542254,
        "recall": 0.7933398628795298,
        "f1-score": 0.8567706336571551,
        "support": 21441.0
    },
    "Accuracy": 0.7933398628795298,
    "F1 - Avg. Macro": 0.4923217468868333,
    "F1 - Positives": 0.1013993104846887
}