{
    "Not Affected": {
        "precision": 0.9720093302232589,
        "recall": 0.8448950036205648,
        "f1-score": 0.9040055783683273,
        "support": 20715.0
    },
    "Affected": {
        "precision": 0.06462882096069869,
        "recall": 0.30578512396694213,
        "f1-score": 0.10670511896178803,
        "support": 726.0
    },
    "accuracy": 0.8266405484818805,
    "macro avg": {
        "precision": 0.5183190755919788,
        "recall": 0.5753400637937535,
        "f1-score": 0.5053553486650577,
        "support": 21441.0
    },
    "weighted avg": {
        "precision": 0.9412850986237711,
        "recall": 0.8266405484818805,
        "f1-score": 0.8770086969948303,
        "support": 21441.0
    },
    "Accuracy": 0.8266405484818805,
    "F1 - Avg. Macro": 0.5053553486650577,
    "F1 - Positives": 0.10670511896178803
}