{
    "Not Affected": {
        "precision": 0.2066115702479339,
        "recall": 0.49019607843137253,
        "f1-score": 0.29069767441860467,
        "support": 51.0
    },
    "Affected": {
        "precision": 0.7719298245614035,
        "recall": 0.4782608695652174,
        "f1-score": 0.5906040268456376,
        "support": 184.0
    },
    "accuracy": 0.4808510638297872,
    "macro avg": {
        "precision": 0.48927069740466866,
        "recall": 0.48422847399829494,
        "f1-score": 0.44065085063212117,
        "support": 235.0
    },
    "weighted avg": {
        "precision": 0.6492437353274165,
        "recall": 0.4808510638297872,
        "f1-score": 0.5255179673827496,
        "support": 235.0
    },
    "Accuracy": 0.4808510638297872,
    "F1 - Avg. Macro": 0.44065085063212117,
    "F1 - Positives": 0.5906040268456376
}