{
    "Not Affected": {
        "precision": 0.9729431253451132,
        "recall": 0.850591358918658,
        "f1-score": 0.9076625885383129,
        "support": 20715.0
    },
    "Affected": {
        "precision": 0.07084959471630141,
        "recall": 0.325068870523416,
        "f1-score": 0.1163421247227015,
        "support": 726.0
    },
    "accuracy": 0.8327969777529033,
    "macro avg": {
        "precision": 0.5218963600307073,
        "recall": 0.587830114721037,
        "f1-score": 0.5120023566305072,
        "support": 21441.0
    },
    "weighted avg": {
        "precision": 0.9423979127507137,
        "recall": 0.8327969777529033,
        "f1-score": 0.8808681919742473,
        "support": 21441.0
    },
    "Accuracy": 0.8327969777529033,
    "F1 - Avg. Macro": 0.5120023566305072,
    "F1 - Positives": 0.1163421247227015
}