{
    "Not Affected": {
        "precision": 0.9708245892409275,
        "recall": 0.9156167028723148,
        "f1-score": 0.9424127993640068,
        "support": 20715.0
    },
    "Affected": {
        "precision": 0.0819327731092437,
        "recall": 0.21487603305785125,
        "f1-score": 0.11863117870722434,
        "support": 726.0
    },
    "accuracy": 0.8918893708315844,
    "macro avg": {
        "precision": 0.5263786811750856,
        "recall": 0.565246367965083,
        "f1-score": 0.5305219890356155,
        "support": 21441.0
    },
    "weighted avg": {
        "precision": 0.9407263914650961,
        "recall": 0.8918893708315844,
        "f1-score": 0.9145192563111257,
        "support": 21441.0
    },
    "Accuracy": 0.8918893708315844,
    "F1 - Avg. Macro": 0.5305219890356155,
    "F1 - Positives": 0.11863117870722434
}