{
    "Not Affected": {
        "precision": 0.9725060268625876,
        "recall": 0.8179097272507845,
        "f1-score": 0.8885334452106878,
        "support": 20715.0
    },
    "Affected": {
        "precision": 0.06145807414779796,
        "recall": 0.3402203856749311,
        "f1-score": 0.10410958904109589,
        "support": 726.0
    },
    "accuracy": 0.8017349937036519,
    "macro avg": {
        "precision": 0.5169820505051927,
        "recall": 0.5790650564628578,
        "f1-score": 0.49632151712589184,
        "support": 21441.0
    },
    "weighted avg": {
        "precision": 0.9416576143038946,
        "recall": 0.8017349937036519,
        "f1-score": 0.861972570271127,
        "support": 21441.0
    },
    "Accuracy": 0.8017349937036519,
    "F1 - Avg. Macro": 0.49632151712589184,
    "F1 - Positives": 0.10410958904109589
}