{
    "Not Affected": {
        "precision": 0.970739141478283,
        "recall": 0.9224716389090032,
        "f1-score": 0.9459900990099009,
        "support": 20715.0
    },
    "Affected": {
        "precision": 0.08542141230068337,
        "recall": 0.2066115702479339,
        "f1-score": 0.12087026591458501,
        "support": 726.0
    },
    "accuracy": 0.8982323585653654,
    "macro avg": {
        "precision": 0.5280802768894832,
        "recall": 0.5645416045784686,
        "f1-score": 0.5334301824622429,
        "support": 21441.0
    },
    "weighted avg": {
        "precision": 0.9407619635769287,
        "recall": 0.8982323585653654,
        "f1-score": 0.918051243600769,
        "support": 21441.0
    },
    "Accuracy": 0.8982323585653654,
    "F1 - Avg. Macro": 0.5334301824622429,
    "F1 - Positives": 0.12087026591458501
}