{
    "Not Affected": {
        "precision": 0.9718463213563541,
        "recall": 0.9048515568428674,
        "f1-score": 0.9371531423428828,
        "support": 20715.0
    },
    "Affected": {
        "precision": 0.08495821727019498,
        "recall": 0.25206611570247933,
        "f1-score": 0.12708333333333333,
        "support": 726.0
    },
    "accuracy": 0.8827480061564292,
    "macro avg": {
        "precision": 0.5284022693132745,
        "recall": 0.5784588362726734,
        "f1-score": 0.5321182378381081,
        "support": 21441.0
    },
    "weighted avg": {
        "precision": 0.9418159699937053,
        "recall": 0.8827480061564292,
        "f1-score": 0.9097238861822126,
        "support": 21441.0
    },
    "Accuracy": 0.8827480061564292,
    "F1 - Avg. Macro": 0.5321182378381081,
    "F1 - Positives": 0.12708333333333333
}