{
    "Not Affected": {
        "precision": 0.9735214751517878,
        "recall": 0.8359642770938933,
        "f1-score": 0.8995143235592031,
        "support": 20715.0
    },
    "Affected": {
        "precision": 0.069805639200657,
        "recall": 0.3512396694214876,
        "f1-score": 0.11646494633477963,
        "support": 726.0
    },
    "accuracy": 0.8195513268970663,
    "macro avg": {
        "precision": 0.5216635571762224,
        "recall": 0.5936019732576905,
        "f1-score": 0.5079896349469913,
        "support": 21441.0
    },
    "weighted avg": {
        "precision": 0.9429213307135377,
        "recall": 0.8195513268970663,
        "f1-score": 0.8729999889728999,
        "support": 21441.0
    },
    "Accuracy": 0.8195513268970663,
    "F1 - Avg. Macro": 0.5079896349469913,
    "F1 - Positives": 0.11646494633477963
}