{
    "Not Affected": {
        "precision": 0.9726245035135961,
        "recall": 0.7683804006758388,
        "f1-score": 0.858522114347357,
        "support": 20715.0
    },
    "Affected": {
        "precision": 0.05476753349093775,
        "recall": 0.38292011019283745,
        "f1-score": 0.0958290244743192,
        "support": 726.0
    },
    "accuracy": 0.755328576092533,
    "macro avg": {
        "precision": 0.5136960185022669,
        "recall": 0.5756502554343381,
        "f1-score": 0.4771755694108381,
        "support": 21441.0
    },
    "weighted avg": {
        "precision": 0.941545535170867,
        "recall": 0.755328576092533,
        "f1-score": 0.8326970509992004,
        "support": 21441.0
    },
    "Accuracy": 0.755328576092533,
    "F1 - Avg. Macro": 0.4771755694108381,
    "F1 - Positives": 0.0958290244743192
}