{
    "Not Affected": {
        "precision": 0.9737613042924468,
        "recall": 0.7381124788800386,
        "f1-score": 0.8397177142543317,
        "support": 20715.0
    },
    "Affected": {
        "precision": 0.05471336469768252,
        "recall": 0.4325068870523416,
        "f1-score": 0.097138437741686,
        "support": 726.0
    },
    "accuracy": 0.727764563219999,
    "macro avg": {
        "precision": 0.5142373344950647,
        "recall": 0.5853096829661901,
        "f1-score": 0.46842807599800884,
        "support": 21441.0
    },
    "weighted avg": {
        "precision": 0.9426420092900776,
        "recall": 0.727764563219999,
        "f1-score": 0.8145737118874561,
        "support": 21441.0
    },
    "Accuracy": 0.727764563219999,
    "F1 - Avg. Macro": 0.46842807599800884,
    "F1 - Positives": 0.097138437741686
}