{
    "Not Affected": {
        "precision": 0.9723136275955974,
        "recall": 0.8273231957518706,
        "f1-score": 0.8939777261938917,
        "support": 20715.0
    },
    "Affected": {
        "precision": 0.062385321100917435,
        "recall": 0.3278236914600551,
        "f1-score": 0.10482272627174631,
        "support": 726.0
    },
    "accuracy": 0.8104099622219113,
    "macro avg": {
        "precision": 0.5173494743482574,
        "recall": 0.5775734436059629,
        "f1-score": 0.499400226232819,
        "support": 21441.0
    },
    "weighted avg": {
        "precision": 0.941503126662099,
        "recall": 0.8104099622219113,
        "f1-score": 0.8672566530189708,
        "support": 21441.0
    },
    "Accuracy": 0.8104099622219113,
    "F1 - Avg. Macro": 0.499400226232819,
    "F1 - Positives": 0.10482272627174631
}