{
    "Not Affected": {
        "precision": 0.9707225799350614,
        "recall": 0.8515085686700459,
        "f1-score": 0.9072159646145143,
        "support": 20715.0
    },
    "Affected": {
        "precision": 0.05932721712538226,
        "recall": 0.26721763085399447,
        "f1-score": 0.0970970970970971,
        "support": 726.0
    },
    "accuracy": 0.8317242665920432,
    "macro avg": {
        "precision": 0.5150248985302218,
        "recall": 0.5593630997620201,
        "f1-score": 0.5021565308558057,
        "support": 21441.0
    },
    "weighted avg": {
        "precision": 0.9398624039451435,
        "recall": 0.8317242665920432,
        "f1-score": 0.8797850473150579,
        "support": 21441.0
    },
    "Accuracy": 0.8317242665920432,
    "F1 - Avg. Macro": 0.5021565308558057,
    "F1 - Positives": 0.0970970970970971
}