{
    "Not Affected": {
        "precision": 0.9723462166575939,
        "recall": 0.8622737146994931,
        "f1-score": 0.9140079314314955,
        "support": 20715.0
    },
    "Affected": {
        "precision": 0.07098664929990231,
        "recall": 0.3002754820936639,
        "f1-score": 0.11482749539109824,
        "support": 726.0
    },
    "accuracy": 0.8432442516673663,
    "macro avg": {
        "precision": 0.5216664329787482,
        "recall": 0.5812745983965785,
        "f1-score": 0.5144177134112968,
        "support": 21441.0
    },
    "weighted avg": {
        "precision": 0.9418258563245084,
        "recall": 0.8432442516673663,
        "f1-score": 0.8869473933705223,
        "support": 21441.0
    },
    "Accuracy": 0.8432442516673663,
    "F1 - Avg. Macro": 0.5144177134112968,
    "F1 - Positives": 0.11482749539109824
}