{
    "Not Affected": {
        "precision": 0.9754314126937701,
        "recall": 0.8049722423364711,
        "f1-score": 0.8820417878868024,
        "support": 20715.0
    },
    "Affected": {
        "precision": 0.0704095720202485,
        "recall": 0.4214876033057851,
        "f1-score": 0.12066246056782334,
        "support": 726.0
    },
    "accuracy": 0.7919873140245325,
    "macro avg": {
        "precision": 0.5229204923570093,
        "recall": 0.6132299228211281,
        "f1-score": 0.5013521242273129,
        "support": 21441.0
    },
    "weighted avg": {
        "precision": 0.9447870464641644,
        "recall": 0.7919873140245325,
        "f1-score": 0.8562612090129823,
        "support": 21441.0
    },
    "Accuracy": 0.7919873140245325,
    "F1 - Avg. Macro": 0.5013521242273129,
    "F1 - Positives": 0.12066246056782334
}