{
    "0": {
        "precision": 0.97080146985798,
        "recall": 0.9437605599806903,
        "f1-score": 0.9570900545859545,
        "support": 20715.0
    },
    "1": {
        "precision": 0.10590943975441289,
        "recall": 0.19008264462809918,
        "f1-score": 0.13602759980285856,
        "support": 726.0
    },
    "accuracy": 0.9182407536961895,
    "macro avg": {
        "precision": 0.5383554548061964,
        "recall": 0.5669216023043947,
        "f1-score": 0.5465588271944065,
        "support": 21441.0
    },
    "weighted avg": {
        "precision": 0.9415159135007584,
        "recall": 0.9182407536961895,
        "f1-score": 0.9292885834711498,
        "support": 21441.0
    },
    "Accuracy": 0.9182407536961895,
    "F1 - Avg. Macro": 0.5465588271944065,
    "F1 - Positives": 0.13602759980285856
}