{
    "Not Affected": {
        "precision": 0.9711311660342529,
        "recall": 0.9142650253439537,
        "f1-score": 0.9418405152050128,
        "support": 20715.0
    },
    "Affected": {
        "precision": 0.08406395048994326,
        "recall": 0.22451790633608815,
        "f1-score": 0.12232645403377111,
        "support": 726.0
    },
    "accuracy": 0.8909099389021035,
    "macro avg": {
        "precision": 0.5275975582620981,
        "recall": 0.569391465840021,
        "f1-score": 0.5320834846193919,
        "support": 21441.0
    },
    "weighted avg": {
        "precision": 0.9410947498929736,
        "recall": 0.8909099389021035,
        "f1-score": 0.914091473256861,
        "support": 21441.0
    },
    "Accuracy": 0.8909099389021035,
    "F1 - Avg. Macro": 0.5320834846193919,
    "F1 - Positives": 0.12232645403377111
}