{
    "Not Affected": {
        "precision": 0.9712222795255286,
        "recall": 0.9090996862177166,
        "f1-score": 0.939134771225533,
        "support": 20715.0
    },
    "Affected": {
        "precision": 0.08191126279863481,
        "recall": 0.23140495867768596,
        "f1-score": 0.12099387828592006,
        "support": 726.0
    },
    "accuracy": 0.8861526981017677,
    "macro avg": {
        "precision": 0.5265667711620817,
        "recall": 0.5702523224477013,
        "f1-score": 0.5300643247557265,
        "support": 21441.0
    },
    "weighted avg": {
        "precision": 0.9411098874662158,
        "recall": 0.8861526981017677,
        "f1-score": 0.9114322252494051,
        "support": 21441.0
    },
    "Accuracy": 0.8861526981017677,
    "F1 - Avg. Macro": 0.5300643247557265,
    "F1 - Positives": 0.12099387828592006
}