{
    "Not Affected": {
        "precision": 0.9719116747316313,
        "recall": 0.8435433260922037,
        "f1-score": 0.9031891249289296,
        "support": 20715.0
    },
    "Affected": {
        "precision": 0.06383593298671288,
        "recall": 0.3044077134986226,
        "f1-score": 0.1055396370582617,
        "support": 726.0
    },
    "accuracy": 0.825287999626883,
    "macro avg": {
        "precision": 0.5178738038591721,
        "recall": 0.5739755197954132,
        "f1-score": 0.5043643809935956,
        "support": 21441.0
    },
    "weighted avg": {
        "precision": 0.9411639023093185,
        "recall": 0.825287999626883,
        "f1-score": 0.8761804253256411,
        "support": 21441.0
    },
    "Accuracy": 0.825287999626883,
    "F1 - Avg. Macro": 0.5043643809935956,
    "F1 - Positives": 0.1055396370582617
}