{
    "Not Affected": {
        "precision": 0.9699181378834204,
        "recall": 0.9494569152787835,
        "f1-score": 0.95957846461591,
        "support": 20715.0
    },
    "Affected": {
        "precision": 0.0997420464316423,
        "recall": 0.15977961432506887,
        "f1-score": 0.1228163049232398,
        "support": 726.0
    },
    "accuracy": 0.922718156802388,
    "macro avg": {
        "precision": 0.5348300921575313,
        "recall": 0.5546182648019262,
        "f1-score": 0.5411973847695749,
        "support": 21441.0
    },
    "weighted avg": {
        "precision": 0.9404536613014517,
        "recall": 0.922718156802388,
        "f1-score": 0.9312453958254208,
        "support": 21441.0
    },
    "Accuracy": 0.922718156802388,
    "F1 - Avg. Macro": 0.5411973847695749,
    "F1 - Positives": 0.1228163049232398
}