{
    "Not Affected": {
        "precision": 0.9736812507029581,
        "recall": 0.8358194545015689,
        "f1-score": 0.8994986622334208,
        "support": 20715.0
    },
    "Affected": {
        "precision": 0.0705110685979776,
        "recall": 0.35537190082644626,
        "f1-score": 0.11767388825541619,
        "support": 726.0
    },
    "accuracy": 0.8195513268970663,
    "macro avg": {
        "precision": 0.5220961596504679,
        "recall": 0.5955956776640076,
        "f1-score": 0.5085862752444185,
        "support": 21441.0
    },
    "weighted avg": {
        "precision": 0.9430995823009144,
        "recall": 0.8195513268970663,
        "f1-score": 0.8730257931551115,
        "support": 21441.0
    },
    "Accuracy": 0.8195513268970663,
    "F1 - Avg. Macro": 0.5085862752444185,
    "F1 - Positives": 0.11767388825541619
}