{
    "Not Affected": {
        "precision": 0.9724936278674596,
        "recall": 0.8840936519430365,
        "f1-score": 0.9261890914607935,
        "support": 20715.0
    },
    "Affected": {
        "precision": 0.07972403219624377,
        "recall": 0.2865013774104683,
        "f1-score": 0.1247376311844078,
        "support": 726.0
    },
    "accuracy": 0.8638589618021547,
    "macro avg": {
        "precision": 0.5261088300318517,
        "recall": 0.5852975146767524,
        "f1-score": 0.5254633613226006,
        "support": 21441.0
    },
    "weighted avg": {
        "precision": 0.9422641270765776,
        "recall": 0.8638589618021547,
        "f1-score": 0.8990516556993712,
        "support": 21441.0
    },
    "Accuracy": 0.8638589618021547,
    "F1 - Avg. Macro": 0.5254633613226006,
    "F1 - Positives": 0.1247376311844078
}