{
    "Not Affected": {
        "precision": 0.9715304356944372,
        "recall": 0.8945208785903934,
        "f1-score": 0.9314366140544887,
        "support": 20715.0
    },
    "Affected": {
        "precision": 0.0772804054054054,
        "recall": 0.25206611570247933,
        "f1-score": 0.1182934712346477,
        "support": 726.0
    },
    "accuracy": 0.872767128398862,
    "macro avg": {
        "precision": 0.5244054205499213,
        "recall": 0.5732934971464364,
        "f1-score": 0.5248650426445682,
        "support": 21441.0
    },
    "weighted avg": {
        "precision": 0.9412508068529727,
        "recall": 0.872767128398862,
        "f1-score": 0.9039032937015571,
        "support": 21441.0
    },
    "Accuracy": 0.872767128398862,
    "F1 - Avg. Macro": 0.5248650426445682,
    "F1 - Positives": 0.1182934712346477
}