{
    "Not Affected": {
        "precision": 0.8,
        "recall": 0.6274509803921569,
        "f1-score": 0.7032967032967034,
        "support": 51.0
    },
    "Affected": {
        "precision": 0.9025641025641026,
        "recall": 0.9565217391304348,
        "f1-score": 0.9287598944591029,
        "support": 184.0
    },
    "accuracy": 0.8851063829787233,
    "macro avg": {
        "precision": 0.8512820512820514,
        "recall": 0.7919863597612958,
        "f1-score": 0.8160282988779031,
        "support": 235.0
    },
    "weighted avg": {
        "precision": 0.8803055100927442,
        "recall": 0.8851063829787233,
        "f1-score": 0.8798295848876885,
        "support": 235.0
    },
    "Accuracy": 0.8851063829787233,
    "F1 - Avg. Macro": 0.8160282988779031,
    "F1 - Positives": 0.9287598944591029
}