{
    "Not Affected": {
        "precision": 0.972176759410802,
        "recall": 0.8028964518464881,
        "f1-score": 0.8794648758691801,
        "support": 20715.0
    },
    "Affected": {
        "precision": 0.05769674590353104,
        "recall": 0.3443526170798898,
        "f1-score": 0.09883376161296699,
        "support": 726.0
    },
    "accuracy": 0.7873699920712653,
    "macro avg": {
        "precision": 0.5149367526571665,
        "recall": 0.573624534463189,
        "f1-score": 0.48914931874107354,
        "support": 21441.0
    },
    "weighted avg": {
        "precision": 0.9412121360347337,
        "recall": 0.7873699920712653,
        "f1-score": 0.8530324245399505,
        "support": 21441.0
    },
    "Accuracy": 0.7873699920712653,
    "F1 - Avg. Macro": 0.48914931874107354,
    "F1 - Positives": 0.09883376161296699
}