{
    "Not Affected": {
        "precision": 0.9729159338726697,
        "recall": 0.8011585807385952,
        "f1-score": 0.8787228973076007,
        "support": 20715.0
    },
    "Affected": {
        "precision": 0.06023271731690623,
        "recall": 0.36363636363636365,
        "f1-score": 0.10334703464474457,
        "support": 726.0
    },
    "accuracy": 0.7863439205260949,
    "macro avg": {
        "precision": 0.516574325594788,
        "recall": 0.5823974721874794,
        "f1-score": 0.49103496597617263,
        "support": 21441.0
    },
    "weighted avg": {
        "precision": 0.9420121506900065,
        "recall": 0.7863439205260949,
        "f1-score": 0.8524683906944187,
        "support": 21441.0
    },
    "Accuracy": 0.7863439205260949,
    "F1 - Avg. Macro": 0.49103496597617263,
    "F1 - Positives": 0.10334703464474457
}