{
    "Not Affected": {
        "precision": 0.9722686442448297,
        "recall": 0.8987207337678011,
        "f1-score": 0.9340491182299375,
        "support": 20715.0
    },
    "Affected": {
        "precision": 0.085041430440471,
        "recall": 0.26859504132231404,
        "f1-score": 0.12918184829413712,
        "support": 726.0
    },
    "accuracy": 0.8773844503521291,
    "macro avg": {
        "precision": 0.5286550373426504,
        "recall": 0.5836578875450575,
        "f1-score": 0.5316154832620373,
        "support": 21441.0
    },
    "weighted avg": {
        "precision": 0.9422268105047072,
        "recall": 0.8773844503521291,
        "f1-score": 0.906796021920372,
        "support": 21441.0
    },
    "Accuracy": 0.8773844503521291,
    "F1 - Avg. Macro": 0.5316154832620373,
    "F1 - Positives": 0.12918184829413712
}