{
    "Not Affected": {
        "precision": 0.9715494682924113,
        "recall": 0.8423847453536085,
        "f1-score": 0.9023683938359707,
        "support": 20715.0
    },
    "Affected": {
        "precision": 0.0617816091954023,
        "recall": 0.29614325068870523,
        "f1-score": 0.10223490252020923,
        "support": 726.0
    },
    "accuracy": 0.823888811156196,
    "macro avg": {
        "precision": 0.5166655387439067,
        "recall": 0.5692639980211569,
        "f1-score": 0.50230164817809,
        "support": 21441.0
    },
    "weighted avg": {
        "precision": 0.9407444001657181,
        "recall": 0.823888811156196,
        "f1-score": 0.8752755849793294,
        "support": 21441.0
    },
    "Accuracy": 0.823888811156196,
    "F1 - Avg. Macro": 0.50230164817809,
    "F1 - Positives": 0.10223490252020923
}