{
    "Not Affected": {
        "precision": 0.9707405359207681,
        "recall": 0.9321264783972967,
        "f1-score": 0.9510417179727134,
        "support": 20715.0
    },
    "Affected": {
        "precision": 0.09290322580645162,
        "recall": 0.19834710743801653,
        "f1-score": 0.1265377855887522,
        "support": 726.0
    },
    "accuracy": 0.9072804440091413,
    "macro avg": {
        "precision": 0.5318218808636099,
        "recall": 0.5652367929176566,
        "f1-score": 0.5387897517807329,
        "support": 21441.0
    },
    "weighted avg": {
        "precision": 0.9410166477092577,
        "recall": 0.9072804440091413,
        "f1-score": 0.9231237171840021,
        "support": 21441.0
    },
    "Accuracy": 0.9072804440091413,
    "F1 - Avg. Macro": 0.5387897517807329,
    "F1 - Positives": 0.1265377855887522
}