{
    "Not Affected": {
        "precision": 0.9717975751186083,
        "recall": 0.8899348298334541,
        "f1-score": 0.9290663978833312,
        "support": 20715.0
    },
    "Affected": {
        "precision": 0.07729664103601781,
        "recall": 0.2630853994490358,
        "f1-score": 0.11948701908038786,
        "support": 726.0
    },
    "accuracy": 0.8687094818338696,
    "macro avg": {
        "precision": 0.5245471080773131,
        "recall": 0.5765101146412449,
        "f1-score": 0.5242767084818596,
        "support": 21441.0
    },
    "weighted avg": {
        "precision": 0.9415094505841203,
        "recall": 0.8687094818338696,
        "f1-score": 0.9016537478664973,
        "support": 21441.0
    },
    "Accuracy": 0.8687094818338696,
    "F1 - Avg. Macro": 0.5242767084818596,
    "F1 - Positives": 0.11948701908038786
}