{
    "Not Affected": {
        "precision": 0.9709722671846337,
        "recall": 0.8687424571566498,
        "f1-score": 0.917016994063543,
        "support": 20715.0
    },
    "Affected": {
        "precision": 0.06467148262813897,
        "recall": 0.25895316804407714,
        "f1-score": 0.10349573355353703,
        "support": 726.0
    },
    "accuracy": 0.8480947716990812,
    "macro avg": {
        "precision": 0.5178218749063863,
        "recall": 0.5638478126003634,
        "f1-score": 0.51025636380854,
        "support": 21441.0
    },
    "weighted avg": {
        "precision": 0.9402845954534637,
        "recall": 0.8480947716990812,
        "f1-score": 0.8894708705091255,
        "support": 21441.0
    },
    "Accuracy": 0.8480947716990812,
    "F1 - Avg. Macro": 0.51025636380854,
    "F1 - Positives": 0.10349573355353703
}