{
    "Not Affected": {
        "precision": 0.6530612244897959,
        "recall": 0.6274509803921569,
        "f1-score": 0.64,
        "support": 51.0
    },
    "Affected": {
        "precision": 0.8978494623655914,
        "recall": 0.907608695652174,
        "f1-score": 0.9027027027027027,
        "support": 184.0
    },
    "accuracy": 0.8468085106382979,
    "macro avg": {
        "precision": 0.7754553434276936,
        "recall": 0.7675298380221653,
        "f1-score": 0.7713513513513514,
        "support": 235.0
    },
    "weighted avg": {
        "precision": 0.8447252064861633,
        "recall": 0.8468085106382979,
        "f1-score": 0.8456906267970098,
        "support": 235.0
    },
    "Accuracy": 0.8468085106382979,
    "F1 - Avg. Macro": 0.7713513513513514,
    "F1 - Positives": 0.9027027027027027
}