{
    "Not Affected": {
        "precision": 0.9717633084980024,
        "recall": 0.8688872797489742,
        "f1-score": 0.9174503657262278,
        "support": 20715.0
    },
    "Affected": {
        "precision": 0.06954436450839328,
        "recall": 0.2796143250688705,
        "f1-score": 0.11138545953360768,
        "support": 726.0
    },
    "accuracy": 0.8489342847814934,
    "macro avg": {
        "precision": 0.5206538365031979,
        "recall": 0.5742508024089223,
        "f1-score": 0.5144179126299178,
        "support": 21441.0
    },
    "weighted avg": {
        "precision": 0.9412138493619334,
        "recall": 0.8489342847814934,
        "f1-score": 0.8901567170206711,
        "support": 21441.0
    },
    "Accuracy": 0.8489342847814934,
    "F1 - Avg. Macro": 0.5144179126299178,
    "F1 - Positives": 0.11138545953360768
}