{
    "Not Affected": {
        "precision": 0.9704580494355199,
        "recall": 0.941974414675356,
        "f1-score": 0.9560041154279555,
        "support": 20715.0
    },
    "Affected": {
        "precision": 0.09895052473763119,
        "recall": 0.18181818181818182,
        "f1-score": 0.12815533980582525,
        "support": 726.0
    },
    "accuracy": 0.9162352502215382,
    "macro avg": {
        "precision": 0.5347042870865756,
        "recall": 0.5618962982467689,
        "f1-score": 0.5420797276168904,
        "support": 21441.0
    },
    "weighted avg": {
        "precision": 0.9409484900432031,
        "recall": 0.9162352502215382,
        "f1-score": 0.9279728570397429,
        "support": 21441.0
    },
    "Accuracy": 0.9162352502215382,
    "F1 - Avg. Macro": 0.5420797276168904,
    "F1 - Positives": 0.12815533980582525
}