{
    "Not Affected": {
        "precision": 0.972787063295722,
        "recall": 0.7782766111513396,
        "f1-score": 0.8647285990130873,
        "support": 20715.0
    },
    "Affected": {
        "precision": 0.056491372226787184,
        "recall": 0.3787878787878788,
        "f1-score": 0.09831962817304254,
        "support": 726.0
    },
    "accuracy": 0.7647497784618255,
    "macro avg": {
        "precision": 0.5146392177612545,
        "recall": 0.5785322449696092,
        "f1-score": 0.4815241135930649,
        "support": 21441.0
    },
    "weighted avg": {
        "precision": 0.9417609604219732,
        "recall": 0.7647497784618255,
        "f1-score": 0.8387777145939895,
        "support": 21441.0
    },
    "Accuracy": 0.7647497784618255,
    "F1 - Avg. Macro": 0.4815241135930649,
    "F1 - Positives": 0.09831962817304254
}