{
    "Not Affected": {
        "precision": 0.9714681145533908,
        "recall": 0.8810041033067825,
        "f1-score": 0.9240272398167135,
        "support": 20715.0
    },
    "Affected": {
        "precision": 0.07156308851224105,
        "recall": 0.26170798898071623,
        "f1-score": 0.11239278320023662,
        "support": 726.0
    },
    "accuracy": 0.8600345133156103,
    "macro avg": {
        "precision": 0.521515601532816,
        "recall": 0.5713560461437494,
        "f1-score": 0.5182100115084751,
        "support": 21441.0
    },
    "weighted avg": {
        "precision": 0.9409970055143593,
        "recall": 0.8600345133156103,
        "f1-score": 0.8965450041232494,
        "support": 21441.0
    },
    "Accuracy": 0.8600345133156103,
    "F1 - Avg. Macro": 0.5182100115084751,
    "F1 - Positives": 0.11239278320023662
}