{
    "Not Affected": {
        "precision": 0.9710473313192346,
        "recall": 0.9309678976587015,
        "f1-score": 0.9505853357979052,
        "support": 20715.0
    },
    "Affected": {
        "precision": 0.09550917141049968,
        "recall": 0.20798898071625344,
        "f1-score": 0.13090593844820111,
        "support": 726.0
    },
    "accuracy": 0.9064875705424187,
    "macro avg": {
        "precision": 0.5332782513648672,
        "recall": 0.5694784391874774,
        "f1-score": 0.5407456371230531,
        "support": 21441.0
    },
    "weighted avg": {
        "precision": 0.941401293163657,
        "recall": 0.9064875705424187,
        "f1-score": 0.9228306955070659,
        "support": 21441.0
    },
    "Accuracy": 0.9064875705424187,
    "F1 - Avg. Macro": 0.5407456371230531,
    "F1 - Positives": 0.13090593844820111
}