{
    "Not Affected": {
        "precision": 0.9737821380243572,
        "recall": 0.8337436640115858,
        "f1-score": 0.8983381446516345,
        "support": 20715.0
    },
    "Affected": {
        "precision": 0.07044534412955465,
        "recall": 0.359504132231405,
        "f1-score": 0.11780636425186188,
        "support": 726.0
    },
    "accuracy": 0.8176857422694837,
    "macro avg": {
        "precision": 0.522113741076956,
        "recall": 0.5966238981214954,
        "f1-score": 0.5080722544517482,
        "support": 21441.0
    },
    "weighted avg": {
        "precision": 0.943194828086965,
        "recall": 0.8176857422694837,
        "f1-score": 0.8719090568026425,
        "support": 21441.0
    },
    "Accuracy": 0.8176857422694837,
    "F1 - Avg. Macro": 0.5080722544517482,
    "F1 - Positives": 0.11780636425186188
}