{
    "Not Affected": {
        "precision": 0.9712248154797526,
        "recall": 0.9401399951725803,
        "f1-score": 0.9554296367159713,
        "support": 20715.0
    },
    "Affected": {
        "precision": 0.10727141828653708,
        "recall": 0.20523415977961432,
        "f1-score": 0.1408983451536643,
        "support": 726.0
    },
    "accuracy": 0.9152558182920573,
    "macro avg": {
        "precision": 0.5392481168831449,
        "recall": 0.5726870774760973,
        "f1-score": 0.5481639909348178,
        "support": 21441.0
    },
    "weighted avg": {
        "precision": 0.9419710415717131,
        "recall": 0.9152558182920573,
        "f1-score": 0.927849313145511,
        "support": 21441.0
    },
    "Accuracy": 0.9152558182920573,
    "F1 - Avg. Macro": 0.5481639909348178,
    "F1 - Positives": 0.1408983451536643
}