{
    "Not Affected": {
        "precision": 0.9711221122112211,
        "recall": 0.9090996862177166,
        "f1-score": 0.9390879397611389,
        "support": 20715.0
    },
    "Affected": {
        "precision": 0.08101512933138116,
        "recall": 0.22865013774104684,
        "f1-score": 0.11963963963963964,
        "support": 726.0
    },
    "accuracy": 0.8860594188703885,
    "macro avg": {
        "precision": 0.5260686207713011,
        "recall": 0.5688749119793818,
        "f1-score": 0.5293637897003893,
        "support": 21441.0
    },
    "weighted avg": {
        "precision": 0.9409827684506333,
        "recall": 0.8860594188703885,
        "f1-score": 0.9113411245058706,
        "support": 21441.0
    },
    "Accuracy": 0.8860594188703885,
    "F1 - Avg. Macro": 0.5293637897003893,
    "F1 - Positives": 0.11963963963963964
}