{
    "Not Affected": {
        "precision": 0.6229508196721312,
        "recall": 0.7450980392156863,
        "f1-score": 0.6785714285714286,
        "support": 51.0
    },
    "Affected": {
        "precision": 0.9252873563218391,
        "recall": 0.875,
        "f1-score": 0.8994413407821229,
        "support": 184.0
    },
    "accuracy": 0.8468085106382979,
    "macro avg": {
        "precision": 0.7741190879969851,
        "recall": 0.8100490196078431,
        "f1-score": 0.7890063846767758,
        "support": 235.0
    },
    "weighted avg": {
        "precision": 0.8596738951765834,
        "recall": 0.8468085106382979,
        "f1-score": 0.851507870472568,
        "support": 235.0
    },
    "Accuracy": 0.8468085106382979,
    "F1 - Avg. Macro": 0.7890063846767758,
    "F1 - Positives": 0.8994413407821229
}