{
    "Not Affected": {
        "precision": 0.9706541776692741,
        "recall": 0.9404779145546706,
        "f1-score": 0.9553278085617614,
        "support": 20715.0
    },
    "Affected": {
        "precision": 0.1,
        "recall": 0.1887052341597796,
        "f1-score": 0.13072519083969467,
        "support": 726.0
    },
    "accuracy": 0.9150226202136095,
    "macro avg": {
        "precision": 0.5353270888346371,
        "recall": 0.5645915743572251,
        "f1-score": 0.543026499700728,
        "support": 21441.0
    },
    "weighted avg": {
        "precision": 0.9411735129153963,
        "recall": 0.9150226202136095,
        "f1-score": 0.9274064662518775,
        "support": 21441.0
    },
    "Accuracy": 0.9150226202136095,
    "F1 - Avg. Macro": 0.543026499700728,
    "F1 - Positives": 0.13072519083969467
}