{
    "Not Affected": {
        "precision": 0.9728239240434362,
        "recall": 0.826019792420951,
        "f1-score": 0.8934314954051796,
        "support": 20715.0
    },
    "Affected": {
        "precision": 0.06438213914849429,
        "recall": 0.3415977961432507,
        "f1-score": 0.10834425513324596,
        "support": 726.0
    },
    "accuracy": 0.8096170887551887,
    "macro avg": {
        "precision": 0.5186030315959652,
        "recall": 0.5838087942821009,
        "f1-score": 0.5008878752692127,
        "support": 21441.0
    },
    "weighted avg": {
        "precision": 0.9420637572679252,
        "recall": 0.8096170887551887,
        "f1-score": 0.8668481580404382,
        "support": 21441.0
    },
    "Accuracy": 0.8096170887551887,
    "F1 - Avg. Macro": 0.5008878752692127,
    "F1 - Positives": 0.10834425513324596
}