{
    "Not Affected": {
        "precision": 0.9681018381991546,
        "recall": 0.950856867004586,
        "f1-score": 0.9594018655171574,
        "support": 20715.0
    },
    "Affected": {
        "precision": 0.07031963470319634,
        "recall": 0.10606060606060606,
        "f1-score": 0.08456891817682592,
        "support": 726.0
    },
    "accuracy": 0.9222517606454923,
    "macro avg": {
        "precision": 0.5192107364511754,
        "recall": 0.528458736532596,
        "f1-score": 0.5219853918469917,
        "support": 21441.0
    },
    "weighted avg": {
        "precision": 0.9377026086978224,
        "recall": 0.9222517606454923,
        "f1-score": 0.9297797061137211,
        "support": 21441.0
    },
    "Accuracy": 0.9222517606454923,
    "F1 - Avg. Macro": 0.5219853918469917,
    "F1 - Positives": 0.08456891817682592
}