{
    "Not Affected": {
        "precision": 0.9713199530385196,
        "recall": 0.8387159063480569,
        "f1-score": 0.9001606134397182,
        "support": 20715.0
    },
    "Affected": {
        "precision": 0.05993247045582442,
        "recall": 0.29338842975206614,
        "f1-score": 0.09953271028037383,
        "support": 726.0
    },
    "accuracy": 0.8202509211324098,
    "macro avg": {
        "precision": 0.515626211747172,
        "recall": 0.5660521680500615,
        "f1-score": 0.499846661860046,
        "support": 21441.0
    },
    "weighted avg": {
        "precision": 0.9404600438759322,
        "recall": 0.8202509211324098,
        "f1-score": 0.8730510636195753,
        "support": 21441.0
    },
    "Accuracy": 0.8202509211324098,
    "F1 - Avg. Macro": 0.499846661860046,
    "F1 - Positives": 0.09953271028037383
}