{
    "Not Affected": {
        "precision": 0.7631578947368421,
        "recall": 0.5686274509803921,
        "f1-score": 0.651685393258427,
        "support": 51.0
    },
    "Affected": {
        "precision": 0.8883248730964467,
        "recall": 0.9510869565217391,
        "f1-score": 0.9186351706036745,
        "support": 184.0
    },
    "accuracy": 0.8680851063829788,
    "macro avg": {
        "precision": 0.8257413839166444,
        "recall": 0.7598572037510656,
        "f1-score": 0.7851602819310508,
        "support": 235.0
    },
    "weighted avg": {
        "precision": 0.8611609756652134,
        "recall": 0.8680851063829788,
        "f1-score": 0.860701389137259,
        "support": 235.0
    },
    "Accuracy": 0.8680851063829788,
    "F1 - Avg. Macro": 0.7851602819310508,
    "F1 - Positives": 0.9186351706036745
}