{
    "Not Affected": {
        "precision": 0.9734498308906426,
        "recall": 0.8336471156167029,
        "f1-score": 0.8981406839162658,
        "support": 20715.0
    },
    "Affected": {
        "precision": 0.06890029721696839,
        "recall": 0.3512396694214876,
        "f1-score": 0.11520216851140727,
        "support": 726.0
    },
    "accuracy": 0.8173126253439672,
    "macro avg": {
        "precision": 0.5211750640538055,
        "recall": 0.5924433925190953,
        "f1-score": 0.5066714262138365,
        "support": 21441.0
    },
    "weighted avg": {
        "precision": 0.9428214571465502,
        "recall": 0.8173126253439672,
        "f1-score": 0.8716301031511928,
        "support": 21441.0
    },
    "Accuracy": 0.8173126253439672,
    "F1 - Avg. Macro": 0.5066714262138365,
    "F1 - Positives": 0.11520216851140727
}