{
    "Not Affected": {
        "precision": 0.9724105559611974,
        "recall": 0.9000724112961622,
        "f1-score": 0.9348441926345609,
        "support": 20715.0
    },
    "Affected": {
        "precision": 0.08689898544331716,
        "recall": 0.2713498622589532,
        "f1-score": 0.13164049448713666,
        "support": 726.0
    },
    "accuracy": 0.8787836388228161,
    "macro avg": {
        "precision": 0.5296547707022573,
        "recall": 0.5857111367775577,
        "f1-score": 0.5332423435608488,
        "support": 21441.0
    },
    "weighted avg": {
        "precision": 0.9424268145220863,
        "recall": 0.8787836388228161,
        "f1-score": 0.9076474254662837,
        "support": 21441.0
    },
    "Accuracy": 0.8787836388228161,
    "F1 - Avg. Macro": 0.5332423435608488,
    "F1 - Positives": 0.13164049448713666
}