{
    "Not Affected": {
        "precision": 0.977550346649059,
        "recall": 0.7146994931209268,
        "f1-score": 0.8257110987172337,
        "support": 20715.0
    },
    "Affected": {
        "precision": 0.06130876747141042,
        "recall": 0.5316804407713499,
        "f1-score": 0.10994018798063229,
        "support": 726.0
    },
    "accuracy": 0.708502401940208,
    "macro avg": {
        "precision": 0.5194295570602347,
        "recall": 0.6231899669461384,
        "f1-score": 0.467825643348933,
        "support": 21441.0
    },
    "weighted avg": {
        "precision": 0.9465260760234832,
        "recall": 0.708502401940208,
        "f1-score": 0.8014748372931035,
        "support": 21441.0
    },
    "Accuracy": 0.708502401940208,
    "F1 - Avg. Macro": 0.467825643348933,
    "F1 - Positives": 0.10994018798063229
}