{
    "Not Affected": {
        "precision": 0.9680627270988716,
        "recall": 0.9774559497948346,
        "f1-score": 0.9727366625831712,
        "support": 20715.0
    },
    "Affected": {
        "precision": 0.11047619047619048,
        "recall": 0.07988980716253444,
        "f1-score": 0.09272581934452438,
        "support": 726.0
    },
    "accuracy": 0.9470640361923418,
    "macro avg": {
        "precision": 0.5392694587875311,
        "recall": 0.5286728784786845,
        "f1-score": 0.5327312409638477,
        "support": 21441.0
    },
    "weighted avg": {
        "precision": 0.9390245373881275,
        "recall": 0.9470640361923418,
        "f1-score": 0.9429391777554459,
        "support": 21441.0
    },
    "Accuracy": 0.9470640361923418,
    "F1 - Avg. Macro": 0.5327312409638477,
    "F1 - Positives": 0.09272581934452438
}