{
    "Not Affected": {
        "precision": 0.9723748066769772,
        "recall": 0.8801834419502775,
        "f1-score": 0.9239852024527442,
        "support": 20715.0
    },
    "Affected": {
        "precision": 0.07732342007434945,
        "recall": 0.2865013774104683,
        "f1-score": 0.12177985948477751,
        "support": 726.0
    },
    "accuracy": 0.8600811529312998,
    "macro avg": {
        "precision": 0.5248491133756633,
        "recall": 0.583342409680373,
        "f1-score": 0.5228825309687608,
        "support": 21441.0
    },
    "weighted avg": {
        "precision": 0.9420680436214524,
        "recall": 0.8600811529312998,
        "f1-score": 0.8968222399512404,
        "support": 21441.0
    },
    "Accuracy": 0.8600811529312998,
    "F1 - Avg. Macro": 0.5228825309687608,
    "F1 - Positives": 0.12177985948477751
}