{
    "Not Affected": {
        "precision": 0.9723398086401855,
        "recall": 0.8094617426985277,
        "f1-score": 0.8834562697576396,
        "support": 20715.0
    },
    "Affected": {
        "precision": 0.05934223069590086,
        "recall": 0.34297520661157027,
        "f1-score": 0.1011783827712312,
        "support": 726.0
    },
    "accuracy": 0.7936663401893569,
    "macro avg": {
        "precision": 0.5158410196680432,
        "recall": 0.5762184746550489,
        "f1-score": 0.49231732626443536,
        "support": 21441.0
    },
    "weighted avg": {
        "precision": 0.9414253810674255,
        "recall": 0.7936663401893569,
        "f1-score": 0.8569680581092961,
        "support": 21441.0
    },
    "Accuracy": 0.7936663401893569,
    "F1 - Avg. Macro": 0.49231732626443536,
    "F1 - Positives": 0.1011783827712312
}