{
    "Not Affected": {
        "precision": 0.9704991308666501,
        "recall": 0.9433260922037171,
        "f1-score": 0.95671970624235,
        "support": 20715.0
    },
    "Affected": {
        "precision": 0.10107197549770292,
        "recall": 0.18181818181818182,
        "f1-score": 0.12992125984251968,
        "support": 726.0
    },
    "accuracy": 0.917541159460846,
    "macro avg": {
        "precision": 0.5357855531821765,
        "recall": 0.5625721370109494,
        "f1-score": 0.5433204830424349,
        "support": 21441.0
    },
    "weighted avg": {
        "precision": 0.9410600135308049,
        "recall": 0.917541159460846,
        "f1-score": 0.9287240123807636,
        "support": 21441.0
    },
    "Accuracy": 0.917541159460846,
    "F1 - Avg. Macro": 0.5433204830424349,
    "F1 - Positives": 0.12992125984251968
}