{
    "Not Affected": {
        "precision": 0.9706928510595662,
        "recall": 0.935360849625875,
        "f1-score": 0.9526993804700561,
        "support": 20715.0
    },
    "Affected": {
        "precision": 0.09527027027027027,
        "recall": 0.19421487603305784,
        "f1-score": 0.12783318223028106,
        "support": 726.0
    },
    "accuracy": 0.9102653794132737,
    "macro avg": {
        "precision": 0.5329815606649182,
        "recall": 0.5647878628294664,
        "f1-score": 0.5402662813501686,
        "support": 21441.0
    },
    "weighted avg": {
        "precision": 0.9410507264546957,
        "recall": 0.9102653794132737,
        "f1-score": 0.9247691132286926,
        "support": 21441.0
    },
    "Accuracy": 0.9102653794132737,
    "F1 - Avg. Macro": 0.5402662813501686,
    "F1 - Positives": 0.12783318223028106
}