{
    "Not Affected": {
        "precision": 0.7916666666666666,
        "recall": 0.37254901960784315,
        "f1-score": 0.5066666666666667,
        "support": 51.0
    },
    "Affected": {
        "precision": 0.8483412322274881,
        "recall": 0.9728260869565217,
        "f1-score": 0.9063291139240506,
        "support": 184.0
    },
    "accuracy": 0.8425531914893617,
    "macro avg": {
        "precision": 0.8200039494470774,
        "recall": 0.6726875532821824,
        "f1-score": 0.7064978902953587,
        "support": 235.0
    },
    "weighted avg": {
        "precision": 0.8360416456589694,
        "recall": 0.8425531914893617,
        "f1-score": 0.8195938594128737,
        "support": 235.0
    },
    "Accuracy": 0.8425531914893617,
    "F1 - Avg. Macro": 0.7064978902953587,
    "F1 - Positives": 0.9063291139240506
}