{
    "Not Affected": {
        "precision": 0.9706069661490226,
        "recall": 0.9564566739077963,
        "f1-score": 0.9634798677300136,
        "support": 20715.0
    },
    "Affected": {
        "precision": 0.122568093385214,
        "recall": 0.17355371900826447,
        "f1-score": 0.14367160775370583,
        "support": 726.0
    },
    "accuracy": 0.9299472972342708,
    "macro avg": {
        "precision": 0.5465875297671183,
        "recall": 0.5650051964580304,
        "f1-score": 0.5535757377418598,
        "support": 21441.0
    },
    "weighted avg": {
        "precision": 0.9418920637831569,
        "recall": 0.9299472972342708,
        "f1-score": 0.9357208641041193,
        "support": 21441.0
    },
    "Accuracy": 0.9299472972342708,
    "F1 - Avg. Macro": 0.5535757377418598,
    "F1 - Positives": 0.14367160775370583
}