{
    "Not Affected": {
        "precision": 0.9721387599016662,
        "recall": 0.8590393434709148,
        "f1-score": 0.9120963608405945,
        "support": 20715.0
    },
    "Affected": {
        "precision": 0.06887755102040816,
        "recall": 0.2975206611570248,
        "f1-score": 0.11185914034179181,
        "support": 726.0
    },
    "accuracy": 0.8400261181847861,
    "macro avg": {
        "precision": 0.5205081554610371,
        "recall": 0.5782800023139698,
        "f1-score": 0.5119777505911932,
        "support": 21441.0
    },
    "weighted avg": {
        "precision": 0.9415540093001181,
        "recall": 0.8400261181847861,
        "f1-score": 0.8850000396763703,
        "support": 21441.0
    },
    "Accuracy": 0.8400261181847861,
    "F1 - Avg. Macro": 0.5119777505911932,
    "F1 - Positives": 0.11185914034179181
}