{
    "Not Affected": {
        "precision": 0.9720881939778905,
        "recall": 0.7683321264783973,
        "f1-score": 0.8582830025884383,
        "support": 20715.0
    },
    "Affected": {
        "precision": 0.05307813733228098,
        "recall": 0.37052341597796146,
        "f1-score": 0.09285467725233,
        "support": 726.0
    },
    "accuracy": 0.7548621799356373,
    "macro avg": {
        "precision": 0.5125831656550858,
        "recall": 0.5694277712281794,
        "f1-score": 0.4755688399203841,
        "support": 21441.0
    },
    "weighted avg": {
        "precision": 0.9409701817058549,
        "recall": 0.7548621799356373,
        "f1-score": 0.8323653231801078,
        "support": 21441.0
    },
    "Accuracy": 0.7548621799356373,
    "F1 - Avg. Macro": 0.4755688399203841,
    "F1 - Positives": 0.09285467725233
}