{
    "Not Affected": {
        "precision": 0.9711245441374832,
        "recall": 0.9384021240646874,
        "f1-score": 0.9544829617990769,
        "support": 20715.0
    },
    "Affected": {
        "precision": 0.10393258426966293,
        "recall": 0.20385674931129477,
        "f1-score": 0.13767441860465116,
        "support": 726.0
    },
    "accuracy": 0.9135301525115433,
    "macro avg": {
        "precision": 0.5375285642035731,
        "recall": 0.5711294366879911,
        "f1-score": 0.5460786902018641,
        "support": 21441.0
    },
    "weighted avg": {
        "precision": 0.941761111328191,
        "recall": 0.9135301525115433,
        "f1-score": 0.9268255296662867,
        "support": 21441.0
    },
    "Accuracy": 0.9135301525115433,
    "F1 - Avg. Macro": 0.5460786902018641,
    "F1 - Positives": 0.13767441860465116
}