{
    "Not Affected": {
        "precision": 0.9725595078898102,
        "recall": 0.8777214578807627,
        "f1-score": 0.9227099720883024,
        "support": 20715.0
    },
    "Affected": {
        "precision": 0.0775673707210488,
        "recall": 0.29338842975206614,
        "f1-score": 0.12269585253456221,
        "support": 726.0
    },
    "accuracy": 0.8579357306095797,
    "macro avg": {
        "precision": 0.5250634393054294,
        "recall": 0.5855549438164145,
        "f1-score": 0.5227029123114323,
        "support": 21441.0
    },
    "weighted avg": {
        "precision": 0.9422547510415046,
        "recall": 0.8579357306095797,
        "f1-score": 0.8956212052026155,
        "support": 21441.0
    },
    "Accuracy": 0.8579357306095797,
    "F1 - Avg. Macro": 0.5227029123114323,
    "F1 - Positives": 0.12269585253456221
}