{
    "Not Affected": {
        "precision": 0.970109760878087,
        "recall": 0.9557325609461743,
        "f1-score": 0.9628674950757483,
        "support": 20715.0
    },
    "Affected": {
        "precision": 0.1122942884801549,
        "recall": 0.15977961432506887,
        "f1-score": 0.1318931210915293,
        "support": 726.0
    },
    "accuracy": 0.9287813068420316,
    "macro avg": {
        "precision": 0.5412020246791209,
        "recall": 0.5577560876356216,
        "f1-score": 0.5473803080836388,
        "support": 21441.0
    },
    "weighted avg": {
        "precision": 0.941063819319349,
        "recall": 0.9287813068420316,
        "f1-score": 0.9347304027986838,
        "support": 21441.0
    },
    "Accuracy": 0.9287813068420316,
    "F1 - Avg. Macro": 0.5473803080836388,
    "F1 - Positives": 0.1318931210915293
}