{
    "Not Affected": {
        "precision": 0.9700300736285389,
        "recall": 0.9031136857349746,
        "f1-score": 0.9353766155846104,
        "support": 20715.0
    },
    "Affected": {
        "precision": 0.06867749419953596,
        "recall": 0.20385674931129477,
        "f1-score": 0.10274210343630684,
        "support": 726.0
    },
    "accuracy": 0.87943659344247,
    "macro avg": {
        "precision": 0.5193537839140374,
        "recall": 0.5534852175231347,
        "f1-score": 0.5190593595104586,
        "support": 21441.0
    },
    "weighted avg": {
        "precision": 0.9395099499092415,
        "recall": 0.87943659344247,
        "f1-score": 0.9071833104300155,
        "support": 21441.0
    },
    "Accuracy": 0.87943659344247,
    "F1 - Avg. Macro": 0.5190593595104586,
    "F1 - Positives": 0.10274210343630684
}