{
    "Not Affected": {
        "precision": 0.9705561046662852,
        "recall": 0.9006517016654598,
        "f1-score": 0.9342981621513345,
        "support": 20715.0
    },
    "Affected": {
        "precision": 0.0721370604147881,
        "recall": 0.22038567493112948,
        "f1-score": 0.10869565217391304,
        "support": 726.0
    },
    "accuracy": 0.8776176484305769,
    "macro avg": {
        "precision": 0.5213465825405367,
        "recall": 0.5605186882982947,
        "f1-score": 0.5214969071626238,
        "support": 21441.0
    },
    "weighted avg": {
        "precision": 0.9401353115070769,
        "recall": 0.8776176484305769,
        "f1-score": 0.9063429631287325,
        "support": 21441.0
    },
    "Accuracy": 0.8776176484305769,
    "F1 - Avg. Macro": 0.5214969071626238,
    "F1 - Positives": 0.10869565217391304
}