{
    "Not Affected": {
        "precision": 0.9716592943112848,
        "recall": 0.9119478638667632,
        "f1-score": 0.9408571357422119,
        "support": 20715.0
    },
    "Affected": {
        "precision": 0.08754377188594298,
        "recall": 0.24104683195592286,
        "f1-score": 0.12844036697247707,
        "support": 726.0
    },
    "accuracy": 0.8892309127372791,
    "macro avg": {
        "precision": 0.5296015330986139,
        "recall": 0.576497347911343,
        "f1-score": 0.5346487513573445,
        "support": 21441.0
    },
    "weighted avg": {
        "precision": 0.9417228235645473,
        "recall": 0.8892309127372791,
        "f1-score": 0.9133484106768311,
        "support": 21441.0
    },
    "Accuracy": 0.8892309127372791,
    "F1 - Avg. Macro": 0.5346487513573445,
    "F1 - Positives": 0.12844036697247707
}