{
    "Not Affected": {
        "precision": 0.6938775510204082,
        "recall": 0.6666666666666666,
        "f1-score": 0.68,
        "support": 51.0
    },
    "Affected": {
        "precision": 0.9086021505376344,
        "recall": 0.9184782608695652,
        "f1-score": 0.9135135135135135,
        "support": 184.0
    },
    "accuracy": 0.8638297872340426,
    "macro avg": {
        "precision": 0.8012398507790213,
        "recall": 0.792572463768116,
        "f1-score": 0.7967567567567568,
        "support": 235.0
    },
    "weighted avg": {
        "precision": 0.862002343833896,
        "recall": 0.8638297872340426,
        "f1-score": 0.8628361127084532,
        "support": 235.0
    },
    "Accuracy": 0.8638297872340426,
    "F1 - Avg. Macro": 0.7967567567567568,
    "F1 - Positives": 0.9135135135135135
}