{
    "Not Affected": {
        "precision": 0.9699558027511546,
        "recall": 0.9428916244267439,
        "f1-score": 0.9562322530108684,
        "support": 20715.0
    },
    "Affected": {
        "precision": 0.09279141104294479,
        "recall": 0.16666666666666666,
        "f1-score": 0.11921182266009853,
        "support": 726.0
    },
    "accuracy": 0.9166083671470547,
    "macro avg": {
        "precision": 0.5313736068970497,
        "recall": 0.5547791455467053,
        "f1-score": 0.5377220378354834,
        "support": 21441.0
    },
    "weighted avg": {
        "precision": 0.9402546997997921,
        "recall": 0.9166083671470547,
        "f1-score": 0.9278904390826628,
        "support": 21441.0
    },
    "Accuracy": 0.9166083671470547,
    "F1 - Avg. Macro": 0.5377220378354834,
    "F1 - Positives": 0.11921182266009853
}