{
    "Not Affected": {
        "precision": 0.9710560757072385,
        "recall": 0.9312575428433503,
        "f1-score": 0.950740494320002,
        "support": 20715.0
    },
    "Affected": {
        "precision": 0.09587301587301587,
        "recall": 0.20798898071625344,
        "f1-score": 0.13124728378965667,
        "support": 726.0
    },
    "accuracy": 0.9067674082365561,
    "macro avg": {
        "precision": 0.5334645457901271,
        "recall": 0.5696232617798018,
        "f1-score": 0.5409938890548294,
        "support": 21441.0
    },
    "weighted avg": {
        "precision": 0.9414220613683717,
        "recall": 0.9067674082365561,
        "f1-score": 0.9229921583820778,
        "support": 21441.0
    },
    "Accuracy": 0.9067674082365561,
    "F1 - Avg. Macro": 0.5409938890548294,
    "F1 - Positives": 0.13124728378965667
}