{
    "Not Affected": {
        "precision": 0.9701685477054641,
        "recall": 0.941974414675356,
        "f1-score": 0.9558636230038209,
        "support": 20715.0
    },
    "Affected": {
        "precision": 0.09487951807228916,
        "recall": 0.17355371900826447,
        "f1-score": 0.12268743914313535,
        "support": 726.0
    },
    "accuracy": 0.9159554125274008,
    "macro avg": {
        "precision": 0.5325240328888766,
        "recall": 0.5577640668418102,
        "f1-score": 0.5392755310734781,
        "support": 21441.0
    },
    "weighted avg": {
        "precision": 0.9405309451909505,
        "recall": 0.9159554125274008,
        "f1-score": 0.9276519766495065,
        "support": 21441.0
    },
    "Accuracy": 0.9159554125274008,
    "F1 - Avg. Macro": 0.5392755310734781,
    "F1 - Positives": 0.12268743914313535
}