{
    "Not Affected": {
        "precision": 0.9711641919517968,
        "recall": 0.8714458122133719,
        "f1-score": 0.9186067221331705,
        "support": 20715.0
    },
    "Affected": {
        "precision": 0.06659656501927795,
        "recall": 0.26170798898071623,
        "f1-score": 0.10617490919251188,
        "support": 726.0
    },
    "accuracy": 0.850799869409076,
    "macro avg": {
        "precision": 0.5188803784855374,
        "recall": 0.566576900597044,
        "f1-score": 0.5123908156628412,
        "support": 21441.0
    },
    "weighted avg": {
        "precision": 0.9405352055634284,
        "recall": 0.850799869409076,
        "f1-score": 0.8910974876667316,
        "support": 21441.0
    },
    "Accuracy": 0.850799869409076,
    "F1 - Avg. Macro": 0.5123908156628412,
    "F1 - Positives": 0.10617490919251188
}