{
    "Not Affected": {
        "precision": 0.9706692026627959,
        "recall": 0.9361815109823799,
        "f1-score": 0.9531134811028653,
        "support": 20715.0
    },
    "Affected": {
        "precision": 0.09575923392612859,
        "recall": 0.1928374655647383,
        "f1-score": 0.12797074954296161,
        "support": 726.0
    },
    "accuracy": 0.9110116132643067,
    "macro avg": {
        "precision": 0.5332142182944622,
        "recall": 0.5645094882735591,
        "f1-score": 0.5405421153229135,
        "support": 21441.0
    },
    "weighted avg": {
        "precision": 0.9410444352870754,
        "recall": 0.9110116132643067,
        "f1-score": 0.9251738503434562,
        "support": 21441.0
    },
    "Accuracy": 0.9110116132643067,
    "F1 - Avg. Macro": 0.5405421153229135,
    "F1 - Positives": 0.12797074954296161
}