{
    "Not Affected": {
        "precision": 0.8125,
        "recall": 0.5098039215686274,
        "f1-score": 0.6265060240963856,
        "support": 51.0
    },
    "Affected": {
        "precision": 0.8768472906403941,
        "recall": 0.967391304347826,
        "f1-score": 0.9198966408268734,
        "support": 184.0
    },
    "accuracy": 0.8680851063829788,
    "macro avg": {
        "precision": 0.8446736453201971,
        "recall": 0.7385976129582268,
        "f1-score": 0.7732013324616295,
        "support": 235.0
    },
    "weighted avg": {
        "precision": 0.8628825594801384,
        "recall": 0.8680851063829788,
        "f1-score": 0.8562246346428101,
        "support": 235.0
    },
    "Accuracy": 0.8680851063829788,
    "F1 - Avg. Macro": 0.7732013324616295,
    "F1 - Positives": 0.9198966408268734
}