{
    "0": {
        "precision": 0.9711227154046997,
        "recall": 0.8977552498189718,
        "f1-score": 0.9329988711902671,
        "support": 20715.0
    },
    "1": {
        "precision": 0.07551287647315583,
        "recall": 0.23829201101928374,
        "f1-score": 0.114683460391117,
        "support": 726.0
    },
    "accuracy": 0.8754255864931673,
    "macro avg": {
        "precision": 0.5233177959389278,
        "recall": 0.5680236304191277,
        "f1-score": 0.5238411657906921,
        "support": 21441.0
    },
    "weighted avg": {
        "precision": 0.9407970429517218,
        "recall": 0.8754255864931673,
        "f1-score": 0.9052904159764159,
        "support": 21441.0
    },
    "Accuracy": 0.8754255864931673,
    "F1 - Avg. Macro": 0.5238411657906921,
    "F1 - Positives": 0.114683460391117
}