{
    "Not Affected": {
        "precision": 0.96987394753492,
        "recall": 0.962008206613565,
        "f1-score": 0.965925064223741,
        "support": 20715.0
    },
    "Affected": {
        "precision": 0.11968680089485459,
        "recall": 0.14738292011019283,
        "f1-score": 0.13209876543209875,
        "support": 726.0
    },
    "accuracy": 0.9344247003404692,
    "macro avg": {
        "precision": 0.5447803742148872,
        "recall": 0.5546955633618789,
        "f1-score": 0.5490119148279199,
        "support": 21441.0
    },
    "weighted avg": {
        "precision": 0.9410863038400975,
        "recall": 0.9344247003404692,
        "f1-score": 0.9376914047431789,
        "support": 21441.0
    },
    "Accuracy": 0.9344247003404692,
    "F1 - Avg. Macro": 0.5490119148279199,
    "F1 - Positives": 0.13209876543209875
}