{
    "Not Affected": {
        "precision": 0.9725075965851541,
        "recall": 0.6489017620082066,
        "f1-score": 0.7784115586182935,
        "support": 20715.0
    },
    "Affected": {
        "precision": 0.04541278382989894,
        "recall": 0.4765840220385675,
        "f1-score": 0.0829239065308568,
        "support": 726.0
    },
    "accuracy": 0.6430670211277459,
    "macro avg": {
        "precision": 0.5089601902075265,
        "recall": 0.562742892023387,
        "f1-score": 0.43066773257457514,
        "support": 21441.0
    },
    "weighted avg": {
        "precision": 0.9411158315527247,
        "recall": 0.6430670211277459,
        "f1-score": 0.7548620956540903,
        "support": 21441.0
    },
    "Accuracy": 0.6430670211277459,
    "F1 - Avg. Macro": 0.43066773257457514,
    "F1 - Positives": 0.0829239065308568
}