{
    "Not Affected": {
        "precision": 0.974124020285846,
        "recall": 0.8159787593531258,
        "f1-score": 0.8880657787585048,
        "support": 20715.0
    },
    "Affected": {
        "precision": 0.0677427243824896,
        "recall": 0.38154269972451793,
        "f1-score": 0.11505711318795431,
        "support": 726.0
    },
    "accuracy": 0.8012685975467562,
    "macro avg": {
        "precision": 0.5209333723341678,
        "recall": 0.5987607295388219,
        "f1-score": 0.5015614459732296,
        "support": 21441.0
    },
    "weighted avg": {
        "precision": 0.9434336224114075,
        "recall": 0.8012685975467562,
        "f1-score": 0.8618914262934043,
        "support": 21441.0
    },
    "Accuracy": 0.8012685975467562,
    "F1 - Avg. Macro": 0.5015614459732296,
    "F1 - Positives": 0.11505711318795431
}