{
    "Not Affected": {
        "precision": 0.9709249693806912,
        "recall": 0.8801834419502775,
        "f1-score": 0.923330126095103,
        "support": 20715.0
    },
    "Affected": {
        "precision": 0.067618332081142,
        "recall": 0.24793388429752067,
        "f1-score": 0.10625737898465171,
        "support": 726.0
    },
    "accuracy": 0.858775243691992,
    "macro avg": {
        "precision": 0.5192716507309166,
        "recall": 0.5640586631238991,
        "f1-score": 0.5147937525398774,
        "support": 21441.0
    },
    "weighted avg": {
        "precision": 0.9403386805565004,
        "recall": 0.858775243691992,
        "f1-score": 0.8956637479223413,
        "support": 21441.0
    },
    "Accuracy": 0.858775243691992,
    "F1 - Avg. Macro": 0.5147937525398774,
    "F1 - Positives": 0.10625737898465171
}