{
    "Not Affected": {
        "precision": 0.9739869934967483,
        "recall": 0.8459087617668356,
        "f1-score": 0.9054410168966052,
        "support": 20715.0
    },
    "Affected": {
        "precision": 0.07478260869565218,
        "recall": 0.35537190082644626,
        "f1-score": 0.1235632183908046,
        "support": 726.0
    },
    "accuracy": 0.8292990065761858,
    "macro avg": {
        "precision": 0.5243848010962002,
        "recall": 0.600640331296641,
        "f1-score": 0.5145021176437049,
        "support": 21441.0
    },
    "weighted avg": {
        "precision": 0.9435396084230299,
        "recall": 0.8292990065761858,
        "f1-score": 0.8789663523886433,
        "support": 21441.0
    },
    "Accuracy": 0.8292990065761858,
    "F1 - Avg. Macro": 0.5145021176437049,
    "F1 - Positives": 0.1235632183908046
}