{
    "Not Affected": {
        "precision": 0.969040990688298,
        "recall": 0.9746077721457881,
        "f1-score": 0.9718164095405425,
        "support": 20715.0
    },
    "Affected": {
        "precision": 0.13344316309719934,
        "recall": 0.1115702479338843,
        "f1-score": 0.12153038259564891,
        "support": 726.0
    },
    "accuracy": 0.9453850100275174,
    "macro avg": {
        "precision": 0.5512420768927486,
        "recall": 0.5430890100398362,
        "f1-score": 0.5466733960680957,
        "support": 21441.0
    },
    "weighted avg": {
        "precision": 0.940747346603081,
        "recall": 0.9453850100275174,
        "f1-score": 0.9430254177229038,
        "support": 21441.0
    },
    "Accuracy": 0.9453850100275174,
    "F1 - Avg. Macro": 0.5466733960680957,
    "F1 - Positives": 0.12153038259564891
}