{
    "Not Affected": {
        "precision": 0.9720976036765511,
        "recall": 0.8577359401399952,
        "f1-score": 0.9113430615751545,
        "support": 20715.0
    },
    "Affected": {
        "precision": 0.06828959848245336,
        "recall": 0.2975206611570248,
        "f1-score": 0.11108254049884289,
        "support": 726.0
    },
    "accuracy": 0.8387668485611679,
    "macro avg": {
        "precision": 0.5201936010795022,
        "recall": 0.57762830064851,
        "f1-score": 0.5112128010369987,
        "support": 21441.0
    },
    "weighted avg": {
        "precision": 0.941494338354462,
        "recall": 0.8387668485611679,
        "f1-score": 0.8842459514449645,
        "support": 21441.0
    },
    "Accuracy": 0.8387668485611679,
    "F1 - Avg. Macro": 0.5112128010369987,
    "F1 - Positives": 0.11108254049884289
}