{
    "Not Affected": {
        "precision": 0.970025658968976,
        "recall": 0.802993000241371,
        "f1-score": 0.8786414177429153,
        "support": 20715.0
    },
    "Affected": {
        "precision": 0.04938271604938271,
        "recall": 0.29201101928374656,
        "f1-score": 0.08447897987646942,
        "support": 726.0
    },
    "accuracy": 0.7856909659064409,
    "macro avg": {
        "precision": 0.5097041875091793,
        "recall": 0.5475020097625588,
        "f1-score": 0.48156019880969236,
        "support": 21441.0
    },
    "weighted avg": {
        "precision": 0.9388523565782467,
        "recall": 0.7856909659064409,
        "f1-score": 0.8517507909115622,
        "support": 21441.0
    },
    "Accuracy": 0.7856909659064409,
    "F1 - Avg. Macro": 0.48156019880969236,
    "F1 - Positives": 0.08447897987646942
}