{
    "Not Affected": {
        "precision": 0.9710277990308595,
        "recall": 0.9189958966932175,
        "f1-score": 0.944295634920635,
        "support": 20715.0
    },
    "Affected": {
        "precision": 0.0860566448801743,
        "recall": 0.21763085399449036,
        "f1-score": 0.12334113973458236,
        "support": 726.0
    },
    "accuracy": 0.8952474231612332,
    "macro avg": {
        "precision": 0.5285422219555169,
        "recall": 0.568313375343854,
        "f1-score": 0.5338183873276087,
        "support": 21441.0
    },
    "weighted avg": {
        "precision": 0.9410623562850268,
        "recall": 0.8952474231612332,
        "f1-score": 0.9164978193567586,
        "support": 21441.0
    },
    "Accuracy": 0.8952474231612332,
    "F1 - Avg. Macro": 0.5338183873276087,
    "F1 - Positives": 0.12334113973458236
}