{
    "Not Affected": {
        "precision": 0.9667284613132988,
        "recall": 0.47830074825006036,
        "f1-score": 0.639968996253714,
        "support": 20715.0
    },
    "Affected": {
        "precision": 0.03439957112223017,
        "recall": 0.5303030303030303,
        "f1-score": 0.06460815573082732,
        "support": 726.0
    },
    "accuracy": 0.48006156429271024,
    "macro avg": {
        "precision": 0.5005640162177645,
        "recall": 0.5043018892765453,
        "f1-score": 0.35228857599227065,
        "support": 21441.0
    },
    "weighted avg": {
        "precision": 0.93515946852944,
        "recall": 0.48006156429271024,
        "f1-score": 0.6204870704937393,
        "support": 21441.0
    },
    "Accuracy": 0.48006156429271024,
    "F1 - Avg. Macro": 0.35228857599227065,
    "F1 - Positives": 0.06460815573082732
}