{
    "Not Affected": {
        "precision": 0.967927397130096,
        "recall": 0.9833936760801352,
        "f1-score": 0.9755992433131391,
        "support": 20715.0
    },
    "Affected": {
        "precision": 0.1291139240506329,
        "recall": 0.07024793388429752,
        "f1-score": 0.09099018733273863,
        "support": 726.0
    },
    "accuracy": 0.9524742316123315,
    "macro avg": {
        "precision": 0.5485206605903644,
        "recall": 0.5268208049822164,
        "f1-score": 0.5332947153229388,
        "support": 21441.0
    },
    "weighted avg": {
        "precision": 0.9395248701278253,
        "recall": 0.9524742316123315,
        "f1-score": 0.9456460613420663,
        "support": 21441.0
    },
    "Accuracy": 0.9524742316123315,
    "F1 - Avg. Macro": 0.5332947153229388,
    "F1 - Positives": 0.09099018733273863
}