{
    "Not Affected": {
        "precision": 0.9682663292124988,
        "recall": 0.9603668839005551,
        "f1-score": 0.9643004289765154,
        "support": 20715.0
    },
    "Affected": {
        "precision": 0.08268156424581005,
        "recall": 0.10192837465564739,
        "f1-score": 0.09130166563849476,
        "support": 726.0
    },
    "accuracy": 0.9312998460892682,
    "macro avg": {
        "precision": 0.5254739467291544,
        "recall": 0.5311476292781012,
        "f1-score": 0.5278010473075051,
        "support": 21441.0
    },
    "weighted avg": {
        "precision": 0.9382801093829285,
        "recall": 0.9312998460892682,
        "f1-score": 0.9347403757055204,
        "support": 21441.0
    },
    "Accuracy": 0.9312998460892682,
    "F1 - Avg. Macro": 0.5278010473075051,
    "F1 - Positives": 0.09130166563849476
}