{
    "Not Affected": {
        "precision": 0.9717632756810521,
        "recall": 0.8489500362056481,
        "f1-score": 0.9062145728125323,
        "support": 20715.0
    },
    "Affected": {
        "precision": 0.06429425837320574,
        "recall": 0.29614325068870523,
        "f1-score": 0.10565110565110565,
        "support": 726.0
    },
    "accuracy": 0.8302317988899771,
    "macro avg": {
        "precision": 0.518028767027129,
        "recall": 0.5725466434471767,
        "f1-score": 0.505932839231819,
        "support": 21441.0
    },
    "weighted avg": {
        "precision": 0.9410360471672002,
        "recall": 0.8302317988899771,
        "f1-score": 0.8791072048185397,
        "support": 21441.0
    },
    "Accuracy": 0.8302317988899771,
    "F1 - Avg. Macro": 0.505932839231819,
    "F1 - Positives": 0.10565110565110565
}