{
    "Not Affected": {
        "precision": 0.971330918736928,
        "recall": 0.9191889934829833,
        "f1-score": 0.9445408998462226,
        "support": 20715.0
    },
    "Affected": {
        "precision": 0.08922742110990206,
        "recall": 0.22589531680440772,
        "f1-score": 0.12792511700468018,
        "support": 726.0
    },
    "accuracy": 0.8957138193181288,
    "macro avg": {
        "precision": 0.5302791699234151,
        "recall": 0.5725421551436956,
        "f1-score": 0.5362330084254514,
        "support": 21441.0
    },
    "weighted avg": {
        "precision": 0.9414625758761836,
        "recall": 0.8957138193181288,
        "f1-score": 0.9168899946485657,
        "support": 21441.0
    },
    "Accuracy": 0.8957138193181288,
    "F1 - Avg. Macro": 0.5362330084254514,
    "F1 - Positives": 0.12792511700468018
}