{
    "Not Affected": {
        "precision": 0.9720237440914588,
        "recall": 0.8537291817523533,
        "f1-score": 0.9090441800097664,
        "support": 20715.0
    },
    "Affected": {
        "precision": 0.0668309208500154,
        "recall": 0.2988980716253444,
        "f1-score": 0.10923735212685629,
        "support": 726.0
    },
    "accuracy": 0.8349424000746234,
    "macro avg": {
        "precision": 0.519427332470737,
        "recall": 0.5763136266888489,
        "f1-score": 0.5091407660683114,
        "support": 21441.0
    },
    "weighted avg": {
        "precision": 0.9413735883303802,
        "recall": 0.8349424000746234,
        "f1-score": 0.8819624320948841,
        "support": 21441.0
    },
    "Accuracy": 0.8349424000746234,
    "F1 - Avg. Macro": 0.5091407660683114,
    "F1 - Positives": 0.10923735212685629
}