{
    "Not Affected": {
        "precision": 0.6818181818181818,
        "recall": 0.5882352941176471,
        "f1-score": 0.631578947368421,
        "support": 51.0
    },
    "Affected": {
        "precision": 0.8900523560209425,
        "recall": 0.9239130434782609,
        "f1-score": 0.9066666666666666,
        "support": 184.0
    },
    "accuracy": 0.851063829787234,
    "macro avg": {
        "precision": 0.7859352689195621,
        "recall": 0.756074168797954,
        "f1-score": 0.7691228070175438,
        "support": 235.0
    },
    "weighted avg": {
        "precision": 0.8448611097045986,
        "recall": 0.851063829787234,
        "f1-score": 0.8469667786487495,
        "support": 235.0
    },
    "Accuracy": 0.851063829787234,
    "F1 - Avg. Macro": 0.7691228070175438,
    "F1 - Positives": 0.9066666666666666
}