{
    "Not Affected": {
        "precision": 0.9685224106750085,
        "recall": 0.9565532223026793,
        "f1-score": 0.9625006071792879,
        "support": 20715.0
    },
    "Affected": {
        "precision": 0.0835030549898167,
        "recall": 0.11294765840220386,
        "f1-score": 0.09601873536299765,
        "support": 726.0
    },
    "accuracy": 0.927988433375309,
    "macro avg": {
        "precision": 0.5260127328324127,
        "recall": 0.5347504403524416,
        "f1-score": 0.5292596712711428,
        "support": 21441.0
    },
    "weighted avg": {
        "precision": 0.9385553358078171,
        "recall": 0.927988433375309,
        "f1-score": 0.9331612182077554,
        "support": 21441.0
    },
    "Accuracy": 0.927988433375309,
    "F1 - Avg. Macro": 0.5292596712711428,
    "F1 - Positives": 0.09601873536299765
}