{
    "Not Affected": {
        "precision": 0.9766464549438675,
        "recall": 0.7853246439777939,
        "f1-score": 0.8705983088943594,
        "support": 20715.0
    },
    "Affected": {
        "precision": 0.07044314381270902,
        "recall": 0.4641873278236915,
        "f1-score": 0.12232304900181488,
        "support": 726.0
    },
    "accuracy": 0.7744508185252553,
    "macro avg": {
        "precision": 0.5235447993782882,
        "recall": 0.6247559859007427,
        "f1-score": 0.49646067894808715,
        "support": 21441.0
    },
    "weighted avg": {
        "precision": 0.9459620836980663,
        "recall": 0.7744508185252553,
        "f1-score": 0.8452614384740437,
        "support": 21441.0
    },
    "Accuracy": 0.7744508185252553,
    "F1 - Avg. Macro": 0.49646067894808715,
    "F1 - Positives": 0.12232304900181488
}