{
    "Not Affected": {
        "precision": 0.9728609330090647,
        "recall": 0.8496741491672701,
        "f1-score": 0.907104388383539,
        "support": 20715.0
    },
    "Affected": {
        "precision": 0.07017020005971931,
        "recall": 0.3236914600550964,
        "f1-score": 0.11533742331288344,
        "support": 726.0
    },
    "accuracy": 0.831864185439112,
    "macro avg": {
        "precision": 0.521515566534392,
        "recall": 0.5866828046111833,
        "f1-score": 0.5112209058482112,
        "support": 21441.0
    },
    "weighted avg": {
        "precision": 0.9422954989285076,
        "recall": 0.831864185439112,
        "f1-score": 0.8802948731257946,
        "support": 21441.0
    },
    "Accuracy": 0.831864185439112,
    "F1 - Avg. Macro": 0.5112209058482112,
    "F1 - Positives": 0.11533742331288344
}