{
    "Not Affected": {
        "precision": 0.9720194647201946,
        "recall": 0.8485638426261164,
        "f1-score": 0.9061058274697802,
        "support": 20715.0
    },
    "Affected": {
        "precision": 0.0655347036044087,
        "recall": 0.30303030303030304,
        "f1-score": 0.10776389909380357,
        "support": 726.0
    },
    "accuracy": 0.8300918800429085,
    "macro avg": {
        "precision": 0.5187770841623016,
        "recall": 0.5757970728282097,
        "f1-score": 0.5069348632817918,
        "support": 21441.0
    },
    "weighted avg": {
        "precision": 0.9413255634763132,
        "recall": 0.8300918800429085,
        "f1-score": 0.8790736815810175,
        "support": 21441.0
    },
    "Accuracy": 0.8300918800429085,
    "F1 - Avg. Macro": 0.5069348632817918,
    "F1 - Positives": 0.10776389909380357
}