{
    "Not Affected": {
        "precision": 0.972065478518353,
        "recall": 0.8399227612840936,
        "f1-score": 0.9011757393691407,
        "support": 20715.0
    },
    "Affected": {
        "precision": 0.06380575945793338,
        "recall": 0.31129476584022037,
        "f1-score": 0.10590440487347703,
        "support": 726.0
    },
    "accuracy": 0.8220232265286134,
    "macro avg": {
        "precision": 0.5179356189881432,
        "recall": 0.575608763562157,
        "f1-score": 0.5035400721213089,
        "support": 21441.0
    },
    "weighted avg": {
        "precision": 0.9413114765577231,
        "recall": 0.8220232265286134,
        "f1-score": 0.8742475648976212,
        "support": 21441.0
    },
    "Accuracy": 0.8220232265286134,
    "F1 - Avg. Macro": 0.5035400721213089,
    "F1 - Positives": 0.10590440487347703
}