{
    "Not Affected": {
        "precision": 0.9717024717024717,
        "recall": 0.8122616461501327,
        "f1-score": 0.8848570902684652,
        "support": 20715.0
    },
    "Affected": {
        "precision": 0.057212121212121214,
        "recall": 0.325068870523416,
        "f1-score": 0.09729952587095445,
        "support": 726.0
    },
    "accuracy": 0.7957651228953874,
    "macro avg": {
        "precision": 0.5144572964572964,
        "recall": 0.5686652583367744,
        "f1-score": 0.4910783080697098,
        "support": 21441.0
    },
    "weighted avg": {
        "precision": 0.9407374983124248,
        "recall": 0.7957651228953874,
        "f1-score": 0.8581901068370675,
        "support": 21441.0
    },
    "Accuracy": 0.7957651228953874,
    "F1 - Avg. Macro": 0.4910783080697098,
    "F1 - Positives": 0.09729952587095445
}