{
    "Not Affected": {
        "precision": 0.975804036653291,
        "recall": 0.7865314989138306,
        "f1-score": 0.8710039559499626,
        "support": 20715.0
    },
    "Affected": {
        "precision": 0.0678752107925801,
        "recall": 0.44352617079889806,
        "f1-score": 0.11773308957952468,
        "support": 726.0
    },
    "accuracy": 0.774917214682151,
    "macro avg": {
        "precision": 0.5218396237229356,
        "recall": 0.6150288348563643,
        "f1-score": 0.49436852276474363,
        "support": 21441.0
    },
    "weighted avg": {
        "precision": 0.9450612388558526,
        "recall": 0.774917214682151,
        "f1-score": 0.8454979324909385,
        "support": 21441.0
    },
    "Accuracy": 0.774917214682151,
    "F1 - Avg. Macro": 0.49436852276474363,
    "F1 - Positives": 0.11773308957952468
}