{
    "Not Affected": {
        "precision": 0.9720209695470342,
        "recall": 0.7966208061790973,
        "f1-score": 0.8756234744773427,
        "support": 20715.0
    },
    "Affected": {
        "precision": 0.05622759856630825,
        "recall": 0.34573002754820936,
        "f1-score": 0.09672447013487476,
        "support": 726.0
    },
    "accuracy": 0.7813534816473112,
    "macro avg": {
        "precision": 0.5141242840566712,
        "recall": 0.5711754168636534,
        "f1-score": 0.4861739723061087,
        "support": 21441.0
    },
    "weighted avg": {
        "precision": 0.941011875412805,
        "recall": 0.7813534816473112,
        "f1-score": 0.849249673015068,
        "support": 21441.0
    },
    "Accuracy": 0.7813534816473112,
    "F1 - Avg. Macro": 0.4861739723061087,
    "F1 - Positives": 0.09672447013487476
}