{
    "Not Affected": {
        "precision": 0.9698673373773241,
        "recall": 0.9493603668839006,
        "f1-score": 0.959504293520687,
        "support": 20715.0
    },
    "Affected": {
        "precision": 0.09879725085910653,
        "recall": 0.1584022038567493,
        "f1-score": 0.12169312169312169,
        "support": 726.0
    },
    "accuracy": 0.9225782379553192,
    "macro avg": {
        "precision": 0.5343322941182154,
        "recall": 0.553881285370325,
        "f1-score": 0.5405987076069043,
        "support": 21441.0
    },
    "weighted avg": {
        "precision": 0.940372589799682,
        "recall": 0.9225782379553192,
        "f1-score": 0.9311357048006267,
        "support": 21441.0
    },
    "Accuracy": 0.9225782379553192,
    "F1 - Avg. Macro": 0.5405987076069043,
    "F1 - Positives": 0.12169312169312169
}