{
    "Not Affected": {
        "precision": 0.973955296404276,
        "recall": 0.7257060101375815,
        "f1-score": 0.831701244813278,
        "support": 20715.0
    },
    "Affected": {
        "precision": 0.053946053946053944,
        "recall": 0.4462809917355372,
        "f1-score": 0.0962566844919786,
        "support": 726.0
    },
    "accuracy": 0.7162445781446761,
    "macro avg": {
        "precision": 0.513950675175165,
        "recall": 0.5859935009365593,
        "f1-score": 0.46397896465262833,
        "support": 21441.0
    },
    "weighted avg": {
        "precision": 0.9428034513399288,
        "recall": 0.7162445781446761,
        "f1-score": 0.8067988265122069,
        "support": 21441.0
    },
    "Accuracy": 0.7162445781446761,
    "F1 - Avg. Macro": 0.46397896465262833,
    "F1 - Positives": 0.0962566844919786
}