{
    "Not Affected": {
        "precision": 0.9699468481446525,
        "recall": 0.9426019792420951,
        "f1-score": 0.9560789306174411,
        "support": 20715.0
    },
    "Affected": {
        "precision": 0.09236641221374046,
        "recall": 0.16666666666666666,
        "f1-score": 0.11886051080550099,
        "support": 726.0
    },
    "accuracy": 0.9163285294529173,
    "macro avg": {
        "precision": 0.5311566301791965,
        "recall": 0.5546343229543809,
        "f1-score": 0.537469720711471,
        "support": 21441.0
    },
    "weighted avg": {
        "precision": 0.9402316577857214,
        "recall": 0.9163285294529173,
        "f1-score": 0.9277304126946079,
        "support": 21441.0
    },
    "Accuracy": 0.9163285294529173,
    "F1 - Avg. Macro": 0.537469720711471,
    "F1 - Positives": 0.11886051080550099
}