{
    "Not Affected": {
        "precision": 0.72,
        "recall": 0.7058823529411765,
        "f1-score": 0.7128712871287128,
        "support": 51.0
    },
    "Affected": {
        "precision": 0.918918918918919,
        "recall": 0.9239130434782609,
        "f1-score": 0.9214092140921409,
        "support": 184.0
    },
    "accuracy": 0.8765957446808511,
    "macro avg": {
        "precision": 0.8194594594594595,
        "recall": 0.8148976982097187,
        "f1-score": 0.8171402506104268,
        "support": 235.0
    },
    "weighted avg": {
        "precision": 0.8757492811960897,
        "recall": 0.8765957446808511,
        "f1-score": 0.8761520469639076,
        "support": 235.0
    },
    "Accuracy": 0.8765957446808511,
    "F1 - Avg. Macro": 0.8171402506104268,
    "F1 - Positives": 0.9214092140921409
}