{
    "Not Affected": {
        "precision": 0.9703410776075136,
        "recall": 0.9476224957760078,
        "f1-score": 0.958847234094517,
        "support": 20715.0
    },
    "Affected": {
        "precision": 0.10404624277456648,
        "recall": 0.17355371900826447,
        "f1-score": 0.13009808982963345,
        "support": 726.0
    },
    "accuracy": 0.92141224756308,
    "macro avg": {
        "precision": 0.5371936601910401,
        "recall": 0.5605881073921362,
        "f1-score": 0.5444726619620752,
        "support": 21441.0
    },
    "weighted avg": {
        "precision": 0.9410080217757559,
        "recall": 0.92141224756308,
        "f1-score": 0.9307854888990362,
        "support": 21441.0
    },
    "Accuracy": 0.92141224756308,
    "F1 - Avg. Macro": 0.5444726619620752,
    "F1 - Positives": 0.13009808982963345
}