{
    "Not Affected": {
        "precision": 0.9726516052318668,
        "recall": 0.8292541636495293,
        "f1-score": 0.8952470293933709,
        "support": 20715.0
    },
    "Affected": {
        "precision": 0.06428571428571428,
        "recall": 0.3347107438016529,
        "f1-score": 0.10785619174434088,
        "support": 726.0
    },
    "accuracy": 0.8125087449279418,
    "macro avg": {
        "precision": 0.5184686597587905,
        "recall": 0.5819824537255911,
        "f1-score": 0.5015516105688559,
        "support": 21441.0
    },
    "weighted avg": {
        "precision": 0.941894008252859,
        "recall": 0.8125087449279418,
        "f1-score": 0.8685856913898637,
        "support": 21441.0
    },
    "Accuracy": 0.8125087449279418,
    "F1 - Avg. Macro": 0.5015516105688559,
    "F1 - Positives": 0.10785619174434088
}