{
    "Not Affected": {
        "precision": 0.9734971279076381,
        "recall": 0.8263094376055998,
        "f1-score": 0.8938847981617839,
        "support": 20715.0
    },
    "Affected": {
        "precision": 0.06739243131156039,
        "recall": 0.3581267217630854,
        "f1-score": 0.11343804537521815,
        "support": 726.0
    },
    "accuracy": 0.8104566018376008,
    "macro avg": {
        "precision": 0.5204447796095992,
        "recall": 0.5922180796843426,
        "f1-score": 0.503661421768501,
        "support": 21441.0
    },
    "weighted avg": {
        "precision": 0.9428160957855938,
        "recall": 0.8104566018376008,
        "f1-score": 0.8674585893784692,
        "support": 21441.0
    },
    "Accuracy": 0.8104566018376008,
    "F1 - Avg. Macro": 0.503661421768501,
    "F1 - Positives": 0.11343804537521815
}