{
    "Not Affected": {
        "precision": 0.9720264317180617,
        "recall": 0.8521361332367849,
        "f1-score": 0.9081414790996785,
        "support": 20715.0
    },
    "Affected": {
        "precision": 0.0664431575739104,
        "recall": 0.3002754820936639,
        "f1-score": 0.10880958322934864,
        "support": 726.0
    },
    "accuracy": 0.8334499323725573,
    "macro avg": {
        "precision": 0.5192347946459861,
        "recall": 0.5762058076652244,
        "f1-score": 0.5084755311645135,
        "support": 21441.0
    },
    "weighted avg": {
        "precision": 0.9413630551484682,
        "recall": 0.8334499323725573,
        "f1-score": 0.8810758125541881,
        "support": 21441.0
    },
    "Accuracy": 0.8334499323725573,
    "F1 - Avg. Macro": 0.5084755311645135,
    "F1 - Positives": 0.10880958322934864
}