{
    "Not Affected": {
        "precision": 0.9701930732484076,
        "recall": 0.9412020275162926,
        "f1-score": 0.9554776898385239,
        "support": 20715.0
    },
    "Affected": {
        "precision": 0.09442379182156134,
        "recall": 0.174931129476584,
        "f1-score": 0.12264606470304201,
        "support": 726.0
    },
    "accuracy": 0.9152558182920573,
    "macro avg": {
        "precision": 0.5323084325349845,
        "recall": 0.5580665784964383,
        "f1-score": 0.5390618772707829,
        "support": 21441.0
    },
    "weighted avg": {
        "precision": 0.940539209234794,
        "recall": 0.9152558182920573,
        "f1-score": 0.9272777103670272,
        "support": 21441.0
    },
    "Accuracy": 0.9152558182920573,
    "F1 - Avg. Macro": 0.5390618772707829,
    "F1 - Positives": 0.12264606470304201
}