{
    "Not Affected": {
        "precision": 0.7058823529411765,
        "recall": 0.47058823529411764,
        "f1-score": 0.5647058823529412,
        "support": 51.0
    },
    "Affected": {
        "precision": 0.8656716417910447,
        "recall": 0.9456521739130435,
        "f1-score": 0.9038961038961039,
        "support": 184.0
    },
    "accuracy": 0.8425531914893617,
    "macro avg": {
        "precision": 0.7857769973661106,
        "recall": 0.7081202046035806,
        "f1-score": 0.7343009931245226,
        "support": 235.0
    },
    "weighted avg": {
        "precision": 0.8309939663385201,
        "recall": 0.8425531914893617,
        "f1-score": 0.8302846090080133,
        "support": 235.0
    },
    "Accuracy": 0.8425531914893617,
    "F1 - Avg. Macro": 0.7343009931245226,
    "F1 - Positives": 0.9038961038961039
}