{
    "Not Affected": {
        "precision": 0.68,
        "recall": 0.6666666666666666,
        "f1-score": 0.6732673267326733,
        "support": 51.0
    },
    "Affected": {
        "precision": 0.9081081081081082,
        "recall": 0.9130434782608695,
        "f1-score": 0.9105691056910569,
        "support": 184.0
    },
    "accuracy": 0.8595744680851064,
    "macro avg": {
        "precision": 0.7940540540540542,
        "recall": 0.7898550724637681,
        "f1-score": 0.7919182162118651,
        "support": 235.0
    },
    "weighted avg": {
        "precision": 0.8586037952846464,
        "recall": 0.8595744680851064,
        "f1-score": 0.8590695706830672,
        "support": 235.0
    },
    "Accuracy": 0.8595744680851064,
    "F1 - Avg. Macro": 0.7919182162118651,
    "F1 - Positives": 0.9105691056910569
}