{
    "Not Affected": {
        "precision": 0.7333333333333333,
        "recall": 0.6470588235294118,
        "f1-score": 0.6875,
        "support": 51.0
    },
    "Affected": {
        "precision": 0.9052631578947369,
        "recall": 0.9347826086956522,
        "f1-score": 0.9197860962566845,
        "support": 184.0
    },
    "accuracy": 0.8723404255319149,
    "macro avg": {
        "precision": 0.8192982456140351,
        "recall": 0.790920716112532,
        "f1-score": 0.8036430481283423,
        "support": 235.0
    },
    "weighted avg": {
        "precision": 0.8679507278835387,
        "recall": 0.8723404255319149,
        "f1-score": 0.8693750711116168,
        "support": 235.0
    },
    "Accuracy": 0.8723404255319149,
    "F1 - Avg. Macro": 0.8036430481283423,
    "F1 - Positives": 0.9197860962566845
}