{
    "Not Affected": {
        "precision": 0.9700778586331484,
        "recall": 0.9202510258266956,
        "f1-score": 0.9445077540504385,
        "support": 20715.0
    },
    "Affected": {
        "precision": 0.07709497206703911,
        "recall": 0.19008264462809918,
        "f1-score": 0.10969793322734499,
        "support": 726.0
    },
    "accuracy": 0.8955272608553706,
    "macro avg": {
        "precision": 0.5235864153500938,
        "recall": 0.5551668352273974,
        "f1-score": 0.5271028436388917,
        "support": 21441.0
    },
    "weighted avg": {
        "precision": 0.9398411357355693,
        "recall": 0.8955272608553706,
        "f1-score": 0.9162407921588492,
        "support": 21441.0
    },
    "Accuracy": 0.8955272608553706,
    "F1 - Avg. Macro": 0.5271028436388917,
    "F1 - Positives": 0.10969793322734499
}