{
    "Not Affected": {
        "precision": 0.9711485018442727,
        "recall": 0.927830074825006,
        "f1-score": 0.948995210586086,
        "support": 20715.0
    },
    "Affected": {
        "precision": 0.09393939393939393,
        "recall": 0.21349862258953167,
        "f1-score": 0.13047138047138046,
        "support": 726.0
    },
    "accuracy": 0.9036425539853552,
    "macro avg": {
        "precision": 0.5325439478918333,
        "recall": 0.5706643487072689,
        "f1-score": 0.5397332955287333,
        "support": 21441.0
    },
    "weighted avg": {
        "precision": 0.941445884786349,
        "recall": 0.9036425539853552,
        "f1-score": 0.9212796982189727,
        "support": 21441.0
    },
    "Accuracy": 0.9036425539853552,
    "F1 - Avg. Macro": 0.5397332955287333,
    "F1 - Positives": 0.13047138047138046
}