{
    "Not Affected": {
        "precision": 0.9705852976428286,
        "recall": 0.9382090272749215,
        "f1-score": 0.9541225852377329,
        "support": 20715.0
    },
    "Affected": {
        "precision": 0.09668313338038109,
        "recall": 0.1887052341597796,
        "f1-score": 0.12785814279048063,
        "support": 726.0
    },
    "accuracy": 0.9128305582761999,
    "macro avg": {
        "precision": 0.5336342155116048,
        "recall": 0.5634571307173506,
        "f1-score": 0.5409903640141067,
        "support": 21441.0
    },
    "weighted avg": {
        "precision": 0.9409946548904133,
        "recall": 0.9128305582761999,
        "f1-score": 0.926144972942751,
        "support": 21441.0
    },
    "Accuracy": 0.9128305582761999,
    "F1 - Avg. Macro": 0.5409903640141067,
    "F1 - Positives": 0.12785814279048063
}