{
    "Not Affected": {
        "precision": 0.968728984532616,
        "recall": 0.9735457398020758,
        "f1-score": 0.971131389497508,
        "support": 20715.0
    },
    "Affected": {
        "precision": 0.12038523274478331,
        "recall": 0.10330578512396695,
        "f1-score": 0.1111934766493699,
        "support": 726.0
    },
    "accuracy": 0.9440791007882096,
    "macro avg": {
        "precision": 0.5445571086386997,
        "recall": 0.5384257624630214,
        "f1-score": 0.5411624330734389,
        "support": 21441.0
    },
    "weighted avg": {
        "precision": 0.9400037588529385,
        "recall": 0.9440791007882096,
        "f1-score": 0.942013581338945,
        "support": 21441.0
    },
    "Accuracy": 0.9440791007882096,
    "F1 - Avg. Macro": 0.5411624330734389,
    "F1 - Positives": 0.1111934766493699
}