{
    "Not Affected": {
        "precision": 0.9729637039154044,
        "recall": 0.8217233888486604,
        "f1-score": 0.8909709500130856,
        "support": 20715.0
    },
    "Affected": {
        "precision": 0.06411556006082109,
        "recall": 0.3484848484848485,
        "f1-score": 0.10830479452054795,
        "support": 726.0
    },
    "accuracy": 0.805699361037265,
    "macro avg": {
        "precision": 0.5185396319881128,
        "recall": 0.5851041186667545,
        "f1-score": 0.4996378722668168,
        "support": 21441.0
    },
    "weighted avg": {
        "precision": 0.9421897776788283,
        "recall": 0.805699361037265,
        "f1-score": 0.8644695914529633,
        "support": 21441.0
    },
    "Accuracy": 0.805699361037265,
    "F1 - Avg. Macro": 0.4996378722668168,
    "F1 - Positives": 0.10830479452054795
}