{
    "Not Affected": {
        "precision": 0.9716753200020563,
        "recall": 0.9124788800386193,
        "f1-score": 0.9411471818362875,
        "support": 20715.0
    },
    "Affected": {
        "precision": 0.0880281690140845,
        "recall": 0.24104683195592286,
        "f1-score": 0.12896094325718496,
        "support": 726.0
    },
    "accuracy": 0.8897439485098643,
    "macro avg": {
        "precision": 0.5298517445080704,
        "recall": 0.5767628559972711,
        "f1-score": 0.5350540625467363,
        "support": 21441.0
    },
    "weighted avg": {
        "precision": 0.9417547084812657,
        "recall": 0.8897439485098643,
        "f1-score": 0.9136462626063809,
        "support": 21441.0
    },
    "Accuracy": 0.8897439485098643,
    "F1 - Avg. Macro": 0.5350540625467363,
    "F1 - Positives": 0.12896094325718496
}