{
    "Not Affected": {
        "precision": 0.972841186142768,
        "recall": 0.8282886797007,
        "f1-score": 0.8947642886942011,
        "support": 20715.0
    },
    "Affected": {
        "precision": 0.064931650893796,
        "recall": 0.3402203856749311,
        "f1-score": 0.10905077262693157,
        "support": 726.0
    },
    "accuracy": 0.8117625110769088,
    "macro avg": {
        "precision": 0.518886418518282,
        "recall": 0.5842545326878156,
        "f1-score": 0.5019075306605664,
        "support": 21441.0
    },
    "weighted avg": {
        "precision": 0.9420990415324069,
        "recall": 0.8117625110769088,
        "f1-score": 0.8681597454049498,
        "support": 21441.0
    },
    "Accuracy": 0.8117625110769088,
    "F1 - Avg. Macro": 0.5019075306605664,
    "F1 - Positives": 0.10905077262693157
}