{
    "Not Affected": {
        "precision": 0.9750564268765554,
        "recall": 0.813323678493845,
        "f1-score": 0.8868768752960994,
        "support": 20715.0
    },
    "Affected": {
        "precision": 0.07087938491110043,
        "recall": 0.40633608815426997,
        "f1-score": 0.1207037643207856,
        "support": 726.0
    },
    "accuracy": 0.7995429317662422,
    "macro avg": {
        "precision": 0.5229679058938279,
        "recall": 0.6098298833240575,
        "f1-score": 0.5037903198084425,
        "support": 21441.0
    },
    "weighted avg": {
        "precision": 0.9444406658361691,
        "recall": 0.7995429317662422,
        "f1-score": 0.8609339771771647,
        "support": 21441.0
    },
    "Accuracy": 0.7995429317662422,
    "F1 - Avg. Macro": 0.5037903198084425,
    "F1 - Positives": 0.1207037643207856
}