{
    "Not Affected": {
        "precision": 0.9715833588878667,
        "recall": 0.9176924933622979,
        "f1-score": 0.9438693180407637,
        "support": 20715.0
    },
    "Affected": {
        "precision": 0.09066666666666667,
        "recall": 0.23415977961432508,
        "f1-score": 0.13071895424836602,
        "support": 726.0
    },
    "accuracy": 0.8945478289258897,
    "macro avg": {
        "precision": 0.5311250127772666,
        "recall": 0.5759261364883115,
        "f1-score": 0.5372941361445649,
        "support": 21441.0
    },
    "weighted avg": {
        "precision": 0.9417552016865892,
        "recall": 0.8945478289258897,
        "f1-score": 0.9163357531830947,
        "support": 21441.0
    },
    "Accuracy": 0.8945478289258897,
    "F1 - Avg. Macro": 0.5372941361445649,
    "F1 - Positives": 0.13071895424836602
}