{
    "Not Affected": {
        "precision": 0.9719429383586882,
        "recall": 0.8913347815592566,
        "f1-score": 0.9298952457695407,
        "support": 20715.0
    },
    "Affected": {
        "precision": 0.07896890343698855,
        "recall": 0.26584022038567495,
        "f1-score": 0.12176656151419558,
        "support": 726.0
    },
    "accuracy": 0.8701553099202463,
    "macro avg": {
        "precision": 0.5254559208978383,
        "recall": 0.5785875009724658,
        "f1-score": 0.5258309036418681,
        "support": 21441.0
    },
    "weighted avg": {
        "precision": 0.9417065151809841,
        "recall": 0.8701553099202463,
        "f1-score": 0.9025317167937755,
        "support": 21441.0
    },
    "Accuracy": 0.8701553099202463,
    "F1 - Avg. Macro": 0.5258309036418681,
    "F1 - Positives": 0.12176656151419558
}