{
    "Not Affected": {
        "precision": 0.9718957871396896,
        "recall": 0.8463915037412503,
        "f1-score": 0.9048122822861566,
        "support": 20715.0
    },
    "Affected": {
        "precision": 0.06439282563951779,
        "recall": 0.30165289256198347,
        "f1-score": 0.10613036103707293,
        "support": 726.0
    },
    "accuracy": 0.8279464577211884,
    "macro avg": {
        "precision": 0.5181443063896037,
        "recall": 0.5740221981516169,
        "f1-score": 0.5054713216616148,
        "support": 21441.0
    },
    "weighted avg": {
        "precision": 0.9411674092632321,
        "recall": 0.8279464577211884,
        "f1-score": 0.8777686241159763,
        "support": 21441.0
    },
    "Accuracy": 0.8279464577211884,
    "F1 - Avg. Macro": 0.5054713216616148,
    "F1 - Positives": 0.10613036103707293
}