{
    "Not Affected": {
        "precision": 0.971824130658158,
        "recall": 0.8674873280231716,
        "f1-score": 0.9166964240167321,
        "support": 20715.0
    },
    "Affected": {
        "precision": 0.06949152542372881,
        "recall": 0.28236914600550966,
        "f1-score": 0.11153427638737759,
        "support": 726.0
    },
    "accuracy": 0.8476750151578751,
    "macro avg": {
        "precision": 0.5206578280409434,
        "recall": 0.5749282370143407,
        "f1-score": 0.5141153502020549,
        "support": 21441.0
    },
    "weighted avg": {
        "precision": 0.9412708229113088,
        "recall": 0.8476750151578751,
        "f1-score": 0.8894333430420149,
        "support": 21441.0
    },
    "Accuracy": 0.8476750151578751,
    "F1 - Avg. Macro": 0.5141153502020549,
    "F1 - Positives": 0.11153427638737759
}