{
    "Not Affected": {
        "precision": 0.9705450680702464,
        "recall": 0.9257542843350229,
        "f1-score": 0.9476206947670109,
        "support": 20715.0
    },
    "Affected": {
        "precision": 0.08561236623067776,
        "recall": 0.19834710743801653,
        "f1-score": 0.11960132890365449,
        "support": 726.0
    },
    "accuracy": 0.9011240147381185,
    "macro avg": {
        "precision": 0.5280787171504621,
        "recall": 0.5620506958865197,
        "f1-score": 0.5336110118353328,
        "support": 21441.0
    },
    "weighted avg": {
        "precision": 0.9405809273335491,
        "recall": 0.9011240147381185,
        "f1-score": 0.9195836601316488,
        "support": 21441.0
    },
    "Accuracy": 0.9011240147381185,
    "F1 - Avg. Macro": 0.5336110118353328,
    "F1 - Positives": 0.11960132890365449
}