{
    "Not Affected": {
        "precision": 0.9716393161415747,
        "recall": 0.8203234371228578,
        "f1-score": 0.8895927128049419,
        "support": 20715.0
    },
    "Affected": {
        "precision": 0.05819838056680162,
        "recall": 0.3168044077134986,
        "f1-score": 0.09833262077811031,
        "support": 726.0
    },
    "accuracy": 0.8032741010214076,
    "macro avg": {
        "precision": 0.5149188483541882,
        "recall": 0.5685639224181782,
        "f1-score": 0.4939626667915261,
        "support": 21441.0
    },
    "weighted avg": {
        "precision": 0.9407098763193983,
        "recall": 0.8032741010214076,
        "f1-score": 0.8628003604514378,
        "support": 21441.0
    },
    "Accuracy": 0.8032741010214076,
    "F1 - Avg. Macro": 0.4939626667915261,
    "F1 - Positives": 0.09833262077811031
}