{
    "Not Affected": {
        "precision": 0.9721260489407899,
        "recall": 0.7997103548153512,
        "f1-score": 0.8775293993007733,
        "support": 20715.0
    },
    "Affected": {
        "precision": 0.057045454545454545,
        "recall": 0.34573002754820936,
        "f1-score": 0.09793211080764729,
        "support": 726.0
    },
    "accuracy": 0.7843384170514435,
    "macro avg": {
        "precision": 0.5145857517431223,
        "recall": 0.5727201911817803,
        "f1-score": 0.4877307550542103,
        "support": 21441.0
    },
    "weighted avg": {
        "precision": 0.9411410896790479,
        "recall": 0.7843384170514435,
        "f1-score": 0.8511319536850834,
        "support": 21441.0
    },
    "Accuracy": 0.7843384170514435,
    "F1 - Avg. Macro": 0.4877307550542103,
    "F1 - Positives": 0.09793211080764729
}