{
    "Not Affected": {
        "precision": 0.9710218093699515,
        "recall": 0.9285059135891865,
        "f1-score": 0.9492880586333687,
        "support": 20715.0
    },
    "Affected": {
        "precision": 0.0930802204531537,
        "recall": 0.209366391184573,
        "f1-score": 0.1288681644764731,
        "support": 726.0
    },
    "accuracy": 0.9041555897579404,
    "macro avg": {
        "precision": 0.5320510149115526,
        "recall": 0.5689361523868798,
        "f1-score": 0.5390781115549209,
        "support": 21441.0
    },
    "weighted avg": {
        "precision": 0.9412943902405455,
        "recall": 0.9041555897579404,
        "f1-score": 0.9215083448533257,
        "support": 21441.0
    },
    "Accuracy": 0.9041555897579404,
    "F1 - Avg. Macro": 0.5390781115549209,
    "F1 - Positives": 0.1288681644764731
}