{
    "Not Affected": {
        "precision": 0.969833717565115,
        "recall": 0.9544774318126961,
        "f1-score": 0.9620943019804389,
        "support": 20715.0
    },
    "Affected": {
        "precision": 0.10531309297912714,
        "recall": 0.15289256198347106,
        "f1-score": 0.12471910112359551,
        "support": 726.0
    },
    "accuracy": 0.927335478755655,
    "macro avg": {
        "precision": 0.537573405272121,
        "recall": 0.5536849968980836,
        "f1-score": 0.5434067015520172,
        "support": 21441.0
    },
    "weighted avg": {
        "precision": 0.9405607371327925,
        "recall": 0.927335478755655,
        "f1-score": 0.9337404753948285,
        "support": 21441.0
    },
    "Accuracy": 0.927335478755655,
    "F1 - Avg. Macro": 0.5434067015520172,
    "F1 - Positives": 0.12471910112359551
}