{
    "Not Affected": {
        "precision": 0.9735378715244487,
        "recall": 0.7352643012309921,
        "f1-score": 0.8377887788778878,
        "support": 20715.0
    },
    "Affected": {
        "precision": 0.053830227743271224,
        "recall": 0.4297520661157025,
        "f1-score": 0.09567617295308188,
        "support": 726.0
    },
    "accuracy": 0.7249195466629355,
    "macro avg": {
        "precision": 0.5136840496338599,
        "recall": 0.5825081836733472,
        "f1-score": 0.46673247591548483,
        "support": 21441.0
    },
    "weighted avg": {
        "precision": 0.9423962387001805,
        "recall": 0.7249195466629355,
        "f1-score": 0.81266057814558,
        "support": 21441.0
    },
    "Accuracy": 0.7249195466629355,
    "F1 - Avg. Macro": 0.46673247591548483,
    "F1 - Positives": 0.09567617295308188
}