{
    "Not Affected": {
        "precision": 0.97264606336348,
        "recall": 0.8462466811489259,
        "f1-score": 0.9050544684805617,
        "support": 20715.0
    },
    "Affected": {
        "precision": 0.0681685196021065,
        "recall": 0.3209366391184573,
        "f1-score": 0.11245173745173745,
        "support": 726.0
    },
    "accuracy": 0.8284594934937736,
    "macro avg": {
        "precision": 0.5204072914827933,
        "recall": 0.5835916601336916,
        "f1-score": 0.5087531029661496,
        "support": 21441.0
    },
    "weighted avg": {
        "precision": 0.9420201272238057,
        "recall": 0.8284594934937736,
        "f1-score": 0.8782166538857702,
        "support": 21441.0
    },
    "Accuracy": 0.8284594934937736,
    "F1 - Avg. Macro": 0.5087531029661496,
    "F1 - Positives": 0.11245173745173745
}