{
    "Not Affected": {
        "precision": 0.9733348995653706,
        "recall": 0.8,
        "f1-score": 0.8781961262287697,
        "support": 20715.0
    },
    "Affected": {
        "precision": 0.06160815402038505,
        "recall": 0.3746556473829201,
        "f1-score": 0.10581598910717759,
        "support": 726.0
    },
    "accuracy": 0.7855976866750618,
    "macro avg": {
        "precision": 0.5174715267928778,
        "recall": 0.5873278236914601,
        "f1-score": 0.4920060576679737,
        "support": 21441.0
    },
    "weighted avg": {
        "precision": 0.9424635028364093,
        "recall": 0.7855976866750618,
        "f1-score": 0.8520430559638438,
        "support": 21441.0
    },
    "Accuracy": 0.7855976866750618,
    "F1 - Avg. Macro": 0.4920060576679737,
    "F1 - Positives": 0.10581598910717759
}