{
    "Not Affected": {
        "precision": 0.9712001694107681,
        "recall": 0.8855901520637219,
        "f1-score": 0.9264215735784265,
        "support": 20715.0
    },
    "Affected": {
        "precision": 0.0713166144200627,
        "recall": 0.25068870523415976,
        "f1-score": 0.11104331909701037,
        "support": 726.0
    },
    "accuracy": 0.8640921598806026,
    "macro avg": {
        "precision": 0.5212583919154155,
        "recall": 0.5681394286489408,
        "f1-score": 0.5187324463377184,
        "support": 21441.0
    },
    "weighted avg": {
        "precision": 0.9407297873892555,
        "recall": 0.8640921598806026,
        "f1-score": 0.8988125715377798,
        "support": 21441.0
    },
    "Accuracy": 0.8640921598806026,
    "F1 - Avg. Macro": 0.5187324463377184,
    "F1 - Positives": 0.11104331909701037
}