{
    "Not Affected": {
        "precision": 0.9714809533509879,
        "recall": 0.9208785903934347,
        "f1-score": 0.9455032093380585,
        "support": 20715.0
    },
    "Affected": {
        "precision": 0.09196675900277008,
        "recall": 0.22865013774104684,
        "f1-score": 0.13117344922955354,
        "support": 726.0
    },
    "accuracy": 0.8974394850986428,
    "macro avg": {
        "precision": 0.531723856176879,
        "recall": 0.5747643640672407,
        "f1-score": 0.538338329283806,
        "support": 21441.0
    },
    "weighted avg": {
        "precision": 0.9417002852339781,
        "recall": 0.8974394850986428,
        "f1-score": 0.917929709695375,
        "support": 21441.0
    },
    "Accuracy": 0.8974394850986428,
    "F1 - Avg. Macro": 0.538338329283806,
    "F1 - Positives": 0.13117344922955354
}