{
    "Not Affected": {
        "precision": 0.9695821233449821,
        "recall": 0.950953415399469,
        "f1-score": 0.9601774224995125,
        "support": 20715.0
    },
    "Affected": {
        "precision": 0.09608540925266904,
        "recall": 0.1487603305785124,
        "f1-score": 0.11675675675675676,
        "support": 726.0
    },
    "accuracy": 0.9237908679632479,
    "macro avg": {
        "precision": 0.5328337662988255,
        "recall": 0.5498568729889907,
        "f1-score": 0.5384670896281346,
        "support": 21441.0
    },
    "weighted avg": {
        "precision": 0.9400052092816913,
        "recall": 0.9237908679632479,
        "f1-score": 0.931618894290509,
        "support": 21441.0
    },
    "Accuracy": 0.9237908679632479,
    "F1 - Avg. Macro": 0.5384670896281346,
    "F1 - Positives": 0.11675675675675676
}