{
    "Not Affected": {
        "precision": 0.9701699618453,
        "recall": 0.9451605117064928,
        "f1-score": 0.9575019561815337,
        "support": 20715.0
    },
    "Affected": {
        "precision": 0.09841269841269841,
        "recall": 0.17079889807162535,
        "f1-score": 0.12487411883182276,
        "support": 726.0
    },
    "accuracy": 0.918940347931533,
    "macro avg": {
        "precision": 0.5342913301289992,
        "recall": 0.5579797048890591,
        "f1-score": 0.5411880375066782,
        "support": 21441.0
    },
    "weighted avg": {
        "precision": 0.9406519462092724,
        "recall": 0.918940347931533,
        "f1-score": 0.9293088770380288,
        "support": 21441.0
    },
    "Accuracy": 0.918940347931533,
    "F1 - Avg. Macro": 0.5411880375066782,
    "F1 - Positives": 0.12487411883182276
}