{
    "Not Affected": {
        "precision": 0.9705960546604987,
        "recall": 0.8811972000965484,
        "f1-score": 0.9237386771924497,
        "support": 20715.0
    },
    "Affected": {
        "precision": 0.0656795747911921,
        "recall": 0.23829201101928374,
        "f1-score": 0.10297619047619047,
        "support": 726.0
    },
    "accuracy": 0.859428198311646,
    "macro avg": {
        "precision": 0.5181378147258454,
        "recall": 0.559744605557916,
        "f1-score": 0.5133574338343201,
        "support": 21441.0
    },
    "weighted avg": {
        "precision": 0.9399552559857579,
        "recall": 0.859428198311646,
        "f1-score": 0.8959473631046738,
        "support": 21441.0
    },
    "Accuracy": 0.859428198311646,
    "F1 - Avg. Macro": 0.5133574338343201,
    "F1 - Positives": 0.10297619047619047
}