{
    "Not Affected": {
        "precision": 0.9735965298296347,
        "recall": 0.7476224957760077,
        "f1-score": 0.8457757632024466,
        "support": 20715.0
    },
    "Affected": {
        "precision": 0.05529454282616552,
        "recall": 0.4214876033057851,
        "f1-score": 0.09776357827476038,
        "support": 726.0
    },
    "accuracy": 0.7365794505853271,
    "macro avg": {
        "precision": 0.5144455363279001,
        "recall": 0.5845550495408964,
        "f1-score": 0.4717696707386035,
        "support": 21441.0
    },
    "weighted avg": {
        "precision": 0.9425024930512886,
        "recall": 0.7365794505853271,
        "f1-score": 0.8204478005954088,
        "support": 21441.0
    },
    "Accuracy": 0.7365794505853271,
    "F1 - Avg. Macro": 0.4717696707386035,
    "F1 - Positives": 0.09776357827476038
}