{
    "Not Affected": {
        "precision": 0.9718158016325273,
        "recall": 0.9138305575669804,
        "f1-score": 0.941931631586804,
        "support": 20715.0
    },
    "Affected": {
        "precision": 0.09021406727828746,
        "recall": 0.24380165289256198,
        "f1-score": 0.13169642857142858,
        "support": 726.0
    },
    "accuracy": 0.8911431369805513,
    "macro avg": {
        "precision": 0.5310149344554074,
        "recall": 0.5788161052297712,
        "f1-score": 0.5368140300791163,
        "support": 21441.0
    },
    "weighted avg": {
        "precision": 0.9419644486573313,
        "recall": 0.8911431369805513,
        "f1-score": 0.9144967751253907,
        "support": 21441.0
    },
    "Accuracy": 0.8911431369805513,
    "F1 - Avg. Macro": 0.5368140300791163,
    "F1 - Positives": 0.13169642857142858
}