{
    "Not Affected": {
        "precision": 0.9691969758888435,
        "recall": 0.9159063480569636,
        "f1-score": 0.9417984165198183,
        "support": 20715.0
    },
    "Affected": {
        "precision": 0.06595174262734585,
        "recall": 0.16942148760330578,
        "f1-score": 0.09494403705133153,
        "support": 726.0
    },
    "accuracy": 0.890630101207966,
    "macro avg": {
        "precision": 0.5175743592580947,
        "recall": 0.5426639178301347,
        "f1-score": 0.5183712267855749,
        "support": 21441.0
    },
    "weighted avg": {
        "precision": 0.9386127662275475,
        "recall": 0.890630101207966,
        "f1-score": 0.9131236215245232,
        "support": 21441.0
    },
    "Accuracy": 0.890630101207966,
    "F1 - Avg. Macro": 0.5183712267855749,
    "F1 - Positives": 0.09494403705133153
}