{
    "Not Affected": {
        "precision": 0.8108108108108109,
        "recall": 0.5882352941176471,
        "f1-score": 0.6818181818181818,
        "support": 51.0
    },
    "Affected": {
        "precision": 0.8939393939393939,
        "recall": 0.9619565217391305,
        "f1-score": 0.9267015706806283,
        "support": 184.0
    },
    "accuracy": 0.8808510638297873,
    "macro avg": {
        "precision": 0.8523751023751024,
        "recall": 0.7750959079283888,
        "f1-score": 0.8042598762494051,
        "support": 235.0
    },
    "weighted avg": {
        "precision": 0.8758987227072333,
        "recall": 0.8808510638297873,
        "f1-score": 0.873556665012608,
        "support": 235.0
    },
    "Accuracy": 0.8808510638297873,
    "F1 - Avg. Macro": 0.8042598762494051,
    "F1 - Positives": 0.9267015706806283
}