{
    "Not Affected": {
        "precision": 0.9711185819070904,
        "recall": 0.9203475742215785,
        "f1-score": 0.9450516767045877,
        "support": 20715.0
    },
    "Affected": {
        "precision": 0.087893864013267,
        "recall": 0.2190082644628099,
        "f1-score": 0.12544378698224853,
        "support": 726.0
    },
    "accuracy": 0.8965999720162305,
    "macro avg": {
        "precision": 0.5295062229601787,
        "recall": 0.5696779193421942,
        "f1-score": 0.5352477318434181,
        "support": 21441.0
    },
    "weighted avg": {
        "precision": 0.9412122741233623,
        "recall": 0.8965999720162305,
        "f1-score": 0.9172994576878246,
        "support": 21441.0
    },
    "Accuracy": 0.8965999720162305,
    "F1 - Avg. Macro": 0.5352477318434181,
    "F1 - Positives": 0.12544378698224853
}