{
    "Not Affected": {
        "precision": 0.9712139544262957,
        "recall": 0.930002413709872,
        "f1-score": 0.9501615249932184,
        "support": 20715.0
    },
    "Affected": {
        "precision": 0.09657320872274143,
        "recall": 0.21349862258953167,
        "f1-score": 0.132990132990133,
        "support": 726.0
    },
    "accuracy": 0.9057413366913857,
    "macro avg": {
        "precision": 0.5338935815745185,
        "recall": 0.5717505181497018,
        "f1-score": 0.5415758289916757,
        "support": 21441.0
    },
    "weighted avg": {
        "precision": 0.9415983030396635,
        "recall": 0.9057413366913857,
        "f1-score": 0.922491806668782,
        "support": 21441.0
    },
    "Accuracy": 0.9057413366913857,
    "F1 - Avg. Macro": 0.5415758289916757,
    "F1 - Positives": 0.132990132990133
}