{
    "Not Affected": {
        "precision": 0.9719730317044631,
        "recall": 0.8420951001689597,
        "f1-score": 0.9023847705757592,
        "support": 20715.0
    },
    "Affected": {
        "precision": 0.0638236977676016,
        "recall": 0.3071625344352617,
        "f1-score": 0.10568720379146919,
        "support": 726.0
    },
    "accuracy": 0.8239820903875752,
    "macro avg": {
        "precision": 0.5178983647360323,
        "recall": 0.5746288173021107,
        "f1-score": 0.5040359871836142,
        "support": 21441.0
    },
    "weighted avg": {
        "precision": 0.941222767423965,
        "recall": 0.8239820903875752,
        "f1-score": 0.8754083033640901,
        "support": 21441.0
    },
    "Accuracy": 0.8239820903875752,
    "F1 - Avg. Macro": 0.5040359871836142,
    "F1 - Positives": 0.10568720379146919
}