{
    "Not Affected": {
        "precision": 0.9696076987283351,
        "recall": 0.9533188510741009,
        "f1-score": 0.9613942846015286,
        "support": 20715.0
    },
    "Affected": {
        "precision": 0.09962756052141528,
        "recall": 0.14738292011019283,
        "f1-score": 0.11888888888888889,
        "support": 726.0
    },
    "accuracy": 0.9260295695163472,
    "macro avg": {
        "precision": 0.5346176296248751,
        "recall": 0.5503508855921468,
        "f1-score": 0.5401415867452087,
        "support": 21441.0
    },
    "weighted avg": {
        "precision": 0.9401498571939745,
        "recall": 0.9260295695163472,
        "f1-score": 0.9328667477661488,
        "support": 21441.0
    },
    "Accuracy": 0.9260295695163472,
    "F1 - Avg. Macro": 0.5401415867452087,
    "F1 - Positives": 0.11888888888888889
}