{
    "Not Affected": {
        "precision": 0.9712557542019056,
        "recall": 0.8759353125754284,
        "f1-score": 0.9211361271162779,
        "support": 20715.0
    },
    "Affected": {
        "precision": 0.06850308082638637,
        "recall": 0.2603305785123967,
        "f1-score": 0.10846484935437589,
        "support": 726.0
    },
    "accuracy": 0.8550907140525162,
    "macro avg": {
        "precision": 0.519879417514146,
        "recall": 0.5681329455439126,
        "f1-score": 0.5148004882353269,
        "support": 21441.0
    },
    "weighted avg": {
        "precision": 0.9406882227961584,
        "recall": 0.8550907140525162,
        "f1-score": 0.8936187842845472,
        "support": 21441.0
    },
    "Accuracy": 0.8550907140525162,
    "F1 - Avg. Macro": 0.5148004882353269,
    "F1 - Positives": 0.10846484935437589
}