{
    "Not Affected": {
        "precision": 0.9719409601531409,
        "recall": 0.9314023654356747,
        "f1-score": 0.9512399546418183,
        "support": 20715.0
    },
    "Affected": {
        "precision": 0.10628930817610063,
        "recall": 0.2327823691460055,
        "f1-score": 0.1459412780656304,
        "support": 726.0
    },
    "accuracy": 0.907746840166037,
    "macro avg": {
        "precision": 0.5391151341646208,
        "recall": 0.5820923672908401,
        "f1-score": 0.5485906163537244,
        "support": 21441.0
    },
    "weighted avg": {
        "precision": 0.9426296827250671,
        "recall": 0.907746840166037,
        "f1-score": 0.9239722507476757,
        "support": 21441.0
    },
    "Accuracy": 0.907746840166037,
    "F1 - Avg. Macro": 0.5485906163537244,
    "F1 - Positives": 0.1459412780656304
}