{
    "Not Affected": {
        "precision": 0.9703878021277639,
        "recall": 0.955491189958967,
        "f1-score": 0.9628818836349484,
        "support": 20715.0
    },
    "Affected": {
        "precision": 0.11685823754789272,
        "recall": 0.16804407713498623,
        "f1-score": 0.13785310734463277,
        "support": 726.0
    },
    "accuracy": 0.9288279464577212,
    "macro avg": {
        "precision": 0.5436230198378283,
        "recall": 0.5617676335469766,
        "f1-score": 0.5503674954897906,
        "support": 21441.0
    },
    "weighted avg": {
        "precision": 0.9414869829549181,
        "recall": 0.9288279464577212,
        "f1-score": 0.9349461114421044,
        "support": 21441.0
    },
    "Accuracy": 0.9288279464577212,
    "F1 - Avg. Macro": 0.5503674954897906,
    "F1 - Positives": 0.13785310734463277
}