{
    "Not Affected": {
        "precision": 0.9734518449213496,
        "recall": 0.8036205648081101,
        "f1-score": 0.8804209858261054,
        "support": 20715.0
    },
    "Affected": {
        "precision": 0.06267281105990784,
        "recall": 0.3746556473829201,
        "f1-score": 0.10738255033557047,
        "support": 726.0
    },
    "accuracy": 0.7890956578517793,
    "macro avg": {
        "precision": 0.5180623279906287,
        "recall": 0.5891381060955151,
        "f1-score": 0.4939017680808379,
        "support": 21441.0
    },
    "weighted avg": {
        "precision": 0.9426125380521083,
        "recall": 0.7890956578517793,
        "f1-score": 0.8542456253407676,
        "support": 21441.0
    },
    "Accuracy": 0.7890956578517793,
    "F1 - Avg. Macro": 0.4939017680808379,
    "F1 - Positives": 0.10738255033557047
}