{
    "Not Affected": {
        "precision": 0.9706641516926438,
        "recall": 0.9440019309678976,
        "f1-score": 0.9571474021683267,
        "support": 20715.0
    },
    "Affected": {
        "precision": 0.10424710424710425,
        "recall": 0.1859504132231405,
        "f1-score": 0.13359722909450766,
        "support": 726.0
    },
    "accuracy": 0.9183340329275687,
    "macro avg": {
        "precision": 0.537455627969874,
        "recall": 0.5649761720955191,
        "f1-score": 0.5453723156314172,
        "support": 21441.0
    },
    "weighted avg": {
        "precision": 0.9413269576977059,
        "recall": 0.9183340329275687,
        "f1-score": 0.9292616960141552,
        "support": 21441.0
    },
    "Accuracy": 0.9183340329275687,
    "F1 - Avg. Macro": 0.5453723156314172,
    "F1 - Positives": 0.13359722909450766
}