{
    "Not Affected": {
        "precision": 0.9693109438332368,
        "recall": 0.9697320782041998,
        "f1-score": 0.9695214652863244,
        "support": 20715.0
    },
    "Affected": {
        "precision": 0.12552301255230125,
        "recall": 0.12396694214876033,
        "f1-score": 0.12474012474012475,
        "support": 726.0
    },
    "accuracy": 0.9410941653840772,
    "macro avg": {
        "precision": 0.547416978192769,
        "recall": 0.5468495101764801,
        "f1-score": 0.5471307950132246,
        "support": 21441.0
    },
    "weighted avg": {
        "precision": 0.9407399798805313,
        "recall": 0.9410941653840772,
        "f1-score": 0.9409168641372855,
        "support": 21441.0
    },
    "Accuracy": 0.9410941653840772,
    "F1 - Avg. Macro": 0.5471307950132246,
    "F1 - Positives": 0.12474012474012475
}