{
    "Not Affected": {
        "precision": 0.9712564456016746,
        "recall": 0.9183683321264784,
        "f1-score": 0.9440722544786859,
        "support": 20715.0
    },
    "Affected": {
        "precision": 0.08791801510248112,
        "recall": 0.22451790633608815,
        "f1-score": 0.1263565891472868,
        "support": 726.0
    },
    "accuracy": 0.8948743062357166,
    "macro avg": {
        "precision": 0.5295872303520779,
        "recall": 0.5714431192312832,
        "f1-score": 0.5352144218129864,
        "support": 21441.0
    },
    "weighted avg": {
        "precision": 0.9413462874680795,
        "recall": 0.8948743062357166,
        "f1-score": 0.9163841068628754,
        "support": 21441.0
    },
    "Accuracy": 0.8948743062357166,
    "F1 - Avg. Macro": 0.5352144218129864,
    "F1 - Positives": 0.1263565891472868
}