{
    "0": {
        "precision": 0.9726914129665217,
        "recall": 0.9285059135891865,
        "f1-score": 0.9500852083281879,
        "support": 20715.0
    },
    "1": {
        "precision": 0.11157768446310738,
        "recall": 0.256198347107438,
        "f1-score": 0.1554534057668199,
        "support": 726.0
    },
    "accuracy": 0.9057413366913857,
    "macro avg": {
        "precision": 0.5421345487148146,
        "recall": 0.5923521303483122,
        "f1-score": 0.5527693070475039,
        "support": 21441.0
    },
    "weighted avg": {
        "precision": 0.9435337912654128,
        "recall": 0.9057413366913857,
        "f1-score": 0.9231786886388286,
        "support": 21441.0
    },
    "Accuracy": 0.9057413366913857,
    "F1 - Avg. Macro": 0.5527693070475039,
    "F1 - Positives": 0.1554534057668199
}