{
    "Not Affected": {
        "precision": 0.9718748231565842,
        "recall": 0.8290610668597634,
        "f1-score": 0.8948053978012818,
        "support": 20715.0
    },
    "Affected": {
        "precision": 0.06074270557029178,
        "recall": 0.3154269972451791,
        "f1-score": 0.10186832740213524,
        "support": 726.0
    },
    "accuracy": 0.8116692318455296,
    "macro avg": {
        "precision": 0.516308764363438,
        "recall": 0.5722440320524713,
        "f1-score": 0.4983368626017085,
        "support": 21441.0
    },
    "weighted avg": {
        "precision": 0.9410235607449594,
        "recall": 0.8116692318455296,
        "f1-score": 0.8679562623547177,
        "support": 21441.0
    },
    "Accuracy": 0.8116692318455296,
    "F1 - Avg. Macro": 0.4983368626017085,
    "F1 - Positives": 0.10186832740213524
}