{
    "Not Affected": {
        "precision": 0.9765692440498212,
        "recall": 0.7645667390779628,
        "f1-score": 0.8576611702271681,
        "support": 20715.0
    },
    "Affected": {
        "precision": 0.06624545280490139,
        "recall": 0.4765840220385675,
        "f1-score": 0.11632207093629181,
        "support": 726.0
    },
    "accuracy": 0.7548155403199478,
    "macro avg": {
        "precision": 0.5214073484273613,
        "recall": 0.6205753805582651,
        "f1-score": 0.48699162058172996,
        "support": 21441.0
    },
    "weighted avg": {
        "precision": 0.9457453518599134,
        "recall": 0.7548155403199478,
        "f1-score": 0.8325591607087139,
        "support": 21441.0
    },
    "Accuracy": 0.7548155403199478,
    "F1 - Avg. Macro": 0.48699162058172996,
    "F1 - Positives": 0.11632207093629181
}