{
    "Not Affected": {
        "precision": 0.9764573289086469,
        "recall": 0.7528361090996862,
        "f1-score": 0.8501880826473314,
        "support": 20715.0
    },
    "Affected": {
        "precision": 0.06398537477148081,
        "recall": 0.4820936639118457,
        "f1-score": 0.11297611362169141,
        "support": 726.0
    },
    "accuracy": 0.7436686721701413,
    "macro avg": {
        "precision": 0.5202213518400638,
        "recall": 0.6174648865057659,
        "f1-score": 0.48158209813451136,
        "support": 21441.0
    },
    "weighted avg": {
        "precision": 0.945560699147741,
        "recall": 0.7436686721701413,
        "f1-score": 0.8252258192495135,
        "support": 21441.0
    },
    "Accuracy": 0.7436686721701413,
    "F1 - Avg. Macro": 0.48158209813451136,
    "F1 - Positives": 0.11297611362169141
}