{
    "Not Affected": {
        "precision": 0.9730892816157907,
        "recall": 0.818682114409848,
        "f1-score": 0.8892326245969117,
        "support": 20715.0
    },
    "Affected": {
        "precision": 0.06404186394218789,
        "recall": 0.35399449035812675,
        "f1-score": 0.10846170078075543,
        "support": 726.0
    },
    "accuracy": 0.8029476237115806,
    "macro avg": {
        "precision": 0.5185655727789893,
        "recall": 0.5863383023839873,
        "f1-score": 0.49884716268883356,
        "support": 21441.0
    },
    "weighted avg": {
        "precision": 0.9423086078957666,
        "recall": 0.8029476237115806,
        "f1-score": 0.8627954392655125,
        "support": 21441.0
    },
    "Accuracy": 0.8029476237115806,
    "F1 - Avg. Macro": 0.49884716268883356,
    "F1 - Positives": 0.10846170078075543
}