{
    "Not Affected": {
        "precision": 0.9714589881374835,
        "recall": 0.9250784455708424,
        "f1-score": 0.9477015899705744,
        "support": 20715.0
    },
    "Affected": {
        "precision": 0.09504373177842565,
        "recall": 0.22451790633608815,
        "f1-score": 0.13355182302335109,
        "support": 726.0
    },
    "accuracy": 0.9013572128165664,
    "macro avg": {
        "precision": 0.5332513599579546,
        "recall": 0.5747981759534653,
        "f1-score": 0.5406267064969628,
        "support": 21441.0
    },
    "weighted avg": {
        "precision": 0.9417832511794744,
        "recall": 0.9013572128165664,
        "f1-score": 0.9201341849613079,
        "support": 21441.0
    },
    "Accuracy": 0.9013572128165664,
    "F1 - Avg. Macro": 0.5406267064969628,
    "F1 - Positives": 0.13355182302335109
}