{
    "Not Affected": {
        "precision": 0.9738651994497937,
        "recall": 0.7860970311368574,
        "f1-score": 0.8699647398226307,
        "support": 20715.0
    },
    "Affected": {
        "precision": 0.06122881355932203,
        "recall": 0.39807162534435264,
        "f1-score": 0.10613294160852002,
        "support": 726.0
    },
    "accuracy": 0.7729583508231892,
    "macro avg": {
        "precision": 0.5175470065045579,
        "recall": 0.592084328240605,
        "f1-score": 0.48804884071557536,
        "support": 21441.0
    },
    "weighted avg": {
        "precision": 0.9429630019703625,
        "recall": 0.7729583508231892,
        "f1-score": 0.8441011193989822,
        "support": 21441.0
    },
    "Accuracy": 0.7729583508231892,
    "F1 - Avg. Macro": 0.48804884071557536,
    "F1 - Positives": 0.10613294160852002
}