{
    "Not Affected": {
        "precision": 0.9701044129235619,
        "recall": 0.950856867004586,
        "f1-score": 0.960384212194349,
        "support": 20715.0
    },
    "Affected": {
        "precision": 0.10466138962181179,
        "recall": 0.16391184573002754,
        "f1-score": 0.12775093934514226,
        "support": 726.0
    },
    "accuracy": 0.9242106245044541,
    "macro avg": {
        "precision": 0.5373829012726868,
        "recall": 0.5573843563673068,
        "f1-score": 0.5440675757697456,
        "support": 21441.0
    },
    "weighted avg": {
        "precision": 0.9408001997377463,
        "recall": 0.9242106245044541,
        "f1-score": 0.9321909490028688,
        "support": 21441.0
    },
    "Accuracy": 0.9242106245044541,
    "F1 - Avg. Macro": 0.5440675757697456,
    "F1 - Positives": 0.12775093934514226
}