{
    "Not Affected": {
        "precision": 0.9719792678976352,
        "recall": 0.86908037653874,
        "f1-score": 0.9176542549124551,
        "support": 20715.0
    },
    "Affected": {
        "precision": 0.07091469681397738,
        "recall": 0.28512396694214875,
        "f1-score": 0.11358024691358025,
        "support": 726.0
    },
    "accuracy": 0.8493074017070099,
    "macro avg": {
        "precision": 0.5214469823558063,
        "recall": 0.5771021717404444,
        "f1-score": 0.5156172509130177,
        "support": 21441.0
    },
    "weighted avg": {
        "precision": 0.9414688962448796,
        "recall": 0.8493074017070099,
        "f1-score": 0.8904280187384342,
        "support": 21441.0
    },
    "Accuracy": 0.8493074017070099,
    "F1 - Avg. Macro": 0.5156172509130177,
    "F1 - Positives": 0.11358024691358025
}