{
    "Not Affected": {
        "precision": 0.9735627095060401,
        "recall": 0.7430847212165098,
        "f1-score": 0.842851667305481,
        "support": 20715.0
    },
    "Affected": {
        "precision": 0.054706927175843696,
        "recall": 0.42424242424242425,
        "f1-score": 0.09691629955947137,
        "support": 726.0
    },
    "accuracy": 0.732288605941887,
    "macro avg": {
        "precision": 0.5141348183409419,
        "recall": 0.583663572729467,
        "f1-score": 0.46988398343247617,
        "support": 21441.0
    },
    "weighted avg": {
        "precision": 0.9424499210180162,
        "recall": 0.732288605941887,
        "f1-score": 0.8175940264779262,
        "support": 21441.0
    },
    "Accuracy": 0.732288605941887,
    "F1 - Avg. Macro": 0.46988398343247617,
    "F1 - Positives": 0.09691629955947137
}