{
    "Not Affected": {
        "precision": 0.9688009888751545,
        "recall": 0.9458846246681148,
        "f1-score": 0.9572056668295066,
        "support": 20715.0
    },
    "Affected": {
        "precision": 0.078125,
        "recall": 0.13085399449035812,
        "f1-score": 0.09783728115345006,
        "support": 726.0
    },
    "accuracy": 0.9182873933118791,
    "macro avg": {
        "precision": 0.5234629944375773,
        "recall": 0.5383693095792365,
        "f1-score": 0.5275214739914783,
        "support": 21441.0
    },
    "weighted avg": {
        "precision": 0.9386423783661595,
        "recall": 0.9182873933118791,
        "f1-score": 0.9281071430665843,
        "support": 21441.0
    },
    "Accuracy": 0.9182873933118791,
    "F1 - Avg. Macro": 0.5275214739914783,
    "F1 - Positives": 0.09783728115345006
}