{
    "Not Affected": {
        "precision": 0.9699995129791068,
        "recall": 0.9614771904417089,
        "f1-score": 0.9657195500387897,
        "support": 20715.0
    },
    "Affected": {
        "precision": 0.1211453744493392,
        "recall": 0.15151515151515152,
        "f1-score": 0.1346389228886169,
        "support": 726.0
    },
    "accuracy": 0.9340515834149526,
    "macro avg": {
        "precision": 0.545572443714223,
        "recall": 0.5564961709784302,
        "f1-score": 0.5501792364637033,
        "support": 21441.0
    },
    "weighted avg": {
        "precision": 0.9412570054201025,
        "recall": 0.9340515834149526,
        "f1-score": 0.9375788599911695,
        "support": 21441.0
    },
    "Accuracy": 0.9340515834149526,
    "F1 - Avg. Macro": 0.5501792364637033,
    "F1 - Positives": 0.1346389228886169
}