{
    "Not Affected": {
        "precision": 0.9737744257799109,
        "recall": 0.8227371469949312,
        "f1-score": 0.8919067430724547,
        "support": 20715.0
    },
    "Affected": {
        "precision": 0.06778370144706779,
        "recall": 0.3677685950413223,
        "f1-score": 0.11446945337620579,
        "support": 726.0
    },
    "accuracy": 0.8073317475863999,
    "macro avg": {
        "precision": 0.5207790636134894,
        "recall": 0.5952528710181267,
        "f1-score": 0.5031880982243302,
        "support": 21441.0
    },
    "weighted avg": {
        "precision": 0.9430972527998428,
        "recall": 0.8073317475863999,
        "f1-score": 0.8655824357957663,
        "support": 21441.0
    },
    "Accuracy": 0.8073317475863999,
    "F1 - Avg. Macro": 0.5031880982243302,
    "F1 - Positives": 0.11446945337620579
}