{
    "Not Affected": {
        "precision": 0.9730179484131701,
        "recall": 0.7903451605117064,
        "f1-score": 0.8722197064542767,
        "support": 20715.0
    },
    "Affected": {
        "precision": 0.05893824485373781,
        "recall": 0.3746556473829201,
        "f1-score": 0.1018535854708856,
        "support": 726.0
    },
    "accuracy": 0.7762697635371485,
    "macro avg": {
        "precision": 0.515978096633454,
        "recall": 0.5825004039473133,
        "f1-score": 0.48703664596258117,
        "support": 21441.0
    },
    "weighted avg": {
        "precision": 0.9420668796764439,
        "recall": 0.7762697635371485,
        "f1-score": 0.8461348315028312,
        "support": 21441.0
    },
    "Accuracy": 0.7762697635371485,
    "F1 - Avg. Macro": 0.48703664596258117,
    "F1 - Positives": 0.1018535854708856
}