{
    "Not Affected": {
        "precision": 0.8484848484848485,
        "recall": 0.5490196078431373,
        "f1-score": 0.6666666666666666,
        "support": 51.0
    },
    "Affected": {
        "precision": 0.8861386138613861,
        "recall": 0.9728260869565217,
        "f1-score": 0.927461139896373,
        "support": 184.0
    },
    "accuracy": 0.8808510638297873,
    "macro avg": {
        "precision": 0.8673117311731173,
        "recall": 0.7609228473998295,
        "f1-score": 0.7970639032815199,
        "support": 235.0
    },
    "weighted avg": {
        "precision": 0.8779669456307333,
        "recall": 0.8808510638297873,
        "f1-score": 0.8708631903869474,
        "support": 235.0
    },
    "Accuracy": 0.8808510638297873,
    "F1 - Avg. Macro": 0.7970639032815199,
    "F1 - Positives": 0.927461139896373
}