{
    "Not Affected": {
        "precision": 0.9724765488962535,
        "recall": 0.8357711803041274,
        "f1-score": 0.8989563321044707,
        "support": 20715.0
    },
    "Affected": {
        "precision": 0.06487080813633865,
        "recall": 0.325068870523416,
        "f1-score": 0.10815765352887259,
        "support": 726.0
    },
    "accuracy": 0.8184786157362063,
    "macro avg": {
        "precision": 0.5186736785162961,
        "recall": 0.5804200254137717,
        "f1-score": 0.5035569928166717,
        "support": 21441.0
    },
    "weighted avg": {
        "precision": 0.9417446908769587,
        "recall": 0.8184786157362063,
        "f1-score": 0.8721796033769914,
        "support": 21441.0
    },
    "Accuracy": 0.8184786157362063,
    "F1 - Avg. Macro": 0.5035569928166717,
    "F1 - Positives": 0.10815765352887259
}