{
    "Not Affected": {
        "precision": 0.9642018227943249,
        "recall": 0.49538981414433986,
        "f1-score": 0.6545060271701001,
        "support": 20715.0
    },
    "Affected": {
        "precision": 0.03195036117799593,
        "recall": 0.47520661157024796,
        "f1-score": 0.0598750433877126,
        "support": 726.0
    },
    "accuracy": 0.4947064036192342,
    "macro avg": {
        "precision": 0.4980760919861604,
        "recall": 0.4852982128572939,
        "f1-score": 0.3571905352789063,
        "support": 21441.0
    },
    "weighted avg": {
        "precision": 0.9326354517699578,
        "recall": 0.4947064036192342,
        "f1-score": 0.6343716074030178,
        "support": 21441.0
    },
    "Accuracy": 0.4947064036192342,
    "F1 - Avg. Macro": 0.3571905352789063,
    "F1 - Positives": 0.0598750433877126
}