{
    "Not Affected": {
        "precision": 0.970069109531149,
        "recall": 0.9418778662804731,
        "f1-score": 0.9557656510238072,
        "support": 20715.0
    },
    "Affected": {
        "precision": 0.09337349397590361,
        "recall": 0.17079889807162535,
        "f1-score": 0.12074001947419669,
        "support": 726.0
    },
    "accuracy": 0.9157688540646425,
    "macro avg": {
        "precision": 0.5317213017535263,
        "recall": 0.5563383821760493,
        "f1-score": 0.5382528352490019,
        "support": 21441.0
    },
    "weighted avg": {
        "precision": 0.9403838795095498,
        "recall": 0.9157688540646425,
        "f1-score": 0.9274913817031123,
        "support": 21441.0
    },
    "Accuracy": 0.9157688540646425,
    "F1 - Avg. Macro": 0.5382528352490019,
    "F1 - Positives": 0.12074001947419669
}