{
    "Not Affected": {
        "precision": 0.9702787612826012,
        "recall": 0.9392710596186339,
        "f1-score": 0.9545231554160125,
        "support": 20715.0
    },
    "Affected": {
        "precision": 0.0936599423631124,
        "recall": 0.1790633608815427,
        "f1-score": 0.12298959318826869,
        "support": 726.0
    },
    "accuracy": 0.9135301525115433,
    "macro avg": {
        "precision": 0.5319693518228568,
        "recall": 0.5591672102500883,
        "f1-score": 0.5387563743021406,
        "support": 21441.0
    },
    "weighted avg": {
        "precision": 0.9405961316228116,
        "recall": 0.9135301525115433,
        "f1-score": 0.9263671288231603,
        "support": 21441.0
    },
    "Accuracy": 0.9135301525115433,
    "F1 - Avg. Macro": 0.5387563743021406,
    "F1 - Positives": 0.12298959318826869
}