{
    "Not Affected": {
        "precision": 0.9774895078214422,
        "recall": 0.742070963070239,
        "f1-score": 0.843665102494443,
        "support": 20715.0
    },
    "Affected": {
        "precision": 0.06509186351706037,
        "recall": 0.512396694214876,
        "f1-score": 0.11551001397298556,
        "support": 726.0
    },
    "accuracy": 0.7342941094165384,
    "macro avg": {
        "precision": 0.5212906856692513,
        "recall": 0.6272338286425575,
        "f1-score": 0.4795875582337143,
        "support": 21441.0
    },
    "weighted avg": {
        "precision": 0.9465953942182995,
        "recall": 0.7342941094165385,
        "f1-score": 0.8190095083399458,
        "support": 21441.0
    },
    "Accuracy": 0.7342941094165384,
    "F1 - Avg. Macro": 0.4795875582337143,
    "F1 - Positives": 0.11551001397298556
}