{
    "Not Affected": {
        "precision": 0.9711251067463706,
        "recall": 0.8783490224475018,
        "f1-score": 0.9224100783250108,
        "support": 20715.0
    },
    "Affected": {
        "precision": 0.06839186691312385,
        "recall": 0.2548209366391185,
        "f1-score": 0.10784027980180705,
        "support": 726.0
    },
    "accuracy": 0.8572361363742362,
    "macro avg": {
        "precision": 0.5197584868297472,
        "recall": 0.5665849795433101,
        "f1-score": 0.5151251790634089,
        "support": 21441.0
    },
    "weighted avg": {
        "precision": 0.9405582333673801,
        "recall": 0.8572361363742362,
        "f1-score": 0.8948284508949541,
        "support": 21441.0
    },
    "Accuracy": 0.8572361363742362,
    "F1 - Avg. Macro": 0.5151251790634089,
    "F1 - Positives": 0.10784027980180705
}