{
    "Not Affected": {
        "precision": 0.9703867947770387,
        "recall": 0.9507120444122616,
        "f1-score": 0.9604486710558401,
        "support": 20715.0
    },
    "Affected": {
        "precision": 0.10907504363001745,
        "recall": 0.1721763085399449,
        "f1-score": 0.13354700854700854,
        "support": 726.0
    },
    "accuracy": 0.9243505433515228,
    "macro avg": {
        "precision": 0.5397309192035281,
        "recall": 0.5614441764761032,
        "f1-score": 0.5469978398014244,
        "support": 21441.0
    },
    "weighted avg": {
        "precision": 0.9412224679577328,
        "recall": 0.9243505433515228,
        "f1-score": 0.9324494822595427,
        "support": 21441.0
    },
    "Accuracy": 0.9243505433515228,
    "F1 - Avg. Macro": 0.5469978398014244,
    "F1 - Positives": 0.13354700854700854
}