{
    "Not Affected": {
        "precision": 0.975451735615787,
        "recall": 0.7922278542119238,
        "f1-score": 0.8743440155571539,
        "support": 20715.0
    },
    "Affected": {
        "precision": 0.06779293913796838,
        "recall": 0.43112947658402206,
        "f1-score": 0.11716264271008797,
        "support": 726.0
    },
    "accuracy": 0.7800009327923138,
    "macro avg": {
        "precision": 0.5216223373768777,
        "recall": 0.6116786653979729,
        "f1-score": 0.4957533291336209,
        "support": 21441.0
    },
    "weighted avg": {
        "precision": 0.9447180811107314,
        "recall": 0.7800009327923138,
        "f1-score": 0.8487055809371749,
        "support": 21441.0
    },
    "Accuracy": 0.7800009327923138,
    "F1 - Avg. Macro": 0.4957533291336209,
    "F1 - Positives": 0.11716264271008797
}