{
    "Not Affected": {
        "precision": 0.9697043852779953,
        "recall": 0.9564566739077963,
        "f1-score": 0.9630349721729409,
        "support": 20715.0
    },
    "Affected": {
        "precision": 0.10604558969276512,
        "recall": 0.14738292011019283,
        "f1-score": 0.12334293948126801,
        "support": 726.0
    },
    "accuracy": 0.9290611445361691,
    "macro avg": {
        "precision": 0.5378749874853802,
        "recall": 0.5519197970089946,
        "f1-score": 0.5431889558271045,
        "support": 21441.0
    },
    "weighted avg": {
        "precision": 0.9404605866867506,
        "recall": 0.9290611445361691,
        "f1-score": 0.9346026968250487,
        "support": 21441.0
    },
    "Accuracy": 0.9290611445361691,
    "F1 - Avg. Macro": 0.5431889558271045,
    "F1 - Positives": 0.12334293948126801
}