{
    "Not Affected": {
        "precision": 0.9707444193136001,
        "recall": 0.9530774800868935,
        "f1-score": 0.9618298297322972,
        "support": 20715.0
    },
    "Affected": {
        "precision": 0.11876699909338169,
        "recall": 0.18044077134986225,
        "f1-score": 0.14324767632586113,
        "support": 726.0
    },
    "accuracy": 0.926915722214449,
    "macro avg": {
        "precision": 0.5447557092034909,
        "recall": 0.5667591257183779,
        "f1-score": 0.5525387530290792,
        "support": 21441.0
    },
    "weighted avg": {
        "precision": 0.9418961563090817,
        "recall": 0.926915722214449,
        "f1-score": 0.9341123425174719,
        "support": 21441.0
    },
    "Accuracy": 0.926915722214449,
    "F1 - Avg. Macro": 0.5525387530290792,
    "F1 - Positives": 0.14324767632586113
}