{
    "Not Affected": {
        "precision": 0.9688786747103323,
        "recall": 0.976876659425537,
        "f1-score": 0.9728612292973726,
        "support": 20715.0
    },
    "Affected": {
        "precision": 0.13693693693693693,
        "recall": 0.1046831955922865,
        "f1-score": 0.11865729898516784,
        "support": 726.0
    },
    "accuracy": 0.9473438738864792,
    "macro avg": {
        "precision": 0.5529078058236346,
        "recall": 0.5407799275089118,
        "f1-score": 0.5457592641412702,
        "support": 21441.0
    },
    "weighted avg": {
        "precision": 0.9407088271461569,
        "recall": 0.9473438738864792,
        "f1-score": 0.9439375758573902,
        "support": 21441.0
    },
    "Accuracy": 0.9473438738864792,
    "F1 - Avg. Macro": 0.5457592641412702,
    "F1 - Positives": 0.11865729898516784
}