{
    "Not Affected": {
        "precision": 0.9763472323823458,
        "recall": 0.773159546222544,
        "f1-score": 0.86295428217355,
        "support": 20715.0
    },
    "Affected": {
        "precision": 0.06710343458407782,
        "recall": 0.465564738292011,
        "f1-score": 0.11730001735207357,
        "support": 726.0
    },
    "accuracy": 0.7627442749871741,
    "macro avg": {
        "precision": 0.5217253334832118,
        "recall": 0.6193621422572775,
        "f1-score": 0.4901271497628118,
        "support": 21441.0
    },
    "weighted avg": {
        "precision": 0.9455599091604092,
        "recall": 0.7627442749871741,
        "f1-score": 0.8377061595924953,
        "support": 21441.0
    },
    "Accuracy": 0.7627442749871741,
    "F1 - Avg. Macro": 0.4901271497628118,
    "F1 - Positives": 0.11730001735207357
}