{
    "Not Affected": {
        "precision": 0.9166666666666666,
        "recall": 0.43137254901960786,
        "f1-score": 0.5866666666666667,
        "support": 51.0
    },
    "Affected": {
        "precision": 0.8625592417061612,
        "recall": 0.9891304347826086,
        "f1-score": 0.9215189873417722,
        "support": 184.0
    },
    "accuracy": 0.8680851063829788,
    "macro avg": {
        "precision": 0.889612954186414,
        "recall": 0.7102514919011083,
        "f1-score": 0.7540928270042194,
        "support": 235.0
    },
    "weighted avg": {
        "precision": 0.8743017041443986,
        "recall": 0.8680851063829788,
        "f1-score": 0.8488489092378131,
        "support": 235.0
    },
    "Accuracy": 0.8680851063829788,
    "F1 - Avg. Macro": 0.7540928270042194,
    "F1 - Positives": 0.9215189873417722
}