{
    "Not Affected": {
        "precision": 0.6764705882352942,
        "recall": 0.45098039215686275,
        "f1-score": 0.5411764705882353,
        "support": 51.0
    },
    "Affected": {
        "precision": 0.8606965174129353,
        "recall": 0.9402173913043478,
        "f1-score": 0.8987012987012987,
        "support": 184.0
    },
    "accuracy": 0.8340425531914893,
    "macro avg": {
        "precision": 0.7685835528241147,
        "recall": 0.6955988917306053,
        "f1-score": 0.719938884644767,
        "support": 235.0
    },
    "weighted avg": {
        "precision": 0.8207155710807664,
        "recall": 0.8340425531914893,
        "f1-score": 0.8211108040895274,
        "support": 235.0
    },
    "Accuracy": 0.8340425531914893,
    "F1 - Avg. Macro": 0.719938884644767,
    "F1 - Positives": 0.8987012987012987
}