{
    "Not Affected": {
        "precision": 0.9716789569306402,
        "recall": 0.8778180062756457,
        "f1-score": 0.9223667858682696,
        "support": 20715.0
    },
    "Affected": {
        "precision": 0.07187385405207188,
        "recall": 0.2699724517906336,
        "f1-score": 0.11352447147408051,
        "support": 726.0
    },
    "accuracy": 0.8572361363742362,
    "macro avg": {
        "precision": 0.5217764054913561,
        "recall": 0.5738952290331396,
        "f1-score": 0.517945628671175,
        "support": 21441.0
    },
    "weighted avg": {
        "precision": 0.9412112313259651,
        "recall": 0.8572361363742362,
        "f1-score": 0.8949790931183894,
        "support": 21441.0
    },
    "Accuracy": 0.8572361363742362,
    "F1 - Avg. Macro": 0.517945628671175,
    "F1 - Positives": 0.11352447147408051
}