{
    "Not Affected": {
        "precision": 0.9704021030084704,
        "recall": 0.9622978517982138,
        "f1-score": 0.9663329859175412,
        "support": 20715.0
    },
    "Affected": {
        "precision": 0.13125695216907676,
        "recall": 0.162534435261708,
        "f1-score": 0.14523076923076922,
        "support": 726.0
    },
    "accuracy": 0.9352175738071918,
    "macro avg": {
        "precision": 0.5508295275887736,
        "recall": 0.5624161435299609,
        "f1-score": 0.5557818775741552,
        "support": 21441.0
    },
    "weighted avg": {
        "precision": 0.9419883452775156,
        "recall": 0.9352175738071918,
        "f1-score": 0.9385301684503243,
        "support": 21441.0
    },
    "Accuracy": 0.9352175738071918,
    "F1 - Avg. Macro": 0.5557818775741552,
    "F1 - Positives": 0.14523076923076922
}