{
    "Not Affected": {
        "precision": 0.972470198321484,
        "recall": 0.8782041998551774,
        "f1-score": 0.9229364314342245,
        "support": 20715.0
    },
    "Affected": {
        "precision": 0.07717629846378932,
        "recall": 0.290633608815427,
        "f1-score": 0.12196531791907514,
        "support": 726.0
    },
    "accuracy": 0.8583088475350963,
    "macro avg": {
        "precision": 0.5248232483926366,
        "recall": 0.5844189043353022,
        "f1-score": 0.5224508746766499,
        "support": 21441.0
    },
    "weighted avg": {
        "precision": 0.9421552236795976,
        "recall": 0.8583088475350963,
        "f1-score": 0.8958152603875383,
        "support": 21441.0
    },
    "Accuracy": 0.8583088475350963,
    "F1 - Avg. Macro": 0.5224508746766499,
    "F1 - Positives": 0.12196531791907514
}