{
    "Not Affected": {
        "precision": 0.9745814903980741,
        "recall": 0.8403089548636254,
        "f1-score": 0.9024782248029863,
        "support": 20715.0
    },
    "Affected": {
        "precision": 0.07597765363128492,
        "recall": 0.3746556473829201,
        "f1-score": 0.12633534602879704,
        "support": 726.0
    },
    "accuracy": 0.82454176577585,
    "macro avg": {
        "precision": 0.5252795720146795,
        "recall": 0.6074823011232728,
        "f1-score": 0.5144067854158917,
        "support": 21441.0
    },
    "weighted avg": {
        "precision": 0.9441544400975894,
        "recall": 0.82454176577585,
        "f1-score": 0.8761977467473892,
        "support": 21441.0
    },
    "Accuracy": 0.82454176577585,
    "F1 - Avg. Macro": 0.5144067854158917,
    "F1 - Positives": 0.12633534602879704
}