{
    "Not Affected": {
        "precision": 0.9700266778260187,
        "recall": 0.895196717354574,
        "f1-score": 0.9311106647921269,
        "support": 20715.0
    },
    "Affected": {
        "precision": 0.06583476764199656,
        "recall": 0.21074380165289255,
        "f1-score": 0.10032786885245902,
        "support": 726.0
    },
    "accuracy": 0.8720208945478289,
    "macro avg": {
        "precision": 0.5179307227340076,
        "recall": 0.5529702595037332,
        "f1-score": 0.515719266822293,
        "support": 21441.0
    },
    "weighted avg": {
        "precision": 0.9394104133423846,
        "recall": 0.8720208945478289,
        "f1-score": 0.9029800594168085,
        "support": 21441.0
    },
    "Accuracy": 0.8720208945478289,
    "F1 - Avg. Macro": 0.515719266822293,
    "F1 - Positives": 0.10032786885245902
}