{
    "Not Affected": {
        "precision": 0.9729780096906449,
        "recall": 0.756118754525706,
        "f1-score": 0.8509493928775161,
        "support": 20715.0
    },
    "Affected": {
        "precision": 0.05446378439079169,
        "recall": 0.40082644628099173,
        "f1-score": 0.09589718240237272,
        "support": 726.0
    },
    "accuracy": 0.7440884287113474,
    "macro avg": {
        "precision": 0.5137208970407183,
        "recall": 0.5784726004033489,
        "f1-score": 0.47342328763994446,
        "support": 21441.0
    },
    "weighted avg": {
        "precision": 0.941876786446967,
        "recall": 0.7440884287113474,
        "f1-score": 0.8253830524640581,
        "support": 21441.0
    },
    "Accuracy": 0.7440884287113474,
    "F1 - Avg. Macro": 0.47342328763994446,
    "F1 - Positives": 0.09589718240237272
}