{
    "Not Affected": {
        "precision": 0.9717680458440671,
        "recall": 0.8923002655080859,
        "f1-score": 0.9303402456210993,
        "support": 20715.0
    },
    "Affected": {
        "precision": 0.07809917355371901,
        "recall": 0.2603305785123967,
        "f1-score": 0.12015257469802924,
        "support": 726.0
    },
    "accuracy": 0.8709015437712794,
    "macro avg": {
        "precision": 0.524933609698893,
        "recall": 0.5763154220102413,
        "f1-score": 0.5252464101595643,
        "support": 21441.0
    },
    "weighted avg": {
        "precision": 0.9415080952222308,
        "recall": 0.8709015437712794,
        "f1-score": 0.90290699861349,
        "support": 21441.0
    },
    "Accuracy": 0.8709015437712794,
    "F1 - Avg. Macro": 0.5252464101595643,
    "F1 - Positives": 0.12015257469802924
}