{
    "Not Affected": {
        "precision": 0.969011074412279,
        "recall": 0.9630702389572773,
        "f1-score": 0.9660315231339128,
        "support": 20715.0
    },
    "Affected": {
        "precision": 0.10316529894490035,
        "recall": 0.12121212121212122,
        "f1-score": 0.11146295123495883,
        "support": 726.0
    },
    "accuracy": 0.9345646191875379,
    "macro avg": {
        "precision": 0.5360881866785897,
        "recall": 0.5421411800846992,
        "f1-score": 0.5387472371844358,
        "support": 21441.0
    },
    "weighted avg": {
        "precision": 0.9396932238927455,
        "recall": 0.9345646191875379,
        "f1-score": 0.9370955227981711,
        "support": 21441.0
    },
    "Accuracy": 0.9345646191875379,
    "F1 - Avg. Macro": 0.5387472371844358,
    "F1 - Positives": 0.11146295123495883
}