{
    "Not Affected": {
        "precision": 0.9716936251189343,
        "recall": 0.7888003861935795,
        "f1-score": 0.8707468492712691,
        "support": 20715.0
    },
    "Affected": {
        "precision": 0.05405405405405406,
        "recall": 0.3443526170798898,
        "f1-score": 0.09344047841524948,
        "support": 726.0
    },
    "accuracy": 0.7737512242899118,
    "macro avg": {
        "precision": 0.5128738395864942,
        "recall": 0.5665765016367347,
        "f1-score": 0.4820936638432593,
        "support": 21441.0
    },
    "weighted avg": {
        "precision": 0.9406220179833947,
        "recall": 0.7737512242899118,
        "f1-score": 0.8444269749537713,
        "support": 21441.0
    },
    "Accuracy": 0.7737512242899118,
    "F1 - Avg. Macro": 0.4820936638432593,
    "F1 - Positives": 0.09344047841524948
}