{
    "Not Affected": {
        "precision": 0.9711304163576651,
        "recall": 0.8850108616944243,
        "f1-score": 0.926072790644811,
        "support": 20715.0
    },
    "Affected": {
        "precision": 0.07062036675770582,
        "recall": 0.2493112947658402,
        "f1-score": 0.11006384919428398,
        "support": 726.0
    },
    "accuracy": 0.8634858448766383,
    "macro avg": {
        "precision": 0.5208753915576855,
        "recall": 0.5671610782301323,
        "f1-score": 0.5180683199195475,
        "support": 21441.0
    },
    "weighted avg": {
        "precision": 0.9406388210025244,
        "recall": 0.8634858448766383,
        "f1-score": 0.898442433315718,
        "support": 21441.0
    },
    "Accuracy": 0.8634858448766383,
    "F1 - Avg. Macro": 0.5180683199195475,
    "F1 - Positives": 0.11006384919428398
}