{
    "Not Affected": {
        "precision": 0.9720088664364143,
        "recall": 0.9102582669563118,
        "f1-score": 0.9401206561300294,
        "support": 20715.0
    },
    "Affected": {
        "precision": 0.08961802154750245,
        "recall": 0.25206611570247933,
        "f1-score": 0.13222543352601157,
        "support": 726.0
    },
    "accuracy": 0.8879716431136607,
    "macro avg": {
        "precision": 0.5308134439919584,
        "recall": 0.5811621913293956,
        "f1-score": 0.5361730448280204,
        "support": 21441.0
    },
    "weighted avg": {
        "precision": 0.9421307938936527,
        "recall": 0.8879716431136607,
        "f1-score": 0.9127650322500556,
        "support": 21441.0
    },
    "Accuracy": 0.8879716431136607,
    "F1 - Avg. Macro": 0.5361730448280204,
    "F1 - Positives": 0.13222543352601157
}