{
    "Not Affected": {
        "precision": 0.9720036400620952,
        "recall": 0.8765628771421675,
        "f1-score": 0.92181947405828,
        "support": 20715.0
    },
    "Affected": {
        "precision": 0.07355072463768116,
        "recall": 0.2796143250688705,
        "f1-score": 0.11646586345381527,
        "support": 726.0
    },
    "accuracy": 0.8563499836761345,
    "macro avg": {
        "precision": 0.5227771823498881,
        "recall": 0.5780886011055191,
        "f1-score": 0.5191426687560476,
        "support": 21441.0
    },
    "weighted avg": {
        "precision": 0.9415817000127445,
        "recall": 0.8563499836761345,
        "f1-score": 0.8945499100781092,
        "support": 21441.0
    },
    "Accuracy": 0.8563499836761345,
    "F1 - Avg. Macro": 0.5191426687560476,
    "F1 - Positives": 0.11646586345381527
}