{
    "Not Affected": {
        "precision": 0.9711965765073791,
        "recall": 0.8545498431088583,
        "f1-score": 0.9091469364696215,
        "support": 20715.0
    },
    "Affected": {
        "precision": 0.06253889234598631,
        "recall": 0.2768595041322314,
        "f1-score": 0.10203045685279188,
        "support": 726.0
    },
    "accuracy": 0.8349890396903129,
    "macro avg": {
        "precision": 0.5168677344266828,
        "recall": 0.5657046736205449,
        "f1-score": 0.5055886966612066,
        "support": 21441.0
    },
    "weighted avg": {
        "precision": 0.9404290993047686,
        "recall": 0.8349890396903129,
        "f1-score": 0.8818176811083128,
        "support": 21441.0
    },
    "Accuracy": 0.8349890396903129,
    "F1 - Avg. Macro": 0.5055886966612066,
    "F1 - Positives": 0.10203045685279188
}