{
    "Not Affected": {
        "precision": 0.9721674591209556,
        "recall": 0.8093651943036447,
        "f1-score": 0.8833276257211349,
        "support": 20715.0
    },
    "Affected": {
        "precision": 0.05864123957091776,
        "recall": 0.33884297520661155,
        "f1-score": 0.09997967892704734,
        "support": 726.0
    },
    "accuracy": 0.793433142110909,
    "macro avg": {
        "precision": 0.5154043493459367,
        "recall": 0.5741040847551282,
        "f1-score": 0.4916536523240911,
        "support": 21441.0
    },
    "weighted avg": {
        "precision": 0.94123513155259,
        "recall": 0.793433142110909,
        "f1-score": 0.8568031814614218,
        "support": 21441.0
    },
    "Accuracy": 0.793433142110909,
    "F1 - Avg. Macro": 0.4916536523240911,
    "F1 - Positives": 0.09997967892704734
}