{
    "Not Affected": {
        "precision": 0.9696748797200758,
        "recall": 0.9632150615496018,
        "f1-score": 0.9664341761115954,
        "support": 20715.0
    },
    "Affected": {
        "precision": 0.11805555555555555,
        "recall": 0.14049586776859505,
        "f1-score": 0.12830188679245283,
        "support": 726.0
    },
    "accuracy": 0.9353574926542605,
    "macro avg": {
        "precision": 0.5438652176378157,
        "recall": 0.5518554646590984,
        "f1-score": 0.5473680314520242,
        "support": 21441.0
    },
    "weighted avg": {
        "precision": 0.9408387419772727,
        "recall": 0.9353574926542605,
        "f1-score": 0.9380547142373499,
        "support": 21441.0
    },
    "Accuracy": 0.9353574926542605,
    "F1 - Avg. Macro": 0.5473680314520242,
    "F1 - Positives": 0.12830188679245283
}