{
    "0": {
        "precision": 0.9721661751771948,
        "recall": 0.9071204441226165,
        "f1-score": 0.9385176306063331,
        "support": 20715.0
    },
    "1": {
        "precision": 0.08901515151515152,
        "recall": 0.25895316804407714,
        "f1-score": 0.1324876673713883,
        "support": 726.0
    },
    "accuracy": 0.8851732661722868,
    "macro avg": {
        "precision": 0.5305906633461732,
        "recall": 0.5830368060833468,
        "f1-score": 0.5355026489888607,
        "support": 21441.0
    },
    "weighted avg": {
        "precision": 0.9422623627067577,
        "recall": 0.8851732661722868,
        "f1-score": 0.9112251650819374,
        "support": 21441.0
    },
    "Accuracy": 0.8851732661722868,
    "F1 - Avg. Macro": 0.5355026489888607,
    "F1 - Positives": 0.1324876673713883
}