{
    "Not Affected": {
        "precision": 0.9719988910451899,
        "recall": 0.8462466811489259,
        "f1-score": 0.9047741935483871,
        "support": 20715.0
    },
    "Affected": {
        "precision": 0.0648854961832061,
        "recall": 0.3044077134986226,
        "f1-score": 0.10696999031945789,
        "support": 726.0
    },
    "accuracy": 0.8278998181054988,
    "macro avg": {
        "precision": 0.518442193614198,
        "recall": 0.5753271973237742,
        "f1-score": 0.5058720919339225,
        "support": 21441.0
    },
    "weighted avg": {
        "precision": 0.9412837040357313,
        "recall": 0.8278998181054988,
        "f1-score": 0.8777602552272171,
        "support": 21441.0
    },
    "Accuracy": 0.8278998181054988,
    "F1 - Avg. Macro": 0.5058720919339225,
    "F1 - Positives": 0.10696999031945789
}