{
    "Not Affected": {
        "precision": 0.9738917119327142,
        "recall": 0.8049239681390297,
        "f1-score": 0.8813828100222011,
        "support": 20715.0
    },
    "Affected": {
        "precision": 0.06458333333333334,
        "recall": 0.384297520661157,
        "f1-score": 0.11058263971462545,
        "support": 726.0
    },
    "accuracy": 0.7906814047852245,
    "macro avg": {
        "precision": 0.5192375226330238,
        "recall": 0.5946107444000933,
        "f1-score": 0.49598272486841327,
        "support": 21441.0
    },
    "weighted avg": {
        "precision": 0.9431022019815388,
        "recall": 0.7906814047852245,
        "f1-score": 0.8552832380039511,
        "support": 21441.0
    },
    "Accuracy": 0.7906814047852245,
    "F1 - Avg. Macro": 0.49598272486841327,
    "F1 - Positives": 0.11058263971462545
}