{
    "Not Affected": {
        "precision": 0.9719790749469105,
        "recall": 0.9059135891865798,
        "f1-score": 0.9377842186797262,
        "support": 20715.0
    },
    "Affected": {
        "precision": 0.0866916588566073,
        "recall": 0.2548209366391185,
        "f1-score": 0.12937062937062938,
        "support": 726.0
    },
    "accuracy": 0.8838673569329789,
    "macro avg": {
        "precision": 0.5293353669017589,
        "recall": 0.5803672629128491,
        "f1-score": 0.5335774240251778,
        "support": 21441.0
    },
    "weighted avg": {
        "precision": 0.9420029234576347,
        "recall": 0.8838673569329789,
        "f1-score": 0.910411042715993,
        "support": 21441.0
    },
    "Accuracy": 0.8838673569329789,
    "F1 - Avg. Macro": 0.5335774240251778,
    "F1 - Positives": 0.12937062937062938
}