{
    "Not Affected": {
        "precision": 0.9733474293345203,
        "recall": 0.8444605358435916,
        "f1-score": 0.9043347894641611,
        "support": 20715.0
    },
    "Affected": {
        "precision": 0.0712020755260882,
        "recall": 0.3402203856749311,
        "f1-score": 0.11775923718712754,
        "support": 726.0
    },
    "accuracy": 0.8273867823329136,
    "macro avg": {
        "precision": 0.5222747524303043,
        "recall": 0.5923404607592614,
        "f1-score": 0.5110470133256443,
        "support": 21441.0
    },
    "weighted avg": {
        "precision": 0.9428004619885513,
        "recall": 0.8273867823329136,
        "f1-score": 0.8777010573176602,
        "support": 21441.0
    },
    "Accuracy": 0.8273867823329136,
    "F1 - Avg. Macro": 0.5110470133256443,
    "F1 - Positives": 0.11775923718712754
}