{
    "Not Affected": {
        "precision": 0.9725893890479381,
        "recall": 0.7707941105479121,
        "f1-score": 0.8600129268555424,
        "support": 20715.0
    },
    "Affected": {
        "precision": 0.05493630573248408,
        "recall": 0.38016528925619836,
        "f1-score": 0.096,
        "support": 726.0
    },
    "accuracy": 0.7575672776456323,
    "macro avg": {
        "precision": 0.513762847390211,
        "recall": 0.5754796999020553,
        "f1-score": 0.4780064634277712,
        "support": 21441.0
    },
    "weighted avg": {
        "precision": 0.9415173243827163,
        "recall": 0.7575672776456323,
        "f1-score": 0.8341431733507094,
        "support": 21441.0
    },
    "Accuracy": 0.7575672776456323,
    "F1 - Avg. Macro": 0.4780064634277712,
    "F1 - Positives": 0.096
}