{
    "Not Affected": {
        "precision": 0.9719897332886954,
        "recall": 0.8409365194303645,
        "f1-score": 0.9017263245075964,
        "support": 20715.0
    },
    "Affected": {
        "precision": 0.06365444728616085,
        "recall": 0.3085399449035813,
        "f1-score": 0.1055359246171967,
        "support": 726.0
    },
    "accuracy": 0.8229093792267151,
    "macro avg": {
        "precision": 0.5178220902874281,
        "recall": 0.574738232166973,
        "f1-score": 0.5036311245623966,
        "support": 21441.0
    },
    "weighted avg": {
        "precision": 0.9412331726041265,
        "recall": 0.8229093792267151,
        "f1-score": 0.8747670301500371,
        "support": 21441.0
    },
    "Accuracy": 0.8229093792267151,
    "F1 - Avg. Macro": 0.5036311245623966,
    "F1 - Positives": 0.1055359246171967
}