{
    "Not Affected": {
        "precision": 0.723404255319149,
        "recall": 0.6666666666666666,
        "f1-score": 0.6938775510204082,
        "support": 51.0
    },
    "Affected": {
        "precision": 0.9095744680851063,
        "recall": 0.9293478260869565,
        "f1-score": 0.9193548387096774,
        "support": 184.0
    },
    "accuracy": 0.8723404255319149,
    "macro avg": {
        "precision": 0.8164893617021276,
        "recall": 0.7980072463768115,
        "f1-score": 0.8066161948650428,
        "support": 235.0
    },
    "weighted avg": {
        "precision": 0.8691715708465368,
        "recall": 0.8723404255319149,
        "f1-score": 0.8704214698920062,
        "support": 235.0
    },
    "Accuracy": 0.8723404255319149,
    "F1 - Avg. Macro": 0.8066161948650428,
    "F1 - Positives": 0.9193548387096774
}