{
    "Not Affected": {
        "precision": 0.9699049893050788,
        "recall": 0.941250301713734,
        "f1-score": 0.955362830123965,
        "support": 20715.0
    },
    "Affected": {
        "precision": 0.09043348281016443,
        "recall": 0.16666666666666666,
        "f1-score": 0.11724806201550388,
        "support": 726.0
    },
    "accuracy": 0.9150226202136095,
    "macro avg": {
        "precision": 0.5301692360576217,
        "recall": 0.5539584841902003,
        "f1-score": 0.5363054460697344,
        "support": 21441.0
    },
    "weighted avg": {
        "precision": 0.9401257666141918,
        "recall": 0.9150226202136095,
        "f1-score": 0.9269839615242381,
        "support": 21441.0
    },
    "Accuracy": 0.9150226202136095,
    "F1 - Avg. Macro": 0.5363054460697344,
    "F1 - Positives": 0.11724806201550388
}