{
    "Not Affected": {
        "precision": 0.8125,
        "recall": 0.2549019607843137,
        "f1-score": 0.3880597014925373,
        "support": 51.0
    },
    "Affected": {
        "precision": 0.8264840182648402,
        "recall": 0.9836956521739131,
        "f1-score": 0.8982630272952854,
        "support": 184.0
    },
    "accuracy": 0.825531914893617,
    "macro avg": {
        "precision": 0.81949200913242,
        "recall": 0.6192988064791134,
        "f1-score": 0.6431613643939114,
        "support": 235.0
    },
    "weighted avg": {
        "precision": 0.8234491887690663,
        "recall": 0.825531914893617,
        "f1-score": 0.7875380502061784,
        "support": 235.0
    },
    "Accuracy": 0.825531914893617,
    "F1 - Avg. Macro": 0.6431613643939114,
    "F1 - Positives": 0.8982630272952854
}