{
    "Not Affected": {
        "precision": 0.975162228686507,
        "recall": 0.6311368573497466,
        "f1-score": 0.7663091260770177,
        "support": 20715.0
    },
    "Affected": {
        "precision": 0.04891710231516057,
        "recall": 0.5413223140495868,
        "f1-score": 0.08972602739726028,
        "support": 726.0
    },
    "accuracy": 0.628095704491395,
    "macro avg": {
        "precision": 0.5120396655008338,
        "recall": 0.5862295856996667,
        "f1-score": 0.428017576737139,
        "support": 21441.0
    },
    "weighted avg": {
        "precision": 0.9437992343417658,
        "recall": 0.628095704491395,
        "f1-score": 0.7433997781155652,
        "support": 21441.0
    },
    "Accuracy": 0.628095704491395,
    "F1 - Avg. Macro": 0.428017576737139,
    "F1 - Positives": 0.08972602739726028
}