{
    "Not Affected": {
        "precision": 0.9721280203476049,
        "recall": 0.8856384262611634,
        "f1-score": 0.9268699320483997,
        "support": 20715.0
    },
    "Affected": {
        "precision": 0.07785130400934216,
        "recall": 0.27548209366391185,
        "f1-score": 0.12139605462822459,
        "support": 726.0
    },
    "accuracy": 0.8649783125787044,
    "macro avg": {
        "precision": 0.5249896621784735,
        "recall": 0.5805602599625377,
        "f1-score": 0.5241329933383122,
        "support": 21441.0
    },
    "weighted avg": {
        "precision": 0.9418474879068802,
        "recall": 0.8649783125787044,
        "f1-score": 0.8995962957904339,
        "support": 21441.0
    },
    "Accuracy": 0.8649783125787044,
    "F1 - Avg. Macro": 0.5241329933383122,
    "F1 - Positives": 0.12139605462822459
}