{
    "0": {
        "precision": 0.9713287067524442,
        "recall": 0.92565773594014,
        "f1-score": 0.9479434447300771,
        "support": 20715.0
    },
    "1": {
        "precision": 0.09411764705882353,
        "recall": 0.22038567493112948,
        "f1-score": 0.13190436933223412,
        "support": 726.0
    },
    "accuracy": 0.9017769693577725,
    "macro avg": {
        "precision": 0.5327231769056339,
        "recall": 0.5730217054356348,
        "f1-score": 0.5399239070311556,
        "support": 21441.0
    },
    "weighted avg": {
        "precision": 0.941626023606249,
        "recall": 0.9017769693577725,
        "f1-score": 0.9203120670546499,
        "support": 21441.0
    },
    "Accuracy": 0.9017769693577725,
    "F1 - Avg. Macro": 0.5399239070311556,
    "F1 - Positives": 0.13190436933223412
}