{
    "Not Affected": {
        "precision": 0.9738833155859441,
        "recall": 0.8388607289403813,
        "f1-score": 0.901343430675865,
        "support": 20715.0
    },
    "Affected": {
        "precision": 0.07226236798221233,
        "recall": 0.3581267217630854,
        "f1-score": 0.12025901942645699,
        "support": 726.0
    },
    "accuracy": 0.8225829019168882,
    "macro avg": {
        "precision": 0.5230728417840782,
        "recall": 0.5984937253517334,
        "f1-score": 0.510801225051161,
        "support": 21441.0
    },
    "weighted avg": {
        "precision": 0.9433541048233719,
        "recall": 0.8225829019168882,
        "f1-score": 0.8748956305468099,
        "support": 21441.0
    },
    "Accuracy": 0.8225829019168882,
    "F1 - Avg. Macro": 0.510801225051161,
    "F1 - Positives": 0.12025901942645699
}