{
    "Not Affected": {
        "precision": 0.9703770197486535,
        "recall": 0.9393193338160754,
        "f1-score": 0.9545956288174259,
        "support": 20715.0
    },
    "Affected": {
        "precision": 0.09503239740820735,
        "recall": 0.18181818181818182,
        "f1-score": 0.12482269503546099,
        "support": 726.0
    },
    "accuracy": 0.913670071358612,
    "macro avg": {
        "precision": 0.5327047085784304,
        "recall": 0.5605687578171286,
        "f1-score": 0.5397091619264435,
        "support": 21441.0
    },
    "weighted avg": {
        "precision": 0.9407375348450032,
        "recall": 0.913670071358612,
        "f1-score": 0.9264992177393182,
        "support": 21441.0
    },
    "Accuracy": 0.913670071358612,
    "F1 - Avg. Macro": 0.5397091619264435,
    "F1 - Positives": 0.12482269503546099
}