{
    "Not Affected": {
        "precision": 0.75,
        "recall": 0.47058823529411764,
        "f1-score": 0.5783132530120482,
        "support": 51.0
    },
    "Affected": {
        "precision": 0.8669950738916257,
        "recall": 0.9565217391304348,
        "f1-score": 0.9095607235142119,
        "support": 184.0
    },
    "accuracy": 0.851063829787234,
    "macro avg": {
        "precision": 0.8084975369458128,
        "recall": 0.7135549872122762,
        "f1-score": 0.74393698826313,
        "support": 235.0
    },
    "weighted avg": {
        "precision": 0.8416046536002516,
        "recall": 0.851063829787234,
        "f1-score": 0.8376729745967211,
        "support": 235.0
    },
    "Accuracy": 0.851063829787234,
    "F1 - Avg. Macro": 0.74393698826313,
    "F1 - Positives": 0.9095607235142119
}