{
    "Not Affected": {
        "precision": 0.9730511290223344,
        "recall": 0.7634564325368091,
        "f1-score": 0.85560484743562,
        "support": 20715.0
    },
    "Affected": {
        "precision": 0.05551272166538165,
        "recall": 0.39669421487603307,
        "f1-score": 0.09739600946905648,
        "support": 726.0
    },
    "accuracy": 0.7510377314490928,
    "macro avg": {
        "precision": 0.514281925343858,
        "recall": 0.5800753237064211,
        "f1-score": 0.47650042845233825,
        "support": 21441.0
    },
    "weighted avg": {
        "precision": 0.9419829473264643,
        "recall": 0.7510377314490928,
        "f1-score": 0.8299316224757896,
        "support": 21441.0
    },
    "Accuracy": 0.7510377314490928,
    "F1 - Avg. Macro": 0.47650042845233825,
    "F1 - Positives": 0.09739600946905648
}