{
    "Not Affected": {
        "precision": 0.9711476118435272,
        "recall": 0.8676804248129375,
        "f1-score": 0.916503072177039,
        "support": 20715.0
    },
    "Affected": {
        "precision": 0.06546198431639959,
        "recall": 0.2644628099173554,
        "f1-score": 0.10494670675047828,
        "support": 726.0
    },
    "accuracy": 0.847255258616669,
    "macro avg": {
        "precision": 0.5183047980799633,
        "recall": 0.5660716173651464,
        "f1-score": 0.5107248894637586,
        "support": 21441.0
    },
    "weighted avg": {
        "precision": 0.9404807695514376,
        "recall": 0.847255258616669,
        "f1-score": 0.8890234806794556,
        "support": 21441.0
    },
    "Accuracy": 0.847255258616669,
    "F1 - Avg. Macro": 0.5107248894637586,
    "F1 - Positives": 0.10494670675047828
}