{
    "Not Affected": {
        "precision": 0.9692755338560931,
        "recall": 0.948781076514603,
        "f1-score": 0.9589188134270101,
        "support": 20715.0
    },
    "Affected": {
        "precision": 0.08848797250859107,
        "recall": 0.1418732782369146,
        "f1-score": 0.10899470899470899,
        "support": 726.0
    },
    "accuracy": 0.9214588871787697,
    "macro avg": {
        "precision": 0.5288817531823421,
        "recall": 0.5453271773757588,
        "f1-score": 0.5339567612108596,
        "support": 21441.0
    },
    "weighted avg": {
        "precision": 0.939451749072814,
        "recall": 0.9214588871787697,
        "f1-score": 0.9301400764362985,
        "support": 21441.0
    },
    "Accuracy": 0.9214588871787697,
    "F1 - Avg. Macro": 0.5339567612108596,
    "F1 - Positives": 0.10899470899470899
}