{
    "Not Affected": {
        "precision": 0.9693457756371664,
        "recall": 0.9327057687665943,
        "f1-score": 0.9506728663862032,
        "support": 20715.0
    },
    "Affected": {
        "precision": 0.07620941020543406,
        "recall": 0.1584022038567493,
        "f1-score": 0.1029082774049217,
        "support": 726.0
    },
    "accuracy": 0.9064875705424187,
    "macro avg": {
        "precision": 0.5227775929213002,
        "recall": 0.5455539863116718,
        "f1-score": 0.5267905718955624,
        "support": 21441.0
    },
    "weighted avg": {
        "precision": 0.9391038558897928,
        "recall": 0.9064875705424187,
        "f1-score": 0.9219672513682277,
        "support": 21441.0
    },
    "Accuracy": 0.9064875705424187,
    "F1 - Avg. Macro": 0.5267905718955624,
    "F1 - Positives": 0.1029082774049217
}