{
    "Not Affected": {
        "precision": 0.9736510337871911,
        "recall": 0.7456432536809076,
        "f1-score": 0.8445282812542716,
        "support": 20715.0
    },
    "Affected": {
        "precision": 0.055226824457593686,
        "recall": 0.42424242424242425,
        "f1-score": 0.09773123909249563,
        "support": 726.0
    },
    "accuracy": 0.7347605055734341,
    "macro avg": {
        "precision": 0.5144389291223924,
        "recall": 0.5849428389616659,
        "f1-score": 0.4711297601733836,
        "support": 21441.0
    },
    "weighted avg": {
        "precision": 0.9425528585167613,
        "recall": 0.7347605055734341,
        "f1-score": 0.8192414638199426,
        "support": 21441.0
    },
    "Accuracy": 0.7347605055734341,
    "F1 - Avg. Macro": 0.4711297601733836,
    "F1 - Positives": 0.09773123909249563
}