{
    "Not Affected": {
        "precision": 0.972239393087946,
        "recall": 0.8351918899348298,
        "f1-score": 0.8985198649701376,
        "support": 20715.0
    },
    "Affected": {
        "precision": 0.06363137685134394,
        "recall": 0.31955922865013775,
        "f1-score": 0.10612991765782251,
        "support": 726.0
    },
    "accuracy": 0.8177323818851733,
    "macro avg": {
        "precision": 0.517935384969645,
        "recall": 0.5773755592924839,
        "f1-score": 0.5023248913139801,
        "support": 21441.0
    },
    "weighted avg": {
        "precision": 0.9414735976591987,
        "recall": 0.8177323818851733,
        "f1-score": 0.8716892553087999,
        "support": 21441.0
    },
    "Accuracy": 0.8177323818851733,
    "F1 - Avg. Macro": 0.5023248913139801,
    "F1 - Positives": 0.10612991765782251
}