{
    "Not Affected": {
        "precision": 0.9702233250620348,
        "recall": 0.9437605599806903,
        "f1-score": 0.956809005261226,
        "support": 20715.0
    },
    "Affected": {
        "precision": 0.09759876065065841,
        "recall": 0.17355371900826447,
        "f1-score": 0.1249380267724343,
        "support": 726.0
    },
    "accuracy": 0.9176810783079148,
    "macro avg": {
        "precision": 0.5339110428563466,
        "recall": 0.5586571394944774,
        "f1-score": 0.5408735160168302,
        "support": 21441.0
    },
    "weighted avg": {
        "precision": 0.9406759423017784,
        "recall": 0.9176810783079148,
        "f1-score": 0.9286415536319708,
        "support": 21441.0
    },
    "Accuracy": 0.9176810783079148,
    "F1 - Avg. Macro": 0.5408735160168302,
    "F1 - Positives": 0.1249380267724343
}