{
    "Not Affected": {
        "precision": 0.9686359601538613,
        "recall": 0.9482017861453054,
        "f1-score": 0.9583099553582319,
        "support": 20715.0
    },
    "Affected": {
        "precision": 0.07738607050730868,
        "recall": 0.12396694214876033,
        "f1-score": 0.09528851244044469,
        "support": 726.0
    },
    "accuracy": 0.9202928967865305,
    "macro avg": {
        "precision": 0.523011015330585,
        "recall": 0.5360843641470329,
        "f1-score": 0.5267992338993384,
        "support": 21441.0
    },
    "weighted avg": {
        "precision": 0.9384579171575739,
        "recall": 0.9202928967865305,
        "f1-score": 0.9290877377583853,
        "support": 21441.0
    },
    "Accuracy": 0.9202928967865305,
    "F1 - Avg. Macro": 0.5267992338993384,
    "F1 - Positives": 0.09528851244044469
}