{
    "0": {
        "precision": 0.7666666666666667,
        "recall": 0.45098039215686275,
        "f1-score": 0.5679012345679012,
        "support": 51.0
    },
    "1": {
        "precision": 0.8634146341463415,
        "recall": 0.9619565217391305,
        "f1-score": 0.910025706940874,
        "support": 184.0
    },
    "accuracy": 0.851063829787234,
    "macro avg": {
        "precision": 0.8150406504065041,
        "recall": 0.7064684569479966,
        "f1-score": 0.7389634707543876,
        "support": 235.0
    },
    "weighted avg": {
        "precision": 0.8424182667358588,
        "recall": 0.851063829787234,
        "f1-score": 0.8357774171918458,
        "support": 235.0
    },
    "Accuracy": 0.851063829787234,
    "F1 - Avg. Macro": 0.7389634707543876,
    "F1 - Positives": 0.910025706940874
}