{
    "Not Affected": {
        "precision": 0.9707872996914502,
        "recall": 0.9416847694907072,
        "f1-score": 0.9560146046215295,
        "support": 20715.0
    },
    "Affected": {
        "precision": 0.10319227913882702,
        "recall": 0.19146005509641872,
        "f1-score": 0.13410516160154365,
        "support": 726.0
    },
    "accuracy": 0.9162818898372277,
    "macro avg": {
        "precision": 0.5369897894151386,
        "recall": 0.5665724122935629,
        "f1-score": 0.5450598831115366,
        "support": 21441.0
    },
    "weighted avg": {
        "precision": 0.9414102191018692,
        "recall": 0.9162818898372277,
        "f1-score": 0.9281844541792689,
        "support": 21441.0
    },
    "Accuracy": 0.9162818898372277,
    "F1 - Avg. Macro": 0.5450598831115366,
    "F1 - Positives": 0.13410516160154365
}