{
    "Not Affected": {
        "precision": 0.9712211427974512,
        "recall": 0.8976587014240889,
        "f1-score": 0.9329921477133037,
        "support": 20715.0
    },
    "Affected": {
        "precision": 0.07625272331154684,
        "recall": 0.24104683195592286,
        "f1-score": 0.11585567692816948,
        "support": 726.0
    },
    "accuracy": 0.8754255864931673,
    "macro avg": {
        "precision": 0.523736933054499,
        "recall": 0.5693527666900059,
        "f1-score": 0.5244239123207366,
        "support": 21441.0
    },
    "weighted avg": {
        "precision": 0.9409171890384491,
        "recall": 0.8754255864931673,
        "f1-score": 0.9053236118339134,
        "support": 21441.0
    },
    "Accuracy": 0.8754255864931673,
    "F1 - Avg. Macro": 0.5244239123207366,
    "F1 - Positives": 0.11585567692816948
}