{
    "Not Affected": {
        "precision": 0.660377358490566,
        "recall": 0.6862745098039216,
        "f1-score": 0.6730769230769231,
        "support": 51.0
    },
    "Affected": {
        "precision": 0.9120879120879121,
        "recall": 0.9021739130434783,
        "f1-score": 0.907103825136612,
        "support": 184.0
    },
    "accuracy": 0.8553191489361702,
    "macro avg": {
        "precision": 0.786232635289239,
        "recall": 0.7942242114236999,
        "f1-score": 0.7900903741067675,
        "support": 235.0
    },
    "weighted avg": {
        "precision": 0.8574613664135945,
        "recall": 0.8553191489361702,
        "f1-score": 0.856315008093871,
        "support": 235.0
    },
    "Accuracy": 0.8553191489361702,
    "F1 - Avg. Macro": 0.7900903741067675,
    "F1 - Positives": 0.907103825136612
}