{
    "Not Affected": {
        "precision": 0.19047619047619047,
        "recall": 0.47058823529411764,
        "f1-score": 0.2711864406779661,
        "support": 51.0
    },
    "Affected": {
        "precision": 0.7522935779816514,
        "recall": 0.44565217391304346,
        "f1-score": 0.5597269624573379,
        "support": 184.0
    },
    "accuracy": 0.451063829787234,
    "macro avg": {
        "precision": 0.47138488422892094,
        "recall": 0.45812020460358055,
        "f1-score": 0.415456701567652,
        "support": 235.0
    },
    "weighted avg": {
        "precision": 0.6303672513315302,
        "recall": 0.451063829787234,
        "f1-score": 0.4971075300711764,
        "support": 235.0
    },
    "Accuracy": 0.451063829787234,
    "F1 - Avg. Macro": 0.415456701567652,
    "F1 - Positives": 0.5597269624573379
}