{
    "Not Affected": {
        "precision": 0.9740078256008944,
        "recall": 0.8411778904175718,
        "f1-score": 0.9027328066312654,
        "support": 20715.0
    },
    "Affected": {
        "precision": 0.07350042241622079,
        "recall": 0.359504132231405,
        "f1-score": 0.12204816460135609,
        "support": 726.0
    },
    "accuracy": 0.824868243085677,
    "macro avg": {
        "precision": 0.5237541240085576,
        "recall": 0.6003410113244885,
        "f1-score": 0.5123904856163107,
        "support": 21441.0
    },
    "weighted avg": {
        "precision": 0.9435163198543306,
        "recall": 0.824868243085677,
        "f1-score": 0.8762985428322955,
        "support": 21441.0
    },
    "Accuracy": 0.824868243085677,
    "F1 - Avg. Macro": 0.5123904856163107,
    "F1 - Positives": 0.12204816460135609
}