{
    "Not Affected": {
        "precision": 0.9722616143853877,
        "recall": 0.8274197441467536,
        "f1-score": 0.8940121009805967,
        "support": 20715.0
    },
    "Affected": {
        "precision": 0.06217208814270724,
        "recall": 0.32644628099173556,
        "f1-score": 0.10445130013221683,
        "support": 726.0
    },
    "accuracy": 0.8104566018376008,
    "macro avg": {
        "precision": 0.5172168512640475,
        "recall": 0.5769330125692446,
        "f1-score": 0.49923170055640675,
        "support": 21441.0
    },
    "weighted avg": {
        "precision": 0.9414456544930233,
        "recall": 0.8104566018376008,
        "f1-score": 0.8672772872398231,
        "support": 21441.0
    },
    "Accuracy": 0.8104566018376008,
    "F1 - Avg. Macro": 0.49923170055640675,
    "F1 - Positives": 0.10445130013221683
}