{
    "Not Affected": {
        "precision": 0.9688104448742747,
        "recall": 0.9671735457398021,
        "f1-score": 0.9679913032974997,
        "support": 20715.0
    },
    "Affected": {
        "precision": 0.10643889618922471,
        "recall": 0.1115702479338843,
        "f1-score": 0.1089441829186281,
        "support": 726.0
    },
    "accuracy": 0.9382025092113241,
    "macro avg": {
        "precision": 0.5376246705317497,
        "recall": 0.5393718968368432,
        "f1-score": 0.5384677431080639,
        "support": 21441.0
    },
    "weighted avg": {
        "precision": 0.9396102329277543,
        "recall": 0.9382025092113241,
        "f1-score": 0.9389036576935138,
        "support": 21441.0
    },
    "Accuracy": 0.9382025092113241,
    "F1 - Avg. Macro": 0.5384677431080639,
    "F1 - Positives": 0.1089441829186281
}