{
    "Not Affected": {
        "precision": 0.9711243088265411,
        "recall": 0.9156649770697562,
        "f1-score": 0.9425795711481602,
        "support": 20715.0
    },
    "Affected": {
        "precision": 0.08486118386589837,
        "recall": 0.2231404958677686,
        "f1-score": 0.12296015180265654,
        "support": 726.0
    },
    "accuracy": 0.8922158481414113,
    "macro avg": {
        "precision": 0.5279927463462197,
        "recall": 0.5694027364687624,
        "f1-score": 0.5327698614754084,
        "support": 21441.0
    },
    "weighted avg": {
        "precision": 0.9411151194826941,
        "recall": 0.8922158481414113,
        "f1-score": 0.9148269617341945,
        "support": 21441.0
    },
    "Accuracy": 0.8922158481414113,
    "F1 - Avg. Macro": 0.5327698614754084,
    "F1 - Positives": 0.12296015180265654
}