{
    "Not Affected": {
        "precision": 0.9704159634666931,
        "recall": 0.9437605599806903,
        "f1-score": 0.9569026700276547,
        "support": 20715.0
    },
    "Affected": {
        "precision": 0.10038610038610038,
        "recall": 0.1790633608815427,
        "f1-score": 0.12864918357248886,
        "support": 726.0
    },
    "accuracy": 0.917867636770673,
    "macro avg": {
        "precision": 0.5354010319263968,
        "recall": 0.5614119604311165,
        "f1-score": 0.5427759268000718,
        "support": 21441.0
    },
    "weighted avg": {
        "precision": 0.94095643823016,
        "recall": 0.917867636770673,
        "f1-score": 0.9288577079845387,
        "support": 21441.0
    },
    "Accuracy": 0.917867636770673,
    "F1 - Avg. Macro": 0.5427759268000718,
    "F1 - Positives": 0.12864918357248886
}