{
    "Not Affected": {
        "precision": 0.971372591705671,
        "recall": 0.8615978759353126,
        "f1-score": 0.9131980864181739,
        "support": 20715.0
    },
    "Affected": {
        "precision": 0.06521030322791001,
        "recall": 0.27548209366391185,
        "f1-score": 0.10545742156604271,
        "support": 726.0
    },
    "accuracy": 0.8417517839653001,
    "macro avg": {
        "precision": 0.5182914474667906,
        "recall": 0.5685399847996122,
        "f1-score": 0.5093277539921083,
        "support": 21441.0
    },
    "weighted avg": {
        "precision": 0.9406896095017228,
        "recall": 0.8417517839653001,
        "f1-score": 0.8858476959194731,
        "support": 21441.0
    },
    "Accuracy": 0.8417517839653001,
    "F1 - Avg. Macro": 0.5093277539921083,
    "F1 - Positives": 0.10545742156604271
}