{
    "Not Affected": {
        "precision": 0.9724903474903475,
        "recall": 0.7781800627564567,
        "f1-score": 0.8645517685232361,
        "support": 20715.0
    },
    "Affected": {
        "precision": 0.05549845837615622,
        "recall": 0.371900826446281,
        "f1-score": 0.09658379538544089,
        "support": 726.0
    },
    "accuracy": 0.7644233011519985,
    "macro avg": {
        "precision": 0.5139944029332518,
        "recall": 0.5750404446013688,
        "f1-score": 0.4805677819543385,
        "support": 21441.0
    },
    "weighted avg": {
        "precision": 0.9414406710994654,
        "recall": 0.7644233011519985,
        "f1-score": 0.8385480957235514,
        "support": 21441.0
    },
    "Accuracy": 0.7644233011519985,
    "F1 - Avg. Macro": 0.4805677819543385,
    "F1 - Positives": 0.09658379538544089
}