{
    "Not Affected": {
        "precision": 0.8205128205128205,
        "recall": 0.6274509803921569,
        "f1-score": 0.7111111111111111,
        "support": 51.0
    },
    "Affected": {
        "precision": 0.9030612244897959,
        "recall": 0.9619565217391305,
        "f1-score": 0.9315789473684211,
        "support": 184.0
    },
    "accuracy": 0.8893617021276595,
    "macro avg": {
        "precision": 0.8617870225013082,
        "recall": 0.7947037510656436,
        "f1-score": 0.8213450292397662,
        "support": 235.0
    },
    "weighted avg": {
        "precision": 0.8851464644777715,
        "recall": 0.8893617021276595,
        "f1-score": 0.8837327360955579,
        "support": 235.0
    },
    "Accuracy": 0.8893617021276595,
    "F1 - Avg. Macro": 0.8213450292397662,
    "F1 - Positives": 0.9315789473684211
}