{
    "Not Affected": {
        "precision": 0.9712921552036746,
        "recall": 0.7758146270818248,
        "f1-score": 0.8626177504629505,
        "support": 20715.0
    },
    "Affected": {
        "precision": 0.051276813074565886,
        "recall": 0.34573002754820936,
        "f1-score": 0.08930795232165095,
        "support": 726.0
    },
    "accuracy": 0.761251807285108,
    "macro avg": {
        "precision": 0.5112844841391202,
        "recall": 0.5607723273150171,
        "f1-score": 0.47596285139230077,
        "support": 21441.0
    },
    "weighted avg": {
        "precision": 0.9401401036022692,
        "recall": 0.761251807285108,
        "f1-score": 0.8364332015402984,
        "support": 21441.0
    },
    "Accuracy": 0.761251807285108,
    "F1 - Avg. Macro": 0.47596285139230077,
    "F1 - Positives": 0.08930795232165095
}