{
    "Not Affected": {
        "precision": 0.9729650480882008,
        "recall": 0.8009172097513879,
        "f1-score": 0.8785977175841343,
        "support": 20715.0
    },
    "Affected": {
        "precision": 0.060378218272955114,
        "recall": 0.3650137741046832,
        "f1-score": 0.10361681329423265,
        "support": 726.0
    },
    "accuracy": 0.7861573620633366,
    "macro avg": {
        "precision": 0.516671633180578,
        "recall": 0.5829654919280356,
        "f1-score": 0.4911072654391835,
        "support": 21441.0
    },
    "weighted avg": {
        "precision": 0.942064528595366,
        "recall": 0.7861573620633366,
        "f1-score": 0.8523565844040368,
        "support": 21441.0
    },
    "Accuracy": 0.7861573620633366,
    "F1 - Avg. Macro": 0.4911072654391835,
    "F1 - Positives": 0.10361681329423265
}