{
    "Not Affected": {
        "precision": 0.23577235772357724,
        "recall": 0.5686274509803921,
        "f1-score": 0.3333333333333333,
        "support": 51.0
    },
    "Affected": {
        "precision": 0.8035714285714286,
        "recall": 0.4891304347826087,
        "f1-score": 0.6081081081081081,
        "support": 184.0
    },
    "accuracy": 0.5063829787234042,
    "macro avg": {
        "precision": 0.519671893147503,
        "recall": 0.5288789428815004,
        "f1-score": 0.4707207207207207,
        "support": 235.0
    },
    "weighted avg": {
        "precision": 0.6803469493661503,
        "recall": 0.5063829787234042,
        "f1-score": 0.5484761357101782,
        "support": 235.0
    },
    "Accuracy": 0.5063829787234042,
    "F1 - Avg. Macro": 0.4707207207207207,
    "F1 - Positives": 0.6081081081081081
}