{
    "Not Affected": {
        "precision": 0.9725135049253257,
        "recall": 0.8864590876176683,
        "f1-score": 0.9274945071596333,
        "support": 20715.0
    },
    "Affected": {
        "precision": 0.08089097303634232,
        "recall": 0.28512396694214875,
        "f1-score": 0.12602739726027398,
        "support": 726.0
    },
    "accuracy": 0.866097663355254,
    "macro avg": {
        "precision": 0.526702238980834,
        "recall": 0.5857915272799086,
        "f1-score": 0.5267609522099537,
        "support": 21441.0
    },
    "weighted avg": {
        "precision": 0.9423228441281893,
        "recall": 0.866097663355254,
        "f1-score": 0.9003565414963278,
        "support": 21441.0
    },
    "Accuracy": 0.866097663355254,
    "F1 - Avg. Macro": 0.5267609522099537,
    "F1 - Positives": 0.12602739726027398
}